TransactionID,CustomerID,Product,Price,Quantity,PaymentType,City,Country,TransactionDate,DiscountApplied,Rating,Browser,SessionDuration,CouponCode,ReturnStatus,Warehouse,ReviewText,Category_Electronics,Category_Fashion,Device_Mobile,Device_Tablet,ShippingType_Standard,TotalSpend,Engagement,AvgSpend,SpendPerTime,Cluster
735,1288,Dress,59580,2,3,Hyderabad,India,,Yes,2.9258962273160525,0,179,OFF20,,WH1,Good,True,False,True,False,False,119160,523.7354246895734,39720.0,662.0,0
3568,1600,Headphones,73051,3,3,Hyderabad,India,2023-04-05,N,2.3752022870710627,2,383,OFF20,Returned,WH1,Good,True,False,False,True,True,219153,909.702475948217,54788.25,570.7109375,0
2647,1750,Laptop,41671,1,1,Hyderabad,IND,2023-04-05,No,4.847436823818574,2,257,YIrSES,Not Returned,WH2,Good,False,True,False,True,False,41671,1245.7912637213735,20835.5,161.515503875969,0
3636,1744,Mobile,77354,3,1,Hyderabad,IND,2023-04-05,No,1.3045748466354865,2,373,YIrSES,Not Returned,WH2,Bad,False,True,True,False,True,232062,486.60641779503646,58015.5,620.4866310160428,0
2323,1246,Dress,13351,1,1,Delhi,IN,,No,4.199372039926931,1,298,OFF20,Not Returned,WH2,Bad,False,False,True,False,True,13351,1251.4128678982256,6675.5,44.65217391304348,0
2542,1306,Dress,18122,3,0,Hyderabad,India,,Y,4.80189504987594,1,404,OFF20,Not Returned,WH3,Bad,True,False,False,False,True,54366,1939.9656001498797,13591.5,134.23703703703703,0
4791,1080,Dress,50397,1,2,Hyderabad,India,,N,4.007174366065654,2,494,OFF20,Not Returned,WH3,Good,True,False,False,False,True,50397,1979.5441368364332,25198.5,101.81212121212121,0
1634,1980,Headphones,94710,1,2,Hyderabad,India,,No,3.2933200523762705,2,349,OFF20,Not Returned,WH1,Good,True,False,False,False,False,94710,1149.3686982793183,47355.0,270.6,0
1573,1057,Headphones,92212,3,2,Hyderabad,India,2023-04-05,Y,2.7581519257939795,2,499,OFF20,Returned,WH2,Good,False,False,False,False,True,276636,1376.3178109711957,69159.0,553.272,0
4215,1814,Dress,64221,3,2,Delhi,India,2023-04-05,No,4.999242419025714,1,99,OFF20,Returned,WH3,Average,False,False,False,False,True,192663,494.9249994835457,48165.75,1926.63,0
3130,1437,Laptop,43766,3,2,Delhi,India,,Y,3.2410118421072247,1,230,YIrSES,Returned,WH3,Good,False,True,False,False,True,131298,745.4327236846617,32824.5,568.3896103896104,0
4210,1913,Laptop,67793,2,2,Chennai,India,2023-04-05,Yes,4.455871234513988,2,76,SAVE10,Returned,WH2,Good,True,False,True,False,False,135586,338.6462138230631,45195.333333333336,1760.857142857143,0
1202,1382,Dress,74883,1,0,Delhi,India,2023-04-05,No,1.4042846168735834,2,297,OFF20,Not Returned,WH1,Bad,True,False,False,True,True,74883,417.07253121145425,37441.5,251.28523489932886,0
2642,1911,Laptop,73286,1,2,Hyderabad,IN,,N,4.882793799921704,0,186,SAVE10,Not Returned,WH2,Good,True,False,True,False,True,73286,908.199646785437,36643.0,391.903743315508,0
1045,1681,Shoes,78721,2,3,Hyderabad,IN,2023-04-05,Y,3.5201294640033525,1,287,YIrSES,Not Returned,WH2,Average,True,False,False,True,False,157442,1010.2771561689622,52480.666666666664,546.6736111111111,0
4135,1872,Headphones,94213,1,2,Hyderabad,IND,,Y,3.4446822067046106,0,196,YIrSES,Returned,WH2,Average,False,True,False,True,False,94213,675.1577125141037,47106.5,478.23857868020303,0
3856,1323,Mobile,40526,4,2,Delhi,IN,,N,2.6013974588217152,2,449,YIrSES,Returned,WH3,Average,False,True,False,True,False,162104,1168.0274590109502,32420.8,360.2311111111111,0
1025,1975,Headphones,86960,3,0,Mumbai,IND,2023-04-05,No,1.547089717574937,1,400,YIrSES,Returned,WH2,Average,False,False,False,True,False,260880,618.8358870299747,65220.0,650.573566084788,0
985,1505,Dress,38359,1,3,Mumbai,IND,2023-04-05,No,2.216770515832263,1,268,SAVE10,Returned,WH1,Good,False,True,False,True,True,38359,594.0944982430465,19179.5,142.59851301115242,0
3343,1031,Dress,95612,2,2,Hyderabad,IND,2023-04-05,Y,2.034077176006158,1,292,SAVE10,Returned,WH2,Good,False,True,False,False,True,191224,593.9505353937982,63741.333333333336,652.641638225256,0
3016,1265,Dress,19215,3,2,Mumbai,IN,,No,3.360738013799217,1,271,SAVE10,Returned,WH1,Bad,True,False,True,False,True,57645,910.7600017395878,14411.25,211.93014705882354,0
2475,1264,Laptop,97420,4,0,Hyderabad,IN,,Yes,3.838794278918788,2,167,OFF20,Returned,WH1,Average,True,False,True,False,False,389680,641.0786445794377,77936.0,2319.5238095238096,0
138,1401,Laptop,66273,4,0,Delhi,IN,2023-04-05,Yes,2.484956029325625,0,183,OFF20,Not Returned,WH2,Bad,False,True,False,False,True,265092,454.74695336658937,53018.4,1440.7173913043478,0
4175,1497,Mobile,76114,2,3,Hyderabad,IN,2023-04-05,Yes,2.2540133091367105,0,180,YIrSES,Not Returned,WH2,Average,True,False,True,False,False,152228,405.7223956446079,50742.666666666664,841.0386740331492,0
685,1484,Shoes,42467,2,3,Delhi,IN,,Yes,1.7763439867179538,0,93,YIrSES,Returned,WH3,Average,False,False,False,True,False,84934,165.1999907647697,28311.333333333332,903.5531914893617,0
959,1358,Shoes,25368,3,1,Hyderabad,IND,2023-04-05,Yes,4.612389621195739,0,188,YIrSES,Not Returned,WH3,Bad,False,False,True,False,True,76104,867.1292487847988,19026.0,402.6666666666667,0
2715,1285,Dress,52603,2,3,Chennai,IND,2023-04-05,Yes,4.089099111220252,0,6,YIrSES,Not Returned,WH3,Bad,False,True,True,False,False,105206,24.53459466732151,35068.666666666664,15029.42857142857,-1
603,1745,Shoes,6142,3,1,Chennai,IN,2023-04-05,Y,1.2938930264943895,2,404,YIrSES,Not Returned,WH1,Bad,False,True,False,False,False,18426,522.7327827037334,4606.5,45.49629629629629,0
3685,1650,Shoes,38037,3,1,Chennai,IND,,Y,4.70940075390897,2,171,SAVE10,Returned,WH2,Average,True,False,False,False,True,114111,805.307528918434,28527.75,663.4360465116279,0
3609,1211,Laptop,12017,4,3,Chennai,IN,,Yes,4.887797141684029,1,174,YIrSES,Returned,WH1,Average,False,False,False,False,True,48068,850.476702653021,9613.6,274.6742857142857,0
2680,1023,Mobile,84846,4,3,Delhi,IN,,Y,2.377230688581109,2,201,SAVE10,Returned,WH1,Bad,False,False,False,True,True,339384,477.8233684048029,67876.8,1680.118811881188,0
3967,1219,Mobile,65093,4,3,Mumbai,IN,2023-04-05,No,4.641695616927413,1,114,SAVE10,Not Returned,WH1,Good,False,False,True,False,True,260372,529.1533003297251,52074.4,2264.104347826087,0
3492,1374,Mobile,36296,4,3,Chennai,IN,,Yes,4.344116503532689,1,370,YIrSES,Returned,WH1,Good,False,False,False,True,True,145184,1607.3231063070948,29036.8,391.33153638814014,0
1501,1020,Mobile,2354,2,3,Hyderabad,IN,,No,3.5981482192979675,1,55,OFF20,Not Returned,WH3,Average,False,False,False,True,True,4708,197.8981520613882,1569.3333333333333,84.07142857142857,0
358,1629,Shoes,30917,3,2,Hyderabad,IN,,No,4.230589070811119,2,319,OFF20,Not Returned,WH3,Bad,False,False,True,False,True,92751,1349.557913588747,23187.75,289.846875,0
3376,1639,Dress,2312,4,0,Hyderabad,IN,,Y,3.1783741634958327,0,47,YIrSES,Returned,WH1,Average,False,True,False,True,True,9248,149.38358568430414,1849.6,192.66666666666666,0
1618,1642,Mobile,62085,3,1,Hyderabad,IN,,Y,1.8181494287638535,0,293,YIrSES,Returned,WH2,Bad,False,True,True,False,False,186255,532.7177826278091,46563.75,633.5204081632653,0
323,1867,Dress,84561,1,2,Chennai,IND,,Yes,3.516167718285211,1,11,YIrSES,Returned,WH2,Bad,False,True,True,False,False,84561,38.67784490113732,42280.5,7046.75,0
3573,1919,Shoes,22452,1,2,Chennai,IND,,N,4.107637164286671,1,9,YIrSES,Returned,WH2,Bad,False,True,True,False,False,22452,36.96873447858004,11226.0,2245.2,0
3253,1582,Mobile,96556,2,1,Chennai,IND,,N,4.572305852606651,1,360,YIrSES,Returned,WH3,Average,False,True,True,False,False,193112,1646.0301069383945,64370.666666666664,534.9362880886426,0
370,1747,Headphones,7909,4,1,Hyderabad,IND,,No,4.516436774079025,2,258,YIrSES,Not Returned,WH3,Average,False,True,True,False,False,31636,1165.2406877123885,6327.2,122.14671814671814,0
2465,1254,Laptop,8222,1,1,Delhi,IN,,Yes,3.3978888778752885,2,173,OFF20,Not Returned,WH1,Average,False,True,True,False,True,8222,587.8347758724249,4111.0,47.252873563218394,0
1388,1621,Headphones,11020,3,2,Mumbai,IN,2023-04-05,Y,2.404900943275653,2,265,YIrSES,Returned,WH1,Good,True,False,False,False,True,33060,637.2987499680481,8265.0,124.28571428571429,0
1844,1307,Mobile,50681,4,0,Hyderabad,India,2023-04-05,Y,1.0056214440435802,2,293,YIrSES,Returned,WH1,Good,False,True,False,True,False,202724,294.647083104769,40544.8,689.5374149659864,0
33,1823,Shoes,42289,3,2,Hyderabad,India,,No,1.9157754041881447,1,81,YIrSES,Returned,WH1,Bad,True,False,False,True,True,126867,155.1778077392397,31716.75,1547.158536585366,0
4014,1612,Shoes,907,1,3,Hyderabad,India,2023-04-05,Y,4.490252917477664,1,392,OFF20,Not Returned,WH2,Average,True,False,True,False,True,907,1760.1791436512444,453.5,2.3078880407124682,0
1619,1178,Mobile,21694,1,3,Delhi,IND,,Y,4.390320592378605,1,376,SAVE10,Not Returned,WH2,Good,True,False,False,False,True,21694,1650.7605427343553,10847.0,57.54376657824934,0
2325,1034,Headphones,74680,3,3,Chennai,IN,2023-04-05,Y,2.29564792924728,1,446,SAVE10,Returned,WH2,Good,False,False,False,False,False,224040,1023.8589764442868,56010.0,501.20805369127515,0
2128,1955,Dress,63698,2,2,Hyderabad,IN,2023-04-05,No,1.4810367971009968,2,73,SAVE10,Not Returned,WH3,Good,False,True,False,False,False,127396,108.11568618837276,42465.333333333336,1721.5675675675675,0
1292,1754,Shoes,45690,4,0,Chennai,IN,,Yes,3.059768480730502,2,333,OFF20,Not Returned,WH2,Average,True,False,False,False,False,182760,1018.9029040832572,36552.0,547.185628742515,0
3662,1488,Shoes,14833,1,0,Chennai,IND,,Yes,3.77914028646783,2,295,OFF20,Not Returned,WH2,Bad,False,True,False,False,False,14833,1114.8463845080098,7416.5,50.111486486486484,0
3387,1607,Shoes,27254,3,3,Chennai,IN,2023-04-05,Y,3.756246321812663,2,99,OFF20,Returned,WH2,Bad,True,False,False,False,True,81762,371.86838585945367,20440.5,817.62,0
4437,1130,Headphones,20245,4,1,Chennai,India,2023-04-05,Y,4.056243058426585,1,326,SAVE10,Not Returned,WH1,Bad,True,False,False,False,False,80980,1322.3352370470666,16196.0,247.6452599388379,0
641,1038,Headphones,76214,4,1,Delhi,India,2023-04-05,Y,3.746731644686976,2,53,SAVE10,Not Returned,WH3,Bad,False,False,False,False,False,304856,198.5767771684097,60971.2,5645.481481481482,0
1438,1592,Headphones,85108,4,0,Hyderabad,IND,2023-04-05,N,2.3876381701514786,2,306,SAVE10,Returned,WH3,Good,False,False,True,False,True,340432,730.6172800663525,68086.4,1108.8990228013029,0
3975,1074,Dress,10139,3,2,Hyderabad,IN,,Yes,1.0121719090375567,2,162,SAVE10,Returned,WH3,Good,True,False,False,False,False,30417,163.9718492640842,7604.25,186.6073619631902,0
1907,1592,Headphones,25829,3,3,Delhi,IN,,N,1.9013394467060345,2,412,SAVE10,Returned,WH3,Average,True,False,False,True,False,77487,783.3518520428862,19371.75,187.61985472154964,0
625,1264,Headphones,16581,4,1,Mumbai,IN,,Y,4.698690449448275,2,133,YIrSES,Returned,WH3,Average,False,True,False,True,False,66324,624.9258297766206,13264.8,494.95522388059703,0
2460,1331,Shoes,33294,3,1,Mumbai,IN,2023-04-05,No,4.232720732399233,1,136,YIrSES,Not Returned,WH1,Bad,False,True,False,True,True,99882,575.6500196062957,24970.5,729.0656934306569,0
2639,1552,Laptop,28382,4,1,Mumbai,IND,2023-04-05,No,3.864381983514272,2,208,YIrSES,Not Returned,WH1,Bad,False,True,False,True,True,113528,803.7914525709685,22705.6,543.1961722488038,0
1514,1684,Headphones,70714,1,3,Hyderabad,IN,2023-04-05,No,4.590884633786256,2,432,YIrSES,Returned,WH2,Bad,False,True,False,True,False,70714,1983.2621617956627,35357.0,163.31177829099306,0
3500,1751,Headphones,80214,3,2,Mumbai,IN,2023-04-05,No,3.64501838793127,2,123,OFF20,Returned,WH2,Average,True,False,False,False,True,240642,448.3372617155462,60160.5,1940.6612903225807,0
1802,1037,Shoes,82646,4,2,Mumbai,IN,,No,1.047134932299016,1,140,YIrSES,Returned,WH2,Average,True,False,True,False,True,330584,146.59889052186224,66116.8,2344.567375886525,0
3263,1710,Dress,93868,4,1,Mumbai,India,,Y,3.984219438788741,1,287,YIrSES,Not Returned,WH2,Good,True,False,False,False,True,375472,1143.4709789323686,75094.4,1303.7222222222222,0
4295,1652,Dress,43213,2,3,Hyderabad,IND,,N,4.313456896122078,1,269,OFF20,Returned,WH2,Good,True,False,False,False,True,86426,1160.3199050568392,28808.666666666668,320.0962962962963,0
1594,1081,Dress,23406,2,3,Hyderabad,India,,Y,4.651710279658119,1,80,OFF20,Returned,WH3,Average,False,False,False,False,False,46812,372.13682237264953,15604.0,577.925925925926,0
544,1398,Mobile,16900,3,2,Chennai,India,,No,3.02044660953816,0,18,YIrSES,Not Returned,WH3,Bad,True,False,False,False,True,50700,54.368038971686886,12675.0,2668.4210526315787,0
4515,1391,Mobile,84129,3,3,Hyderabad,India,,Yes,3.996615660758715,1,23,OFF20,Not Returned,WH1,Bad,True,False,True,False,True,252387,91.92216019745045,63096.75,10516.125,0
3767,1777,Laptop,5547,3,3,Mumbai,India,,Yes,2.260387145268621,1,434,YIrSES,Returned,WH1,Good,False,True,False,True,True,16641,981.0080210465815,4160.25,38.255172413793105,0
663,1023,Dress,91108,1,3,Mumbai,India,,Y,2.0160183154693305,1,324,YIrSES,Not Returned,WH1,Good,False,False,False,False,True,91108,653.1899342120631,45554.0,280.33230769230767,0
4236,1881,Shoes,57997,1,3,Mumbai,India,2023-04-05,No,4.301071971348708,1,261,YIrSES,Returned,WH2,Good,False,False,True,False,True,57997,1122.5797845220127,28998.5,221.36259541984734,0
3852,1089,Shoes,85310,1,3,Hyderabad,IN,2023-04-05,Yes,2.738703539545744,1,98,OFF20,Not Returned,WH2,Good,False,False,False,True,True,85310,268.39294687548295,42655.0,861.7171717171717,0
3928,1390,Dress,47134,3,3,Delhi,IN,,Y,3.9241180973042247,2,142,OFF20,Not Returned,WH3,Bad,False,False,False,True,True,141402,557.2247698171999,35350.5,988.8251748251748,0
2716,1780,Laptop,53212,3,2,Mumbai,IN,2023-04-05,N,3.35428110740431,2,79,YIrSES,Not Returned,WH3,Good,False,True,False,True,False,159636,264.9882074849405,39909.0,1995.45,0
3091,1318,Shoes,20944,1,0,Mumbai,IN,2023-04-05,N,1.2233410411218015,2,339,SAVE10,Not Returned,WH1,Good,False,True,False,True,False,20944,414.71261294029074,10472.0,61.6,0
1892,1052,Shoes,1528,4,0,Delhi,India,2023-04-05,Yes,3.937003799758189,2,495,YIrSES,Not Returned,WH1,Average,False,True,False,True,False,6112,1948.8168808803034,1222.4,12.32258064516129,0
3763,1327,Dress,87826,3,1,Delhi,India,,No,3.101354462484482,0,72,YIrSES,Not Returned,WH3,Good,False,True,False,True,True,263478,223.2975212988827,65869.5,3609.2876712328766,0
2200,1472,Dress,33016,3,0,Hyderabad,IND,2023-04-05,No,2.889322579710277,1,27,YIrSES,Not Returned,WH1,Bad,False,True,False,True,True,99048,78.01170965217749,24762.0,3537.4285714285716,0
1371,1497,Shoes,22666,1,1,Delhi,IN,2023-04-05,No,2.9342767800455603,1,204,YIrSES,Not Returned,WH1,Average,True,False,True,False,False,22666,598.5924631292943,11333.0,110.56585365853658,0
4686,1818,Dress,29969,4,0,Delhi,India,,Yes,2.9957328091414657,2,492,OFF20,Returned,WH3,Average,True,False,False,True,False,119876,1473.9005420976011,23975.2,243.15618661257608,0
2188,1003,Headphones,9256,4,2,Chennai,India,,N,4.690995648634756,2,207,OFF20,Returned,WH1,Bad,False,False,False,True,True,37024,971.0360992673944,7404.8,178.0,0
2234,1652,Dress,21827,3,0,Hyderabad,India,,N,2.5364154283412663,2,264,SAVE10,Not Returned,WH3,Bad,True,False,True,False,True,65481,669.6136730820944,16370.25,247.09811320754716,0
1133,1368,Shoes,95104,3,0,Delhi,IN,,Yes,1.5380106854904856,1,323,YIrSES,Not Returned,WH2,Bad,True,False,False,True,False,285312,496.77745141342683,71328.0,880.5925925925926,0
2448,1344,Laptop,94512,4,2,Delhi,IN,2023-04-05,No,3.323476877416641,1,228,YIrSES,Returned,WH3,Good,False,False,True,False,False,378048,757.7527280509942,75609.6,1650.8646288209607,0
2957,1400,Mobile,32045,2,2,Delhi,IND,2023-04-05,Yes,1.8341109369347728,0,80,YIrSES,Returned,WH1,Good,False,False,False,False,False,64090,146.72887495478182,21363.333333333332,791.2345679012345,0
4654,1971,Dress,94352,1,2,Delhi,IND,2023-04-05,Y,2.502104930528703,0,479,OFF20,Returned,WH1,Good,False,False,False,False,False,94352,1198.5082617232488,47176.0,196.56666666666666,0
3980,1209,Dress,51197,2,3,Delhi,IND,2023-04-05,N,4.555616774189733,1,444,OFF20,Not Returned,WH3,Good,True,False,False,True,False,102394,2022.6938477402416,34131.333333333336,230.09887640449438,0
4543,1232,Mobile,65813,4,3,Mumbai,IN,,N,1.5016671096404104,1,478,YIrSES,Returned,WH3,Good,True,False,False,True,True,263252,717.7968784081162,52650.4,549.5866388308978,0
676,1450,Dress,32203,4,1,Chennai,IN,,No,4.279892983371429,1,295,YIrSES,Not Returned,WH2,Average,True,False,False,False,True,128812,1262.5684300945716,25762.4,435.1756756756757,0
1873,1121,Dress,58689,4,2,Delhi,India,,N,1.609450972747056,1,202,YIrSES,Not Returned,WH2,Good,True,False,True,False,False,234756,325.1090964949053,46951.2,1156.4334975369459,0
4303,1101,Laptop,51872,2,2,Chennai,India,,No,3.441120460669554,0,173,SAVE10,Not Returned,WH2,Good,True,False,True,False,False,103744,595.3138396958328,34581.333333333336,596.2298850574713,0
1915,1998,Headphones,18165,4,1,Mumbai,IN,,No,3.7446435895780463,0,385,OFF20,Returned,WH3,Good,True,False,True,False,False,72660,1441.6877819875479,14532.0,188.23834196891193,0
1850,1282,Laptop,50094,3,2,Chennai,India,,No,4.725811884595137,0,141,OFF20,Not Returned,WH3,Average,True,False,True,False,False,150282,666.3394757279143,37570.5,1058.3239436619717,0
1123,1054,Laptop,64298,1,3,Mumbai,IN,,No,1.6388918580526028,1,419,OFF20,Not Returned,WH3,Bad,True,False,True,False,False,64298,686.6956885240406,32149.0,153.09047619047618,0
2687,1355,Headphones,31306,1,1,Hyderabad,IN,,Y,2.391596687398268,1,218,OFF20,Not Returned,WH2,Bad,True,False,True,False,False,31306,521.3680778528224,15653.0,142.9497716894977,0
4734,1153,Shoes,52310,4,0,Delhi,IND,,Y,3.8667077141433737,0,118,OFF20,Not Returned,WH2,Bad,False,False,False,True,False,209240,456.27151026891806,41848.0,1758.3193277310925,0
158,1301,Dress,75296,1,2,Delhi,IND,,Y,1.9863594963948603,0,239,OFF20,Not Returned,WH2,Bad,False,True,False,True,False,75296,474.7399196383716,37648.0,313.73333333333335,0
71,1484,Headphones,76891,2,1,Delhi,IND,,N,3.34562650501301,0,370,SAVE10,Returned,WH2,Bad,False,True,False,True,True,153782,1237.8818068548137,51260.666666666664,414.5067385444744,0
231,1215,Headphones,63897,3,1,Delhi,IND,,N,2.5079354213208087,0,465,SAVE10,Returned,WH2,Average,False,True,True,False,True,191691,1166.189970914176,47922.75,411.35407725321886,0
2272,1361,Headphones,64236,2,2,Mumbai,IND,,N,3.5323906724735266,0,470,OFF20,Not Returned,WH3,Bad,False,True,False,True,True,128472,1660.2236160625575,42824.0,272.7643312101911,0
3860,1103,Headphones,5376,2,0,Delhi,India,,No,3.5167554244169628,0,303,OFF20,Returned,WH1,Bad,False,False,False,True,True,10752,1065.5768935983397,3584.0,35.36842105263158,0
4271,1486,Laptop,38082,1,3,Delhi,IN,,N,4.701629488252049,1,461,YIrSES,Not Returned,WH2,Good,False,True,True,False,True,38082,2167.4511940841944,19041.0,82.42857142857143,0
4370,1863,Laptop,65171,4,0,Chennai,India,,Yes,4.775032876057736,1,89,SAVE10,Not Returned,WH2,Bad,False,True,False,True,True,260684,424.9779259691385,52136.8,2896.488888888889,0
3562,1757,Headphones,38484,1,3,Mumbai,India,,No,2.79570195385994,1,257,SAVE10,Not Returned,WH2,Good,True,False,False,False,False,38484,718.4954021420047,19242.0,149.1627906976744,0
2174,1257,Headphones,43164,3,1,Delhi,IN,,No,3.400152748630381,1,264,SAVE10,Not Returned,WH1,Average,False,False,False,True,False,129492,897.6403256384206,32373.0,488.6490566037736,0
4563,1178,Mobile,51592,4,0,Delhi,India,,Yes,3.9176412738478095,1,275,YIrSES,Not Returned,WH2,Average,False,False,False,True,True,206368,1077.3513503081476,41273.6,747.7101449275362,0
3702,1200,Mobile,50392,2,1,Chennai,India,2023-04-05,N,3.84510958620388,0,211,SAVE10,Not Returned,WH1,Good,False,False,False,False,True,100784,811.3181226890187,33594.666666666664,475.39622641509436,0
4342,1959,Shoes,67213,3,2,Chennai,IN,,No,2.937719964128653,1,158,YIrSES,Not Returned,WH1,Average,False,False,False,False,False,201639,464.15975433232717,50409.75,1268.1698113207547,0
373,1885,Laptop,99482,1,3,Delhi,IND,,No,1.3864216437960124,1,217,YIrSES,Not Returned,WH1,Bad,True,False,False,True,False,99482,300.85349670373466,49741.0,456.3394495412844,0
4696,1711,Shoes,66645,3,3,Hyderabad,IN,2023-04-05,No,4.229729737150199,1,46,SAVE10,Not Returned,WH2,Average,False,True,False,False,False,199935,194.56756790890918,49983.75,4253.936170212766,0
2543,1772,Mobile,17137,2,0,Delhi,IN,,N,4.4578208641646935,2,229,OFF20,Not Returned,WH3,Average,True,False,False,True,False,34274,1020.8409778937148,11424.666666666666,149.01739130434783,0
4848,1894,Laptop,12703,1,2,Delhi,IND,,N,3.240581177728332,2,497,YIrSES,Not Returned,WH2,Average,True,False,False,True,False,12703,1610.568845330981,6351.5,25.508032128514056,0
2043,1369,Mobile,94516,3,0,Hyderabad,IND,,N,4.595369114211442,2,175,YIrSES,Returned,WH2,Good,True,False,False,True,False,283548,804.1895949870024,70887.0,1611.0681818181818,0
1513,1227,Dress,6140,1,1,Hyderabad,IND,,N,3.519573404228875,2,419,SAVE10,Returned,WH2,Good,False,False,False,False,False,6140,1474.7012563718986,3070.0,14.619047619047619,0
2212,1873,Laptop,48488,4,0,Hyderabad,IND,2023-04-05,No,4.500314541611413,2,310,OFF20,Returned,WH3,Good,False,False,False,False,True,193952,1395.097507899538,38790.4,623.6398713826367,0
2766,1987,Dress,36443,2,1,Chennai,IN,,No,3.955788948741841,1,372,SAVE10,Returned,WH3,Good,False,False,False,True,True,72886,1471.553488931965,24295.333333333332,195.4048257372654,0
3416,1798,Dress,1912,1,1,Mumbai,India,,No,4.589370076231261,1,35,YIrSES,Returned,WH3,Average,False,True,False,True,True,1912,160.62795266809414,956.0,53.111111111111114,0
4742,1502,Shoes,59105,1,0,Mumbai,India,,No,1.1212342635268016,0,43,YIrSES,Not Returned,WH3,Bad,False,True,False,True,True,59105,48.21307333165247,29552.5,1343.2954545454545,0
84,1255,Dress,30919,2,2,Mumbai,India,2023-04-05,No,2.2753311165064125,0,154,OFF20,Returned,WH3,Bad,False,True,False,True,False,61838,350.4009919419875,20612.666666666668,398.9548387096774,0
3614,1297,Headphones,54410,3,2,Chennai,India,,No,2.4883094409358355,1,250,YIrSES,Not Returned,WH2,Good,False,False,False,False,True,163230,622.0773602339589,40807.5,650.3187250996016,0
961,1752,Headphones,86360,2,2,Chennai,IND,,No,4.668491757481602,2,434,SAVE10,Not Returned,WH3,Bad,False,True,False,False,False,172720,2026.1254227470154,57573.333333333336,397.0574712643678,0
2182,1210,Headphones,11174,4,0,Chennai,IN,2023-04-05,Y,3.2246790778281342,0,137,YIrSES,Returned,WH1,Average,False,True,True,False,True,44696,441.7810336624544,8939.2,323.8840579710145,0
703,1063,Laptop,54452,1,0,Delhi,IN,,Y,2.366373991774392,1,478,OFF20,Returned,WH3,Average,False,True,True,False,True,54452,1131.1267680681592,27226.0,113.67849686847599,0
3050,1089,Mobile,36979,4,2,Hyderabad,India,,N,3.3666434381289374,1,90,SAVE10,Returned,WH2,Good,False,True,True,False,False,147916,302.99790943160434,29583.2,1625.4505494505495,0
4382,1308,Mobile,89613,2,0,Delhi,India,,No,4.864546869674085,0,90,YIrSES,Not Returned,WH1,Good,False,True,False,False,True,179226,437.8092182706676,59742.0,1969.5164835164835,0
2152,1321,Mobile,84855,4,3,Delhi,India,,N,1.263062160118135,2,387,OFF20,Not Returned,WH1,Good,False,True,True,False,True,339420,488.8050559657183,67884.0,874.7938144329897,0
4360,1277,Mobile,55596,3,3,Hyderabad,India,,N,4.695411117588115,2,382,SAVE10,Not Returned,WH1,Good,True,False,False,False,False,166788,1793.64704691866,41697.0,435.47780678851177,0
1887,1523,Laptop,82221,4,0,Hyderabad,India,2023-04-05,N,3.0525496156799665,2,181,OFF20,Returned,WH1,Good,False,False,True,False,False,328884,552.5114804380739,65776.8,1807.0549450549452,0
2596,1790,Mobile,75602,1,0,Chennai,IN,,Yes,1.227393389390401,1,155,OFF20,Returned,WH3,Bad,False,True,True,False,False,75602,190.24597535551214,37801.0,484.62820512820514,0
1209,1786,Shoes,85128,2,3,Mumbai,IN,,Yes,2.866777482021956,2,356,SAVE10,Returned,WH3,Bad,True,False,True,False,False,170256,1020.5727835998164,56752.0,476.9075630252101,0
2531,1946,Laptop,11703,3,2,Chennai,IN,,Y,2.772149663131822,1,219,SAVE10,Returned,WH2,Good,True,False,True,False,True,35109,607.100776225869,8777.25,159.58636363636364,0
515,1852,Headphones,77410,2,0,Hyderabad,IN,2023-04-05,Y,3.8672313706636663,2,54,YIrSES,Returned,WH1,Bad,True,False,False,False,True,154820,208.83049401583798,51606.666666666664,2814.909090909091,0
1785,1521,Headphones,13784,4,3,Mumbai,India,,N,4.00756829551508,1,348,YIrSES,Returned,WH1,Average,False,False,True,False,False,55136,1394.6337668392478,11027.2,157.98280802292263,0
224,1471,Headphones,35931,3,3,Mumbai,India,2023-04-05,N,3.441909647110642,0,261,OFF20,Returned,WH3,Average,False,False,False,True,False,107793,898.3384178958776,26948.25,411.4236641221374,0
3128,1523,Laptop,11197,4,1,Chennai,IN,,Yes,1.1105949925825347,1,220,SAVE10,Returned,WH1,Average,False,False,True,False,True,44788,244.33089836815762,8957.6,202.6606334841629,0
2195,1156,Dress,95711,3,2,Mumbai,India,,Yes,1.546949589628452,0,335,YIrSES,Not Returned,WH1,Bad,True,False,False,True,True,287133,518.2281125255314,71783.25,854.5625,0
4976,1675,Dress,26948,1,1,Mumbai,IND,,No,1.2467725797344875,0,328,OFF20,Returned,WH2,Average,False,True,True,False,False,26948,408.9414061529119,13474.0,81.90881458966565,0
3364,1762,Laptop,20668,2,1,Mumbai,IND,,No,2.7839647237030967,0,344,YIrSES,Returned,WH1,Average,False,True,True,False,False,41336,957.6838649538653,13778.666666666666,119.81449275362318,0
491,1859,Laptop,7476,2,1,Hyderabad,IND,,N,4.835945749575629,1,20,OFF20,Not Returned,WH1,Good,False,False,True,False,False,14952,96.71891499151258,4984.0,712.0,0
2849,1007,Mobile,33931,2,2,Hyderabad,IND,,Yes,1.1361092096439105,1,43,OFF20,Returned,WH1,Good,False,True,False,True,False,67862,48.85269601468815,22620.666666666668,1542.3181818181818,0
816,1034,Dress,19717,2,3,Mumbai,India,2023-04-05,N,2.014976019609867,1,98,SAVE10,Returned,WH3,Bad,False,True,False,True,True,39434,197.46764992176696,13144.666666666666,398.32323232323233,0
1946,1416,Headphones,47883,3,0,Delhi,IND,2023-04-05,N,4.4498152711419845,1,3,SAVE10,Returned,WH1,Bad,False,True,False,True,False,143649,13.349445813425953,35912.25,35912.25,-1
3647,1032,Headphones,74297,1,0,Hyderabad,IN,,N,3.861761736062496,1,36,SAVE10,Returned,WH1,Good,False,True,False,False,False,74297,139.02342249824986,37148.5,2008.027027027027,0
3275,1532,Headphones,80653,3,0,Hyderabad,IN,,N,2.448844811038072,2,130,OFF20,Returned,WH3,Good,False,True,False,False,False,241959,318.34982543494937,60489.75,1847.0152671755725,0
4622,1295,Mobile,86365,1,0,Chennai,IN,,N,2.4250227331418888,2,399,SAVE10,Returned,WH1,Bad,True,False,False,False,False,86365,967.5840705236136,43182.5,215.9125,0
3311,1596,Dress,60571,4,3,Delhi,IN,,N,3.469064226427053,2,305,SAVE10,Not Returned,WH3,Bad,False,False,True,False,False,242284,1058.0645890602511,48456.8,791.7777777777778,0
4584,1225,Laptop,48115,3,3,Hyderabad,IN,,Yes,4.994391685049385,0,68,OFF20,Returned,WH1,Average,False,False,False,True,True,144345,339.61863458335813,36086.25,2091.9565217391305,0
3543,1625,Mobile,11537,2,3,Delhi,IN,,N,4.996105356938452,0,365,OFF20,Returned,WH2,Bad,True,False,False,True,False,23074,1823.578455282535,7691.333333333333,63.04371584699454,0
324,1225,Laptop,37323,4,3,Hyderabad,IN,,N,2.5311566463084456,1,158,YIrSES,Returned,WH2,Good,True,False,False,False,False,149292,399.9227501167344,29858.4,938.9433962264151,0
232,1197,Laptop,42203,4,3,Hyderabad,India,,N,2.6412307073611365,1,442,SAVE10,Returned,WH2,Average,True,False,False,False,False,168812,1167.4239726536223,33762.4,381.0654627539503,0
4082,1308,Headphones,10252,3,1,Mumbai,IN,,N,4.476716685300586,1,113,YIrSES,Returned,WH2,Bad,False,True,False,True,True,30756,505.8689854389662,7689.0,269.7894736842105,0
4343,1943,Headphones,14910,3,1,Hyderabad,IND,,No,4.863955718949935,2,8,YIrSES,Returned,WH2,Good,True,False,False,True,True,44730,38.91164575159948,11182.5,4970.0,0
4960,1939,Mobile,71985,3,0,Hyderabad,IND,,No,1.7544966993859537,2,94,YIrSES,Returned,WH1,Average,False,False,False,True,False,215955,164.92268974227963,53988.75,2273.2105263157896,0
2965,1832,Dress,93858,3,2,Delhi,IND,2023-04-05,No,1.8118066838878224,0,67,SAVE10,Returned,WH2,Good,True,False,False,True,True,281574,121.3910478204841,70393.5,4140.794117647059,0
623,1295,Laptop,64433,1,1,Delhi,IND,2023-04-05,No,1.000891309151255,1,444,SAVE10,Returned,WH1,Good,True,False,True,False,False,64433,444.3957412631572,32216.5,144.7932584269663,0
4275,1914,Laptop,11703,2,0,Hyderabad,IND,2023-04-05,Yes,4.159405735598122,0,84,SAVE10,Returned,WH1,Good,True,False,False,True,False,23406,349.3900817902423,7802.0,275.36470588235295,0
4668,1773,Laptop,14815,4,1,Chennai,India,,No,1.6974007774261763,0,487,OFF20,Returned,WH1,Good,True,False,False,False,False,59260,826.6341786065478,11852.0,121.43442622950819,0
3633,1271,Shoes,94847,3,0,Hyderabad,IN,,Y,1.9068566919147905,1,390,YIrSES,Returned,WH2,Bad,False,False,False,True,True,284541,743.6741098467683,71135.25,727.7263427109974,0
1656,1725,Headphones,60864,1,2,Hyderabad,India,,N,3.3247776074437385,1,430,YIrSES,Returned,WH3,Bad,True,False,True,False,False,60864,1429.6543712008076,30432.0,141.21577726218098,0
3813,1068,Headphones,36741,1,2,Hyderabad,India,2023-04-05,N,2.477836958106188,2,430,SAVE10,Returned,WH1,Average,False,False,True,False,False,36741,1065.469891985661,18370.5,85.24593967517401,0
559,1991,Mobile,77357,4,2,Delhi,IND,,Y,1.5092299307010784,2,199,OFF20,Returned,WH2,Average,True,False,False,True,False,309428,300.3367562095146,61885.6,1547.14,0
2115,1078,Headphones,75896,2,3,Mumbai,India,,N,2.987497353046596,2,340,OFF20,Returned,WH2,Average,True,False,False,False,True,151792,1015.7491000358426,50597.333333333336,445.13782991202345,0
1829,1511,Mobile,82207,1,2,Chennai,IN,,N,2.39141713622384,1,275,OFF20,Returned,WH3,Average,False,True,True,False,False,82207,657.639712461556,41103.5,297.8514492753623,0
4747,1930,Mobile,96476,1,0,Hyderabad,India,,N,3.6080271234161727,1,225,YIrSES,Returned,WH3,Bad,False,True,True,False,False,96476,811.8061027686389,48238.0,426.88495575221236,0
4478,1079,Shoes,7205,4,0,Delhi,India,2023-04-05,Y,4.144295079908808,1,469,YIrSES,Returned,WH3,Good,False,True,True,False,False,28820,1943.674392477231,5764.0,61.319148936170215,0
2352,1309,Mobile,77397,2,0,Chennai,IND,,N,3.609603023740698,1,363,YIrSES,Returned,WH3,Bad,False,True,False,True,False,154794,1310.2858976178734,51598.0,425.25824175824175,0
3026,1586,Mobile,44026,3,1,Chennai,IND,2023-04-05,Y,2.2389357618318857,1,499,OFF20,Not Returned,WH3,Bad,True,False,True,False,False,132078,1117.228945154111,33019.5,264.156,0
330,1137,Mobile,1489,4,1,Delhi,IN,2023-04-05,Yes,1.8646059800229955,2,207,OFF20,Not Returned,WH3,Average,True,False,True,False,False,5956,385.97343786476006,1191.2,28.634615384615383,0
1071,1920,Dress,78019,2,1,Mumbai,IN,,Yes,4.579122927664085,1,435,YIrSES,Not Returned,WH1,Average,True,False,True,False,True,156038,1991.918473533877,52012.666666666664,357.88532110091745,0
2645,1427,Mobile,68253,2,0,Hyderabad,IN,,Yes,1.0525205485827591,2,457,SAVE10,Not Returned,WH1,Bad,True,False,False,True,True,136506,481.0018907023209,45502.0,298.0480349344978,0
2220,1502,Mobile,37668,1,0,Hyderabad,IN,,N,3.818104195917915,2,449,YIrSES,Not Returned,WH2,Good,True,False,False,True,True,37668,1714.3287839671439,18834.0,83.70666666666666,0
2282,1794,Mobile,15471,3,2,Mumbai,IN,,Yes,4.720736793547342,2,280,OFF20,Not Returned,WH3,Good,False,False,False,False,True,46413,1321.8063021932558,11603.25,165.17081850533808,0
3733,1019,Mobile,41994,2,1,Mumbai,IN,,N,3.744357825183799,1,416,OFF20,Not Returned,WH1,Average,True,False,False,False,True,83988,1557.6528552764603,27996.0,201.41007194244605,0
4507,1847,Headphones,2595,4,1,Mumbai,India,,Yes,1.6325249109997877,0,221,SAVE10,Not Returned,WH3,Average,False,True,True,False,False,10380,360.78800533095307,2076.0,46.75675675675676,0
450,1037,Headphones,17186,4,1,Delhi,India,,N,3.260686776502222,2,88,SAVE10,Not Returned,WH2,Average,False,True,False,False,False,68744,286.94043633219553,13748.8,772.4044943820224,0
747,1691,Dress,55394,2,1,Chennai,IND,,Yes,4.751366621778622,2,68,SAVE10,Not Returned,WH3,Good,False,False,False,False,True,110788,323.09293028094635,36929.333333333336,1605.623188405797,0
2745,1981,Shoes,42434,1,1,Delhi,IND,,No,1.1829140407986518,0,157,OFF20,Returned,WH1,Good,False,False,False,False,True,42434,185.71750440538833,21217.0,268.56962025316454,0
3064,1529,Shoes,80602,2,2,Hyderabad,IND,,Y,1.5293340430753437,1,96,YIrSES,Returned,WH3,Good,True,False,True,False,False,161204,146.816068135233,53734.666666666664,1661.8969072164948,0
4329,1184,Mobile,7418,2,2,Hyderabad,IND,,No,3.635361473171343,0,407,OFF20,Returned,WH3,Average,True,False,False,True,False,14836,1479.5921195807366,4945.333333333333,36.36274509803921,0
4383,1487,Mobile,79174,4,0,Mumbai,IND,,No,4.571254816004439,0,465,YIrSES,Not Returned,WH3,Average,False,False,False,True,True,316696,2125.6334894420643,63339.2,679.6051502145923,0
2646,1447,Shoes,86035,3,0,Chennai,IN,,Y,4.230590568858873,1,149,SAVE10,Not Returned,WH3,Average,False,False,False,True,True,258105,630.3579947599721,64526.25,1720.7,0
114,1067,Laptop,50487,1,2,Chennai,India,,Y,1.2798557819666851,1,346,SAVE10,Not Returned,WH1,Good,False,True,True,False,True,50487,442.83010056047306,25243.5,145.4956772334294,0
2214,1423,Mobile,47051,2,2,Chennai,IND,,N,1.9846055342198785,1,330,OFF20,Not Returned,WH1,Good,False,True,True,False,True,94102,654.91982629256,31367.333333333332,284.2960725075529,0
3030,1978,Headphones,18255,3,2,Mumbai,IN,,N,3.268131523086232,2,429,YIrSES,Not Returned,WH1,Average,False,False,False,True,False,54765,1402.0284234039934,13691.25,127.36046511627907,0
29,1608,Headphones,89593,3,2,Chennai,IND,,No,2.156597281964874,2,464,YIrSES,Not Returned,WH1,Average,False,False,False,True,False,268779,1000.6611388317017,67194.75,578.0193548387097,0
2507,1362,Headphones,77332,4,2,Delhi,IND,2023-04-05,No,2.404935080234549,1,455,YIrSES,Returned,WH2,Average,False,False,False,True,True,309328,1094.2454615067197,61865.6,678.3508771929825,0
1496,1279,Dress,34335,4,2,Delhi,IND,,No,2.7176717027866077,2,471,SAVE10,Returned,WH3,Average,False,False,False,True,True,137340,1280.0233720124922,27468.0,290.97457627118644,0
378,1385,Laptop,70978,4,3,Delhi,India,,Yes,1.891837801750269,0,133,OFF20,Returned,WH1,Bad,False,False,False,True,True,283912,251.61442763278578,56782.4,2118.7462686567164,0
1763,1887,Laptop,13093,2,3,Chennai,India,,Y,4.434003031631124,2,398,SAVE10,Returned,WH2,Average,False,False,False,True,True,26186,1764.7332065891874,8728.666666666666,65.62907268170426,0
911,1812,Dress,51286,2,2,Delhi,India,,N,4.94158227516493,0,345,OFF20,Returned,WH2,Average,False,False,True,False,False,102572,1704.8458849319009,34190.666666666664,296.4508670520231,0
3637,1038,Dress,29840,2,2,Mumbai,IN,,Yes,3.89730662102977,2,129,YIrSES,Not Returned,WH2,Average,True,False,False,False,True,59680,502.75255411284036,19893.333333333332,459.0769230769231,0
4626,1929,Shoes,36031,3,2,Delhi,IND,,No,4.901534346802544,2,279,OFF20,Not Returned,WH2,Good,False,True,False,True,False,108093,1367.5280827579097,27023.25,386.0464285714286,0
214,1497,Shoes,27802,3,2,Mumbai,India,,Y,3.5605413222637643,0,21,YIrSES,Not Returned,WH2,Good,False,True,False,False,True,83406,74.77136776753905,20851.5,3791.181818181818,0
1918,1151,Laptop,2185,2,0,Chennai,IN,,N,4.128505000268755,2,407,SAVE10,Not Returned,WH2,Good,False,True,False,False,False,4370,1680.3015351093834,1456.6666666666667,10.71078431372549,0
3527,1675,Laptop,74740,4,0,Hyderabad,IN,,N,1.0549591580622248,1,37,YIrSES,Returned,WH2,Good,False,True,False,True,True,298960,39.03348884830232,59792.0,7867.368421052632,0
4270,1702,Laptop,95287,1,3,Hyderabad,India,,Yes,4.594469421626948,1,118,SAVE10,Returned,WH1,Good,False,True,False,True,True,95287,542.1473917519799,47643.5,800.7310924369748,0
2099,1196,Shoes,66082,2,2,Delhi,India,,Yes,1.4135788442374233,1,434,OFF20,Not Returned,WH3,Average,True,False,False,True,True,132164,613.4932183990417,44054.666666666664,303.82528735632184,0
3301,1466,Shoes,61091,4,2,Chennai,IN,,Y,1.7448535663222842,2,208,OFF20,Returned,WH1,Bad,True,False,False,True,False,244364,362.9295417950351,48872.8,1169.2057416267942,0
4036,1429,Headphones,19098,1,1,Hyderabad,IN,,N,2.940834939063925,0,227,OFF20,Not Returned,WH1,Average,False,False,False,True,False,19098,667.569531167511,9549.0,83.76315789473684,0
2702,1600,Dress,71377,4,3,Hyderabad,IND,,No,4.293174671514285,2,263,SAVE10,Returned,WH1,Bad,False,False,False,True,False,285508,1129.1049386082568,57101.6,1081.469696969697,0
902,1770,Shoes,47982,3,3,Hyderabad,IND,,N,1.1194780203329224,2,123,OFF20,Not Returned,WH2,Average,False,False,False,True,False,143946,137.69579650094946,35986.5,1160.8548387096773,0
2424,1359,Dress,66167,4,3,Delhi,IND,,Yes,4.51339554992027,2,489,YIrSES,Not Returned,WH2,Good,False,False,False,True,False,264668,2207.0504239110123,52933.6,540.138775510204,0
3954,1130,Dress,98661,2,0,Delhi,IND,2023-04-05,Yes,2.457665241146217,1,99,YIrSES,Not Returned,WH3,Average,True,False,False,False,False,197322,243.30885887347551,65774.0,1973.22,0
1640,1915,Dress,50996,3,1,Mumbai,IN,2023-04-05,Yes,2.4597304997006444,1,249,YIrSES,Not Returned,WH1,Average,False,False,False,True,True,152988,612.4728944254605,38247.0,611.952,0
3841,1068,Shoes,82191,3,3,Mumbai,IN,2023-04-05,Y,4.518827049209522,0,63,OFF20,Not Returned,WH3,Good,False,True,False,True,True,246573,284.6861041001999,61643.25,3852.703125,0
1053,1272,Shoes,86277,1,3,Hyderabad,IN,2023-04-05,No,4.903297676532176,1,199,OFF20,Returned,WH3,Bad,False,True,False,True,False,86277,975.7562376299031,43138.5,431.385,0
4586,1931,Shoes,76601,3,2,Hyderabad,IND,2023-04-05,N,4.861627029218751,2,160,OFF20,Not Returned,WH2,Bad,False,False,False,True,True,229803,777.8603246750002,57450.75,1427.3478260869565,0
1120,1533,Shoes,38942,3,1,Hyderabad,IND,,N,3.2497472083274275,2,172,OFF20,Returned,WH2,Bad,False,False,False,True,True,116826,558.9565198323176,29206.5,675.2947976878613,0
551,1956,Headphones,39065,4,1,Mumbai,IND,2023-04-05,Yes,1.2903391651214302,0,29,OFF20,Returned,WH2,Bad,False,False,False,True,False,156260,37.419835788521475,31252.0,5208.666666666667,0
4089,1706,Mobile,28181,2,3,Chennai,IND,,No,3.5696308532474204,0,290,SAVE10,Returned,WH3,Good,True,False,False,False,True,56362,1035.1929474417518,18787.333333333332,193.68384879725085,0
4625,1058,Laptop,60413,3,0,Chennai,IN,,N,4.751475584999957,1,53,SAVE10,Returned,WH3,Average,False,False,False,True,False,181239,251.82820600499772,45309.75,3356.277777777778,0
2065,1065,Laptop,9773,2,0,Hyderabad,India,,Yes,3.486275608160631,1,77,SAVE10,Returned,WH3,Bad,True,False,False,True,False,19546,268.4432218283686,6515.333333333333,250.5897435897436,0
893,1132,Headphones,61302,4,0,Hyderabad,IN,,Y,1.9711168718728471,1,464,YIrSES,Returned,WH3,Average,True,False,False,True,True,245208,914.5982285490011,49041.6,527.3290322580646,0
4589,1446,Laptop,35187,4,0,Hyderabad,IN,,Y,3.456018475375445,1,351,OFF20,Returned,WH3,Bad,False,True,False,False,False,140748,1213.062484856781,28149.6,399.85227272727275,0
4277,1682,Laptop,86860,3,2,Mumbai,IN,,No,3.5811133159350024,1,45,OFF20,Returned,WH3,Bad,False,True,False,False,False,260580,161.1500992170751,65145.0,5664.782608695652,0
440,1354,Headphones,19570,4,2,Delhi,IN,,No,4.01011818325877,0,121,YIrSES,Returned,WH3,Bad,False,True,False,True,False,78280,485.2243001743112,15656.0,641.639344262295,0
3042,1461,Mobile,27474,2,0,Delhi,IN,,No,1.56750108779553,0,397,YIrSES,Returned,WH3,Good,False,True,True,False,False,54948,622.2979318548254,18316.0,138.0603015075377,0
3579,1724,Mobile,890,2,0,Delhi,IN,2023-04-05,No,3.564186840243054,0,169,SAVE10,Not Returned,WH3,Good,False,True,True,False,False,1780,602.3475760010762,593.3333333333334,10.470588235294118,0
1131,1231,Shoes,95262,1,0,Mumbai,IN,2023-04-05,No,3.421272150366682,1,158,SAVE10,Not Returned,WH3,Bad,True,False,False,False,False,95262,540.5609997579357,47631.0,599.1320754716982,0
1969,1793,Dress,27881,3,0,Hyderabad,India,,No,3.060785459565976,0,128,OFF20,Not Returned,WH2,Bad,False,False,False,False,False,83643,391.78053882444493,20910.75,648.3953488372093,0
1996,1987,Dress,64596,4,3,Mumbai,India,,No,2.532026297803762,0,338,YIrSES,Not Returned,WH2,Bad,False,True,True,False,False,258384,855.8248886576716,51676.8,762.1946902654868,0
1480,1751,Headphones,5380,3,2,Mumbai,India,,Y,3.627388131481735,1,406,OFF20,Returned,WH2,Bad,False,False,True,False,False,16140,1472.7195813815845,4035.0,39.65601965601966,0
4219,1087,Mobile,47074,3,0,Mumbai,India,,Yes,4.129537998398835,1,205,OFF20,Returned,WH2,Bad,False,False,True,False,False,141222,846.5552896717611,35305.5,685.5436893203884,0
1941,1056,Shoes,23887,1,0,Mumbai,IND,,N,4.701216444824093,2,461,YIrSES,Not Returned,WH2,Average,True,False,False,True,True,23887,2167.260781063907,11943.5,51.7034632034632,0
2710,1098,Headphones,14420,3,2,Hyderabad,IN,,N,2.5471256938310733,2,111,YIrSES,Not Returned,WH1,Good,False,False,False,True,False,43260,282.73095201524916,10815.0,386.25,0
4171,1196,Shoes,99541,2,3,Chennai,IN,,Y,3.330605684283769,1,56,SAVE10,Not Returned,WH1,Good,False,False,False,False,False,199082,186.51391831989108,66360.66666666667,3492.6666666666665,0
4850,1638,Laptop,15719,2,0,Chennai,IND,2023-04-05,N,3.0939674575119813,1,34,SAVE10,Not Returned,WH1,Good,False,False,False,False,False,31438,105.19489355540736,10479.333333333334,898.2285714285714,0
4511,1293,Dress,67322,3,0,Chennai,IN,,No,3.867429641411184,1,170,OFF20,Not Returned,WH3,Bad,False,False,False,False,False,201966,657.4630390399013,50491.5,1181.0877192982457,0
1093,1663,Laptop,44365,1,0,Hyderabad,India,,Y,4.453579110927299,1,58,OFF20,Not Returned,WH1,Average,False,False,False,True,False,44365,258.30758843378334,22182.5,751.9491525423729,0
2217,1855,Laptop,48946,1,1,Hyderabad,India,,N,4.460275527913229,0,60,OFF20,Returned,WH1,Average,False,False,False,True,True,48946,267.61653167479375,24473.0,802.3934426229508,0
3401,1927,Shoes,11065,2,0,Chennai,India,,N,3.965245775575629,0,93,OFF20,Returned,WH2,Bad,False,False,True,False,True,22130,368.7678571285335,7376.666666666667,235.4255319148936,0
3095,1201,Mobile,52478,1,0,Chennai,India,,No,1.3515325217835854,0,313,SAVE10,Returned,WH2,Bad,False,False,True,False,True,52478,423.02967931826225,26239.0,167.12738853503186,0
2074,1762,Shoes,21473,3,0,Hyderabad,IN,,Yes,3.948446163182612,0,222,SAVE10,Returned,WH2,Average,False,True,False,False,False,64419,876.5550482265398,16104.75,288.8744394618834,0
4109,1787,Dress,93353,2,0,Hyderabad,IN,2023-04-05,Y,1.799891444230858,0,377,OFF20,Returned,WH3,Average,True,False,False,False,False,186706,678.5590744750334,62235.333333333336,493.9312169312169,0
1364,1484,Headphones,21112,1,2,Hyderabad,IN,,Y,3.4058942914981185,0,266,OFF20,Not Returned,WH3,Average,True,False,True,False,False,21112,905.9678815384996,10556.0,79.07116104868913,0
1182,1231,Dress,32005,1,1,Delhi,India,,Y,3.614087986423434,0,319,OFF20,Not Returned,WH2,Average,False,False,True,False,True,32005,1152.8940676690754,16002.5,100.015625,0
3144,1662,Headphones,25159,1,3,Mumbai,IN,,N,1.3487831959766612,0,95,SAVE10,Not Returned,WH2,Bad,True,False,False,False,False,25159,128.13440361778282,12579.5,262.0729166666667,0
281,1312,Headphones,51036,4,1,Mumbai,India,,N,2.563676781526313,1,74,SAVE10,Returned,WH2,Average,True,False,True,False,True,204144,189.71208183294718,40828.8,2721.92,0
4829,1520,Headphones,18613,1,0,Mumbai,India,,No,3.266227492707458,2,273,SAVE10,Returned,WH3,Average,True,False,True,False,True,18613,891.6801055091361,9306.5,67.93065693430657,0
938,1641,Headphones,33472,3,3,Mumbai,India,2023-04-05,No,2.7237685263536484,2,299,YIrSES,Returned,WH3,Average,False,False,True,False,False,100416,814.4067893797409,25104.0,334.72,0
3048,1508,Laptop,83977,2,1,Delhi,India,2023-04-05,N,3.284586179832345,2,57,OFF20,Returned,WH2,Average,False,False,False,False,True,167954,187.22141225044368,55984.666666666664,2895.7586206896553,0
1858,1151,Mobile,17595,3,3,Mumbai,IND,,Yes,3.254504164247586,1,459,OFF20,Returned,WH3,Average,True,False,False,True,True,52785,1493.817411389642,13196.25,114.75,0
2239,1044,Mobile,12150,3,2,Mumbai,IND,,Y,3.7944575752290586,2,141,OFF20,Returned,WH1,Good,True,False,True,False,True,36450,535.0185181072973,9112.5,256.6901408450704,0
3449,1021,Mobile,6613,2,2,Mumbai,IN,,Yes,4.563879078431955,2,334,SAVE10,Returned,WH2,Average,True,False,False,True,True,13226,1524.3356121962731,4408.666666666667,39.48059701492537,0
3210,1375,Laptop,67884,1,2,Delhi,India,,No,3.222321979072752,0,87,YIrSES,Not Returned,WH2,Average,False,True,False,False,False,67884,280.34201217932946,33942.0,771.4090909090909,0
1136,1540,Mobile,91096,2,3,Delhi,India,2023-04-05,Y,3.953167782039086,2,349,OFF20,Returned,WH1,Average,False,True,True,False,False,182192,1379.655555931641,60730.666666666664,520.5485714285714,0
891,1473,Dress,62643,2,1,Mumbai,IN,,Y,3.498721172799609,2,392,OFF20,Not Returned,WH1,Bad,False,False,False,True,False,125286,1371.4986997374467,41762.0,318.793893129771,0
3202,1925,Dress,16724,3,0,Mumbai,IN,,No,4.1911259191087415,1,202,OFF20,Not Returned,WH1,Bad,False,False,False,False,False,50172,846.6074356599657,12543.0,247.15270935960592,0
3355,1657,Mobile,91955,4,0,Mumbai,IN,2023-04-05,No,1.839419727490955,2,312,OFF20,Not Returned,WH1,Good,False,False,False,True,False,367820,573.8989549771779,73564.0,1175.1437699680512,0
75,1158,Laptop,66202,3,3,Mumbai,IN,,No,3.746849382773141,1,448,SAVE10,Returned,WH2,Bad,False,True,False,False,False,198606,1678.588523482367,49651.5,442.32962138084633,0
123,1259,Mobile,31708,1,0,Delhi,IN,2023-04-05,Yes,2.030711256156815,1,213,OFF20,Returned,WH1,Bad,True,False,False,True,True,31708,432.5414975614016,15854.0,148.16822429906543,0
1554,1423,Mobile,15433,4,1,Mumbai,India,2023-04-05,Yes,2.898594288228918,1,117,SAVE10,Returned,WH2,Average,True,False,False,True,False,61732,339.1355317227834,12346.4,523.1525423728814,0
1748,1622,Mobile,26836,1,1,Hyderabad,IN,2023-04-05,Yes,4.642188399088417,0,479,SAVE10,Returned,WH3,Average,True,False,False,False,False,26836,2223.6082431633517,13418.0,55.90833333333333,0
3726,1915,Mobile,17828,1,3,Hyderabad,IN,2023-04-05,Y,1.1327655263312688,0,154,OFF20,Not Returned,WH3,Good,False,True,False,True,False,17828,174.4458910550154,8914.0,115.01935483870967,0
4728,1562,Laptop,10900,3,3,Mumbai,IND,2023-04-05,N,4.782597413415431,0,424,OFF20,Not Returned,WH1,Average,False,False,False,False,False,32700,2027.8213032881426,8175.0,76.94117647058823,0
4197,1911,Shoes,22555,1,0,Hyderabad,IND,2023-04-05,N,4.453572982600422,1,226,OFF20,Not Returned,WH1,Average,False,True,False,False,False,22555,1006.5074940676953,11277.5,99.36123348017621,0
2858,1102,Shoes,17010,2,3,Hyderabad,IND,,No,2.320108958083503,0,415,YIrSES,Not Returned,WH1,Average,False,True,False,False,True,34020,962.8452176046537,11340.0,81.77884615384616,0
3874,1163,Mobile,88994,1,3,Mumbai,IND,,No,1.7362788145332653,1,121,YIrSES,Not Returned,WH3,Average,True,False,False,False,True,88994,210.0897365585251,44497.0,729.4590163934427,0
4674,1593,Mobile,50305,1,3,Chennai,IND,2023-04-05,No,1.895930186026233,2,258,OFF20,Returned,WH1,Average,False,True,False,False,True,50305,489.1499879947681,25152.5,194.22779922779924,0
2401,1374,Mobile,6983,4,1,Delhi,IND,2023-04-05,No,3.030223111561597,2,133,OFF20,Not Returned,WH1,Good,False,True,False,False,True,27932,403.01967383769244,5586.4,208.44776119402985,0
3519,1621,Headphones,595,3,2,Mumbai,IND,,No,1.47848287328621,2,249,YIrSES,Returned,WH1,Average,False,True,True,False,True,1785,368.1422354482663,446.25,7.14,0
782,1665,Laptop,77853,1,3,Chennai,India,,N,3.1749799263493053,2,481,SAVE10,Not Returned,WH1,Good,False,True,True,False,True,77853,1527.1653445740158,38926.5,161.5207468879668,0
1217,1707,Laptop,19959,4,1,Mumbai,IN,,Y,3.0518364015079413,2,318,OFF20,Not Returned,WH3,Good,False,False,True,False,False,79836,970.4839756795253,15967.2,250.26959247648904,0
2204,1365,Dress,90218,3,1,Hyderabad,IN,2023-04-05,Y,3.4208614160308866,1,433,OFF20,Not Returned,WH3,Good,False,False,True,False,True,270654,1481.232993141374,67663.5,623.6267281105991,0
420,1025,Dress,15682,4,3,Mumbai,IND,,No,4.5126337647013735,1,220,OFF20,Not Returned,WH1,Good,True,False,False,False,True,62728,992.7794282343021,12545.6,283.8371040723982,0
3038,1695,Shoes,3705,2,1,Mumbai,IN,,No,2.298738339177451,1,126,SAVE10,Returned,WH1,Good,False,False,True,False,True,7410,289.64103073635886,2470.0,58.346456692913385,0
346,1999,Mobile,88251,4,2,Chennai,IN,,Y,3.2116513068828554,0,329,YIrSES,Not Returned,WH3,Bad,True,False,True,False,True,353004,1056.6332799644595,70600.8,1069.709090909091,0
4571,1286,Headphones,99780,4,2,Chennai,IN,,Y,1.643607894127341,0,129,YIrSES,Returned,WH3,Average,True,False,False,False,True,399120,212.025418342427,79824.0,3070.153846153846,0
3602,1152,Shoes,76132,2,2,Hyderabad,India,,N,4.0986186639890905,0,6,YIrSES,Returned,WH3,Good,True,False,False,True,True,152264,24.591711983934545,50754.666666666664,21752.0,1
45,1873,Mobile,72384,3,2,Mumbai,IN,,N,3.856263701912985,1,228,YIrSES,Returned,WH2,Average,False,False,False,True,False,217152,879.2281240361606,54288.0,948.2620087336245,0
1662,1815,Mobile,20255,1,1,Delhi,IN,2023-04-05,N,1.7829298623652927,0,159,SAVE10,Returned,WH3,Good,True,False,True,False,True,20255,283.48584811608157,10127.5,126.59375,0
4672,1542,Mobile,42154,4,1,Mumbai,IN,2023-04-05,N,3.54348789882887,0,164,SAVE10,Not Returned,WH2,Good,True,False,True,False,True,168616,581.1320154079347,33723.2,1021.9151515151515,0
2183,1106,Mobile,30815,4,0,Hyderabad,India,2023-04-05,N,2.7901564078190626,2,151,YIrSES,Not Returned,WH1,Good,True,False,True,False,True,123260,421.31361758067845,24652.0,810.921052631579,0
4095,1561,Shoes,86271,4,3,Delhi,India,,Y,2.5352720554931643,2,450,YIrSES,Returned,WH2,Bad,True,False,False,True,False,345084,1140.872424971924,69016.8,765.1529933481153,0
1446,1694,Shoes,96641,2,1,Delhi,IND,2023-04-05,N,4.458237318127853,2,103,OFF20,Not Returned,WH2,Bad,False,False,False,True,True,193282,459.1984437671689,64427.333333333336,1858.4807692307693,0
2480,1779,Headphones,63797,4,3,Mumbai,IN,,No,1.3016557762836851,1,30,OFF20,Not Returned,WH3,Average,True,False,False,True,True,255188,39.049673288510554,51037.6,8231.870967741936,0
118,1615,Headphones,25968,4,3,Chennai,IN,,No,2.2002680076762786,0,54,OFF20,Returned,WH3,Good,True,False,False,False,False,103872,118.81447241451905,20774.4,1888.581818181818,0
894,1908,Dress,21954,3,2,Chennai,IND,,No,1.5817802226134754,0,56,OFF20,Returned,WH1,Bad,True,False,False,True,False,65862,88.57969246635463,16465.5,1155.4736842105262,0
3252,1207,Laptop,42725,3,0,Mumbai,India,2023-04-05,No,4.9590871592569545,1,163,OFF20,Returned,WH2,Bad,False,False,False,False,True,128175,808.3312069588836,32043.75,781.5548780487804,0
521,1189,Laptop,45710,3,3,Mumbai,IN,2023-04-05,No,4.572998375901073,0,13,SAVE10,Not Returned,WH3,Bad,False,False,False,False,False,137130,59.44897888671395,34282.5,9795.0,0
3547,1504,Mobile,26592,3,2,Delhi,IN,2023-04-05,No,3.489363645700656,0,53,SAVE10,Returned,WH1,Bad,False,False,False,True,True,79776,184.93627322213476,19944.0,1477.3333333333333,0
2289,1252,Mobile,54817,3,2,Hyderabad,IN,2023-04-05,Y,3.5589135627558406,0,178,SAVE10,Not Returned,WH3,Bad,False,False,False,True,True,164451,633.4866141705396,41112.75,918.7206703910615,0
806,1366,Mobile,54717,1,3,Mumbai,IN,,Y,2.680283222798649,2,380,SAVE10,Not Returned,WH3,Bad,True,False,False,False,True,54717,1018.5076246634867,27358.5,143.61417322834646,0
4182,1206,Shoes,1075,1,1,Delhi,IND,,No,2.7669592982359053,1,154,SAVE10,Not Returned,WH3,Bad,False,True,False,False,True,1075,426.1117319283294,537.5,6.935483870967742,0
4,1322,Mobile,59056,1,0,Mumbai,India,,Yes,3.204962006545572,2,182,SAVE10,Not Returned,WH2,Bad,False,False,False,False,True,59056,583.3030851912941,29528.0,322.7103825136612,0
2938,1037,Mobile,75695,2,0,Delhi,India,2023-04-05,N,4.554702233053919,0,57,YIrSES,Returned,WH2,Average,False,False,False,False,True,151390,259.6180272840734,50463.333333333336,2610.1724137931033,0
186,1340,Headphones,94862,3,3,Delhi,India,2023-04-05,N,3.512850005494263,1,242,SAVE10,Returned,WH2,Good,False,False,False,False,True,284586,850.1097013296117,71146.5,1171.1358024691358,0
3100,1347,Headphones,45423,1,3,Delhi,India,2023-04-05,Yes,2.1887889992457734,2,203,OFF20,Returned,WH3,Good,False,False,False,True,True,45423,444.324166846892,22711.5,222.66176470588235,0
4397,1059,Dress,66225,2,2,Chennai,IND,2023-04-05,No,3.272190904239574,2,277,OFF20,Not Returned,WH3,Good,False,False,True,False,True,132450,906.396880474362,44150.0,476.43884892086334,0
4087,1842,Laptop,39786,3,2,Chennai,India,2023-04-05,N,4.081532284361685,2,218,SAVE10,Not Returned,WH3,Good,False,False,False,False,True,119358,889.7740379908472,29839.5,545.013698630137,0
536,1740,Laptop,41470,3,0,Hyderabad,IND,,N,1.355187153059367,1,69,SAVE10,Not Returned,WH1,Bad,True,False,False,False,False,124410,93.50791356109633,31102.5,1777.2857142857142,0
1317,1926,Dress,14124,1,0,Hyderabad,IND,2023-04-05,N,4.123729962875997,1,85,SAVE10,Not Returned,WH2,Average,True,False,False,False,True,14124,350.51704684445974,7062.0,164.2325581395349,0
1835,1272,Laptop,93192,2,0,Hyderabad,IN,,N,3.667151250265216,0,251,SAVE10,Not Returned,WH2,Bad,False,True,False,False,True,186384,920.4549638165693,62128.0,739.6190476190476,0
439,1550,Mobile,5083,1,2,Mumbai,IN,,N,3.2043194917426923,1,481,SAVE10,Not Returned,WH3,Good,False,True,True,False,False,5083,1541.277675528235,2541.5,10.54564315352697,0
2146,1313,Dress,47944,1,0,Chennai,IN,,Y,1.5524191886841017,1,272,YIrSES,Not Returned,WH2,Bad,False,True,True,False,True,47944,422.25801932207565,23972.0,175.61904761904762,0
750,1868,Shoes,53659,3,3,Chennai,IND,,N,4.81632324551358,0,354,OFF20,Returned,WH2,Average,True,False,False,True,True,160977,1704.9784289118072,40244.25,453.456338028169,0
2090,1482,Headphones,85286,2,2,Chennai,India,,N,3.9483475726368025,1,7,YIrSES,Returned,WH2,Good,True,False,False,False,True,170572,27.638433008457618,56857.333333333336,21321.5,1
1636,1836,Dress,38820,1,2,Hyderabad,IND,,N,2.63005301880759,0,177,OFF20,Returned,WH2,Average,False,True,False,False,True,38820,465.51938432894343,19410.0,218.08988764044943,0
1730,1424,Dress,69641,1,2,Chennai,IN,,Y,2.1137562200729447,2,19,SAVE10,Returned,WH2,Good,True,False,False,False,True,69641,40.16136818138595,34820.5,3482.05,0
1524,1601,Mobile,70824,4,2,Mumbai,IND,,Yes,1.6614887385792971,2,84,SAVE10,Returned,WH2,Bad,False,True,False,False,True,283296,139.56505404066095,56659.2,3332.894117647059,0
672,1116,Mobile,32978,4,1,Mumbai,IND,,Yes,2.597014744703704,2,224,YIrSES,Returned,WH3,Bad,True,False,False,False,True,131912,581.7313028136298,26382.4,586.2755555555556,0
3619,1361,Mobile,54073,2,1,Hyderabad,IN,,Yes,3.884129151413084,2,127,YIrSES,Returned,WH1,Bad,True,False,False,False,True,108146,493.28440222946165,36048.666666666664,844.890625,0
4181,1460,Laptop,52112,4,0,Mumbai,IN,,Yes,2.560981493895881,2,56,OFF20,Returned,WH1,Good,True,False,False,False,True,208448,143.41496365816934,41689.6,3656.9824561403507,0
4741,1584,Dress,31272,4,0,Chennai,IND,,Y,1.4415949637541718,2,128,OFF20,Returned,WH2,Bad,False,False,False,True,True,125088,184.524155360534,25017.6,969.6744186046511,0
1953,1876,Headphones,21490,4,3,Mumbai,India,,No,2.651220104998247,0,19,YIrSES,Returned,WH3,Bad,True,False,False,True,True,85960,50.37318199496669,17192.0,4298.0,0
2808,1455,Headphones,2305,2,3,Chennai,IND,2023-04-05,Y,3.2417227483022746,1,144,YIrSES,Returned,WH1,Bad,True,False,False,True,True,4610,466.8080757555275,1536.6666666666667,31.79310344827586,0
1982,1185,Dress,15010,2,3,Delhi,IND,2023-04-05,No,4.247519995733915,1,312,OFF20,Returned,WH2,Bad,False,False,False,False,True,30020,1325.2262386689815,10006.666666666666,95.91054313099042,0
2222,1737,Dress,73199,1,3,Mumbai,India,2023-04-05,Yes,1.7136037097722956,0,496,OFF20,Returned,WH2,Bad,False,True,False,False,True,73199,849.9474400470586,36599.5,147.28169014084506,0
2854,1630,Laptop,64188,1,0,Mumbai,India,2023-04-05,Y,2.244147582348767,1,139,OFF20,Not Returned,WH3,Good,False,True,False,True,True,64188,311.9365139464786,32094.0,458.48571428571427,0
3684,1749,Shoes,3859,1,0,Mumbai,IN,,No,3.355822840814683,2,302,OFF20,Not Returned,WH3,Average,False,True,False,True,True,3859,1013.4584979260343,1929.5,12.735973597359736,0
3147,1324,Dress,97513,3,3,Chennai,IND,,No,3.379451915145012,0,107,YIrSES,Not Returned,WH2,Good,False,True,True,False,True,292539,361.6013549205163,73134.75,2708.6944444444443,0
2331,1725,Shoes,16133,2,1,Delhi,IN,2023-04-05,N,4.218951579423012,0,167,OFF20,Not Returned,WH1,Good,False,False,False,True,True,32266,704.5649137636431,10755.333333333334,192.0595238095238,0
1460,1539,Laptop,73863,2,0,Delhi,IND,,N,3.701612962468241,0,380,OFF20,Not Returned,WH2,Good,True,False,True,False,True,147726,1406.6129257379316,49242.0,387.73228346456693,0
201,1206,Dress,11738,1,1,Mumbai,IND,,No,2.755552540987724,2,78,OFF20,Returned,WH3,Good,False,False,False,False,True,11738,214.93309819704248,5869.0,148.58227848101265,0
1139,1989,Dress,16722,1,2,Delhi,IN,,No,4.485743427420264,2,284,YIrSES,Returned,WH3,Bad,False,True,False,False,True,16722,1273.951133387355,8361.0,58.67368421052632,0
3903,1140,Shoes,36061,1,3,Delhi,IN,,No,2.6860682958502204,2,488,OFF20,Not Returned,WH3,Bad,False,True,False,False,True,36061,1310.8013283749076,18030.5,73.74437627811861,0
4090,1417,Headphones,22174,4,3,Chennai,India,,Y,1.8209331064210823,1,203,YIrSES,Not Returned,WH1,Bad,True,False,False,False,False,88696,369.6494206034797,17739.2,434.7843137254902,0
2434,1963,Headphones,83118,2,2,Chennai,India,,No,1.075087871880847,1,5,OFF20,Returned,WH1,Good,True,False,True,False,False,166236,5.3754393594042345,55412.0,27706.0,-1
715,1557,Shoes,1474,1,0,Chennai,IND,,No,2.5876423941115423,1,117,OFF20,Not Returned,WH1,Good,False,False,False,False,False,1474,302.75416011105045,737.0,12.491525423728813,0
4004,1936,Headphones,84318,1,0,Chennai,India,,No,1.5339002481056347,0,342,SAVE10,Returned,WH2,Good,False,False,False,False,False,84318,524.5938848521271,42159.0,245.82507288629736,0
1926,1945,Shoes,57223,2,1,Chennai,IN,,Y,4.879331597819788,1,448,SAVE10,Not Returned,WH2,Bad,False,False,False,False,False,114446,2185.940555823265,38148.666666666664,254.89086859688197,0
3309,1871,Headphones,71005,2,0,Hyderabad,IND,2023-04-05,Yes,3.3085935402544373,1,264,SAVE10,Not Returned,WH2,Average,False,True,True,False,False,142010,873.4686946271714,47336.666666666664,535.8867924528302,0
1668,1456,Dress,91819,4,1,Mumbai,India,2023-04-05,No,2.948754125114506,1,389,YIrSES,Returned,WH3,Average,False,False,True,False,False,367276,1147.0653546695428,73455.2,941.7333333333333,0
3321,1272,Shoes,42597,4,2,Chennai,IN,,Y,1.294469368995402,2,43,SAVE10,Returned,WH1,Bad,False,False,True,False,True,170388,55.66218286680229,34077.6,3872.4545454545455,0
1669,1887,Mobile,18435,2,0,Hyderabad,India,,Y,4.227459096374256,2,70,SAVE10,Not Returned,WH3,Bad,True,False,True,False,False,36870,295.9221367461979,12290.0,519.2957746478874,0
4265,1976,Shoes,10177,2,0,Hyderabad,IND,2023-04-05,Y,2.839322109625778,0,126,SAVE10,Returned,WH3,Bad,False,True,True,False,False,20354,357.754585812848,6784.666666666667,160.26771653543307,0
477,1638,Laptop,53022,1,2,Mumbai,IND,,No,2.928227714486508,2,190,OFF20,Returned,WH3,Good,False,True,True,False,True,53022,556.3632657524365,26511.0,277.6020942408377,0
1180,1758,Shoes,28602,1,2,Chennai,India,,No,4.0201883660350415,2,167,YIrSES,Not Returned,WH3,Good,True,False,False,False,True,28602,671.371457127852,14301.0,170.25,0
838,1483,Dress,20405,4,2,Chennai,India,,Y,3.804199700342815,2,138,SAVE10,Not Returned,WH1,Bad,True,False,False,False,True,81620,524.9795586473084,16324.0,587.1942446043165,0
4540,1944,Mobile,81154,2,0,Hyderabad,India,,Y,1.9477412650764816,2,156,OFF20,Returned,WH3,Average,True,False,False,False,True,162308,303.84763735193116,54102.666666666664,1033.8089171974523,0
532,1403,Dress,86709,2,0,Mumbai,IND,,Yes,3.157377364264888,2,386,SAVE10,Returned,WH3,Good,True,False,False,True,True,173418,1218.7476626062466,57806.0,448.1085271317829,0
1567,1728,Mobile,34591,4,0,Mumbai,IN,,Yes,3.815235936517908,2,337,SAVE10,Returned,WH3,Good,False,False,False,False,True,138364,1285.734510606535,27672.8,409.3609467455621,0
4114,1813,Laptop,66873,2,2,Mumbai,IND,,No,3.9612850600157112,2,427,OFF20,Returned,WH3,Bad,False,False,False,False,False,133746,1691.4687206267088,44582.0,312.4906542056075,0
342,1604,Shoes,74856,4,2,Mumbai,India,,Yes,4.694529360874343,2,394,SAVE10,Returned,WH3,Bad,False,False,True,False,False,299424,1849.6445681844912,59884.8,758.0354430379747,0
3442,1028,Shoes,59837,1,3,Delhi,India,2023-04-05,Y,4.581904800573841,2,88,SAVE10,Returned,WH3,Bad,False,False,True,False,False,59837,403.207622450498,29918.5,672.3258426966293,0
4693,1739,Mobile,67239,3,0,Hyderabad,IND,,Y,1.8430828720283792,2,479,OFF20,Returned,WH1,Bad,True,False,False,True,False,201717,882.8366957015936,50429.25,420.24375,0
4599,1645,Shoes,80668,4,0,Delhi,India,2023-04-05,N,1.4099384726110982,0,343,YIrSES,Returned,WH1,Good,False,False,False,True,True,322672,483.6088961056067,64534.4,938.0,0
528,1474,Shoes,48028,2,2,Hyderabad,India,2023-04-05,N,4.047356765567621,0,383,OFF20,Returned,WH1,Average,False,True,True,False,True,96056,1550.1376412123986,32018.666666666668,250.14583333333334,0
4911,1431,Headphones,125,2,2,Hyderabad,India,,Yes,3.110905252509608,2,328,SAVE10,Returned,WH3,Bad,False,True,True,False,False,250,1020.3769228231515,83.33333333333333,0.7598784194528876,0
1405,1128,Mobile,77811,3,0,Chennai,IND,,Yes,1.5369327206955488,2,499,YIrSES,Returned,WH2,Bad,False,True,True,False,True,233433,766.9294276270788,58358.25,466.866,0
3132,1422,Shoes,32428,4,0,Delhi,IND,2023-04-05,N,1.0242915747046857,2,176,YIrSES,Returned,WH2,Bad,True,False,True,False,False,129712,180.27531714802467,25942.4,732.8361581920904,0
4871,1354,Mobile,40651,1,2,Hyderabad,India,2023-04-05,N,1.6623301132148427,2,130,YIrSES,Returned,WH1,Bad,True,False,True,False,False,40651,216.10291471792954,20325.5,310.31297709923666,0
4727,1169,Dress,73535,4,3,Chennai,IND,2023-04-05,No,4.686607590416164,1,356,YIrSES,Returned,WH1,Good,False,False,False,True,True,294140,1668.4323021881546,58828.0,823.9215686274509,0
3959,1752,Dress,60433,1,2,Delhi,IND,,N,4.0156606487234265,2,2,YIrSES,Not Returned,WH1,Good,True,False,False,True,True,60433,8.031321297446853,30216.5,20144.333333333332,-1
1041,1087,Headphones,6463,3,2,Delhi,IND,2023-04-05,N,2.4179425514454307,1,409,YIrSES,Not Returned,WH1,Average,False,True,False,True,False,19389,988.9385035411811,4847.25,47.29024390243902,0
428,1405,Dress,31431,4,3,Delhi,IND,2023-04-05,N,1.4056919994218302,1,18,YIrSES,Not Returned,WH1,Average,False,True,False,True,False,125724,25.302455989592943,25144.8,6617.0526315789475,0
4613,1342,Mobile,6895,3,0,Hyderabad,India,2023-04-05,Yes,1.9358920243834128,2,427,OFF20,Returned,WH1,Average,False,True,False,True,False,20685,826.6258944117172,5171.25,48.32943925233645,0
2444,1926,Mobile,6952,4,0,Hyderabad,India,,No,4.790575311769594,1,66,OFF20,Returned,WH3,Bad,False,True,False,False,True,27808,316.1779705767932,5561.6,415.04477611940297,0
4641,1321,Mobile,44768,3,1,Hyderabad,India,2023-04-05,No,1.9968519168122916,0,457,YIrSES,Returned,WH2,Bad,True,False,False,True,False,134304,912.5613259832172,33576.0,293.2401746724891,0
3198,1505,Laptop,87532,3,2,Chennai,IND,,No,3.0032178492567665,1,86,YIrSES,Returned,WH2,Bad,True,False,False,True,True,262596,258.2767350360819,65649.0,3018.344827586207,0
93,1357,Mobile,53476,3,3,Chennai,IN,,No,2.144823861627216,1,225,SAVE10,Returned,WH2,Bad,True,False,False,False,True,160428,482.5853688661236,40107.0,709.858407079646,0
195,1762,Headphones,3316,2,3,Mumbai,India,2023-04-05,N,4.34267800215823,1,158,SAVE10,Not Returned,WH2,Good,False,False,False,True,False,6632,686.1431243410004,2210.6666666666665,41.710691823899374,0
4947,1524,Mobile,54710,1,3,Chennai,India,2023-04-05,Yes,3.4352097819816096,2,452,SAVE10,Returned,WH1,Average,False,True,True,False,False,54710,1552.7148214556876,27355.0,120.77262693156733,0
2789,1245,Dress,77521,4,3,Chennai,IN,2023-04-05,Yes,2.4941126456790363,2,306,YIrSES,Returned,WH3,Good,True,False,True,False,False,310084,763.1984695777851,62016.8,1010.0456026058632,0
602,1922,Shoes,51300,1,1,Hyderabad,IN,2023-04-05,Yes,2.27440453846356,2,142,SAVE10,Not Returned,WH2,Good,False,False,False,False,True,51300,322.96544446182554,25650.0,358.7412587412587,0
948,1864,Shoes,97007,1,1,Hyderabad,IND,,N,3.075426315911074,1,440,SAVE10,Not Returned,WH2,Bad,False,False,False,True,True,97007,1353.1875790008726,48503.5,219.97052154195012,0
2218,1418,Shoes,12046,4,1,Mumbai,IND,2023-04-05,Y,1.430486426382172,0,268,YIrSES,Not Returned,WH2,Good,False,True,True,False,True,48184,383.3703622704221,9636.8,179.12267657992564,0
4019,1865,Laptop,11534,4,3,Chennai,India,2023-04-05,No,4.656015432354485,0,466,OFF20,Returned,WH1,Good,False,True,True,False,True,46136,2169.7031914771896,9227.2,98.79229122055675,0
2708,1670,Mobile,57527,4,3,Mumbai,India,,Yes,4.355705213787116,2,175,OFF20,Not Returned,WH1,Good,False,True,True,False,True,230108,762.2484124127453,46021.6,1307.4318181818182,0
1376,1570,Laptop,74936,2,3,Mumbai,IN,2023-04-05,Yes,3.1261020038104297,0,168,YIrSES,Returned,WH2,Bad,False,True,False,True,False,149872,525.1851366401522,49957.333333333336,886.8165680473372,0
4804,1716,Headphones,2123,4,3,Chennai,IN,,N,4.8667364104509225,0,420,SAVE10,Returned,WH2,Bad,True,False,False,True,False,8492,2044.0292923893874,1698.4,20.171021377672208,0
734,1790,Shoes,6000,3,1,Chennai,IND,,Y,1.093831550716598,1,20,SAVE10,Not Returned,WH3,Good,False,True,False,True,True,18000,21.876631014331963,4500.0,857.1428571428571,0
2572,1902,Mobile,34496,3,0,Delhi,India,2023-04-05,Yes,2.7492640454954533,0,187,SAVE10,Not Returned,WH3,Good,True,False,False,False,False,103488,514.1123765076497,25872.0,550.468085106383,0
3201,1019,Mobile,48036,3,2,Chennai,India,2023-04-05,Yes,2.833461718528173,1,359,SAVE10,Returned,WH2,Good,False,True,False,False,True,144108,1017.2127569516142,36027.0,400.3,0
3531,1731,Laptop,47743,1,0,Chennai,India,,N,1.864054879316276,1,462,SAVE10,Returned,WH1,Good,True,False,False,True,True,47743,861.1933542441195,23871.5,103.11663066954644,0
2370,1890,Shoes,75523,2,1,Chennai,IND,,N,1.4282105488159225,1,308,OFF20,Returned,WH1,Good,True,False,False,True,True,151046,439.88884903530413,50348.666666666664,488.8220064724919,0
1088,1663,Mobile,49874,3,1,Hyderabad,India,,Y,3.4957400930738616,1,293,YIrSES,Not Returned,WH3,Good,True,False,False,False,True,149622,1024.2518472706415,37405.5,508.9183673469388,0
2452,1653,Mobile,93644,2,3,Delhi,India,,Y,1.2921557744235317,1,55,SAVE10,Not Returned,WH3,Average,True,False,True,False,True,187288,71.06856759329425,62429.333333333336,3344.4285714285716,0
1838,1348,Laptop,73794,2,2,Mumbai,IN,,No,1.5971801347163903,1,296,SAVE10,Returned,WH1,Average,True,False,False,False,True,147588,472.76531987605154,49196.0,496.92929292929296,0
4022,1809,Dress,75404,2,3,Mumbai,India,,Yes,1.553873056513647,2,376,OFF20,Returned,WH3,Average,False,False,False,False,True,150808,584.2562692491313,50269.333333333336,400.0212201591512,0
579,1197,Shoes,60276,3,3,Mumbai,IND,,Y,2.139928409505755,0,160,YIrSES,Returned,WH3,Average,True,False,False,False,False,180828,342.3885455209208,45207.0,1123.1552795031057,0
2982,1681,Laptop,66741,1,0,Chennai,IND,,No,2.9146376530157503,0,197,YIrSES,Not Returned,WH3,Average,True,False,True,False,False,66741,574.1836176441028,33370.5,337.07575757575756,0
2761,1226,Laptop,83871,2,2,Chennai,IND,2023-04-05,Yes,3.048636590710369,0,124,OFF20,Not Returned,WH1,Average,False,True,True,False,True,167742,378.03093724808576,55914.0,1341.936,0
1772,1405,Shoes,3177,1,1,Delhi,IND,,No,2.363722420312816,0,251,SAVE10,Returned,WH3,Good,False,True,True,False,True,3177,593.2943274985169,1588.5,12.607142857142858,0
3963,1224,Laptop,67340,3,3,Delhi,IND,,N,3.1692514904010083,0,270,OFF20,Returned,WH3,Good,True,False,True,False,True,202020,855.6979024082723,50505.0,745.4612546125461,0
908,1818,Laptop,56042,3,3,Mumbai,IND,,Yes,4.0296986828501735,0,22,SAVE10,Returned,WH1,Good,True,False,True,False,True,168126,88.65337102270382,42031.5,7309.826086956522,0
3119,1349,Shoes,285,3,2,Hyderabad,IND,2023-04-05,Yes,2.094782169589612,0,172,OFF20,Returned,WH1,Good,False,False,True,False,False,855,360.30253316941327,213.75,4.942196531791907,0
4857,1469,Dress,86520,1,3,Mumbai,IND,,N,4.899672605764443,0,255,OFF20,Returned,WH1,Average,False,True,False,True,True,86520,1249.416514469933,43260.0,337.96875,0
2118,1814,Mobile,53271,2,3,Hyderabad,IN,2023-04-05,N,3.088143184915744,0,484,OFF20,Returned,WH1,Average,False,False,False,True,True,106542,1494.6613014992201,35514.0,219.67422680412372,0
505,1247,Shoes,67192,1,1,Chennai,India,2023-04-05,Y,3.437633391287834,1,17,OFF20,Not Returned,WH1,Average,False,True,True,False,False,67192,58.43976765189318,33596.0,3732.8888888888887,0
2974,1944,Shoes,42643,4,1,Chennai,IND,2023-04-05,No,3.781356253428255,1,140,SAVE10,Not Returned,WH2,Average,False,True,False,False,False,170572,529.3898754799557,34114.4,1209.7304964539007,0
4325,1851,Headphones,11314,4,0,Mumbai,IND,,N,4.726100351461215,0,353,OFF20,Not Returned,WH1,Average,False,False,False,True,False,45256,1668.3134240658092,9051.2,127.84180790960453,0
3279,1906,Headphones,84903,2,3,Mumbai,India,,N,2.785970958044806,2,315,OFF20,Returned,WH1,Good,False,False,False,True,True,169806,877.5808517841139,56602.0,537.3607594936709,0
355,1535,Shoes,55351,4,3,Chennai,IND,,N,4.065419207901574,2,208,OFF20,Returned,WH1,Good,False,False,True,False,False,221404,845.6071952435273,44280.8,1059.3492822966507,0
706,1538,Shoes,84895,3,0,Mumbai,India,2023-04-05,Yes,3.434234419554901,2,57,SAVE10,Returned,WH3,Good,False,False,True,False,False,254685,195.75136191462937,63671.25,4391.120689655172,0
3642,1030,Headphones,25887,2,0,Delhi,IND,2023-04-05,N,2.7054548268891665,2,42,YIrSES,Not Returned,WH2,Bad,False,True,False,True,True,51774,113.629102729345,17258.0,1204.046511627907,0
1880,1385,Mobile,29975,2,0,Mumbai,IN,,Yes,2.187272240798044,2,298,YIrSES,Returned,WH2,Good,False,False,False,True,True,59950,651.807127757817,19983.333333333332,200.50167224080266,0
3910,1430,Mobile,16226,2,0,Hyderabad,IN,2023-04-05,Y,1.0548484765532191,2,75,YIrSES,Not Returned,WH2,Bad,False,True,False,True,True,32452,79.11363574149144,10817.333333333334,427.0,0
3745,1638,Laptop,69976,2,2,Chennai,IN,2023-04-05,Y,3.575834550887149,2,169,YIrSES,Not Returned,WH3,Good,False,False,False,True,True,139952,604.3160390999282,46650.666666666664,823.2470588235294,0
2994,1830,Dress,95860,2,3,Chennai,IN,,No,3.805265724386439,2,462,SAVE10,Not Returned,WH1,Good,False,False,True,False,True,191720,1758.0327646665348,63906.666666666664,414.0820734341253,0
1695,1879,Shoes,50346,2,1,Chennai,IN,,Y,1.063450313746515,2,388,SAVE10,Not Returned,WH2,Good,False,False,True,False,True,100692,412.6187217336478,33564.0,258.8483290488432,0
541,1211,Dress,35537,3,3,Mumbai,India,2023-04-05,Y,2.678018555902571,0,75,YIrSES,Not Returned,WH3,Good,False,True,True,False,True,106611,200.85139169269283,26652.75,1402.7763157894738,0
3128,1523,Laptop,11197,4,1,Chennai,IN,,Yes,1.1105949925825347,1,220,SAVE10,Returned,WH1,Average,False,True,True,False,True,44788,244.33089836815762,8957.6,202.6606334841629,0
1037,1993,Mobile,59539,2,3,Hyderabad,IN,,N,4.842523987781159,1,177,SAVE10,Returned,WH2,Good,False,True,False,True,False,119078,857.1267458372652,39692.666666666664,668.9775280898876,0
2439,1921,Dress,26031,3,3,Hyderabad,IN,,N,4.13931658004412,2,318,SAVE10,Returned,WH2,Good,False,True,False,True,False,78093,1316.3026724540302,19523.25,244.80564263322884,0
4662,1976,Dress,41847,1,0,Delhi,IND,,N,1.226137141294258,1,467,YIrSES,Returned,WH1,Good,True,False,False,True,False,41847,572.6060449844185,20923.5,89.41666666666667,0
122,1907,Laptop,94895,4,3,Delhi,IN,,No,4.623825016236059,1,457,YIrSES,Returned,WH3,Good,False,True,False,True,True,379580,2113.088032419879,75916.0,828.7772925764192,0
3990,1942,Mobile,73860,4,0,Chennai,IN,,Y,3.054189442112046,2,347,YIrSES,Returned,WH3,Good,False,False,False,True,False,295440,1059.80373641288,59088.0,848.9655172413793,0
251,1651,Mobile,28771,4,0,Chennai,IN,,N,2.75389566549088,2,320,YIrSES,Not Returned,WH1,Good,False,True,True,False,False,115084,881.2466129570817,23016.8,358.5171339563863,0
2125,1268,Headphones,34374,2,2,Chennai,India,,No,3.412664236618291,2,92,OFF20,Not Returned,WH3,Average,False,True,False,True,True,68748,313.96510976888277,22916.0,739.2258064516129,0
8,1017,Mobile,78209,1,0,Mumbai,India,,No,2.083445000997252,1,121,OFF20,Not Returned,WH3,Good,False,False,False,True,False,78209,252.09684512066747,39104.5,641.0573770491803,0
1646,1818,Laptop,19443,3,0,Mumbai,IND,,No,3.705253348572602,2,73,YIrSES,Returned,WH3,Bad,True,False,False,True,False,58329,270.4834944457999,14582.25,788.2297297297297,0
4407,1499,Shoes,12567,1,0,Delhi,IND,,Y,2.8581670463861726,0,46,SAVE10,Returned,WH2,Bad,False,True,False,True,True,12567,131.47568413376393,6283.5,267.3829787234043,0
478,1126,Shoes,32522,1,3,Delhi,IND,,Y,1.841506620546415,2,128,SAVE10,Returned,WH2,Good,True,False,False,True,False,32522,235.71284742994112,16261.0,252.10852713178295,0
4242,1332,Mobile,72426,4,3,Mumbai,IND,,Y,4.724835139728805,1,451,OFF20,Not Returned,WH2,Average,False,False,False,True,True,289704,2130.9006480176913,57940.8,640.9380530973451,0
102,1465,Laptop,156,3,0,Mumbai,IND,2023-04-05,N,1.9706588689471376,1,196,OFF20,Not Returned,WH1,Average,True,False,False,False,True,468,386.249138313639,117.0,2.3756345177664975,0
3788,1486,Laptop,63526,4,3,Chennai,IND,,Y,3.316305922834926,0,292,OFF20,Not Returned,WH2,Average,False,False,False,False,False,254104,968.3613294677984,50820.8,867.2491467576792,0
924,1759,Dress,55893,3,3,Mumbai,IN,2023-04-05,Yes,2.7025981644305928,0,409,OFF20,Returned,WH1,Bad,False,False,False,False,True,167679,1105.3626492521125,41919.75,408.97317073170734,0
2089,1233,Headphones,84237,3,3,Mumbai,India,,No,4.548793350052396,0,291,SAVE10,Not Returned,WH3,Good,False,False,False,False,True,252711,1323.6988648652473,63177.75,865.4486301369863,0
3588,1229,Headphones,1793,4,2,Hyderabad,IN,,Y,2.0189437029170927,1,262,SAVE10,Not Returned,WH3,Good,True,False,False,True,False,7172,528.9632501642783,1434.4,27.269961977186313,0
226,1481,Shoes,24764,3,1,Chennai,India,,Y,1.6603425262834786,0,26,SAVE10,Not Returned,WH1,Good,False,True,True,False,False,74292,43.16890568337044,18573.0,2751.5555555555557,0
4416,1493,Dress,83487,2,0,Chennai,India,,Y,4.773338021960363,0,394,SAVE10,Not Returned,WH1,Good,False,False,False,True,False,166974,1880.695180652383,55658.0,422.71898734177216,0
2509,1878,Headphones,22511,4,1,Chennai,India,,N,4.940820257290591,1,44,SAVE10,Not Returned,WH2,Good,False,False,False,False,False,90044,217.396091320786,18008.8,2000.9777777777779,0
3978,1431,Shoes,73454,2,3,Hyderabad,IND,,Yes,4.732209971756129,1,177,SAVE10,Returned,WH2,Good,False,False,False,True,True,146908,837.6011650008348,48969.333333333336,825.3258426966293,0
949,1241,Mobile,56989,4,2,Chennai,IND,,No,1.922827819156243,1,307,YIrSES,Not Returned,WH2,Average,False,True,True,False,False,227956,590.3081404809666,45591.2,740.1168831168832,0
1419,1551,Shoes,95080,1,3,Chennai,India,2023-04-05,Y,3.2391402114732304,1,363,YIrSES,Returned,WH2,Average,True,False,False,True,False,95080,1175.8078967647825,47540.0,261.2087912087912,0
1435,1898,Shoes,65319,2,2,Hyderabad,IN,,Y,3.8518123484501854,0,335,OFF20,Returned,WH2,Bad,False,True,False,True,False,130638,1290.357136730812,43546.0,388.80357142857144,0
820,1681,Dress,21404,3,3,Delhi,IND,,Yes,4.427100733355412,2,443,OFF20,Returned,WH2,Good,False,True,False,False,True,64212,1961.2056248764477,16053.0,144.6216216216216,0
843,1693,Dress,28572,2,3,Chennai,IND,2023-04-05,Yes,3.186701482477803,1,381,YIrSES,Not Returned,WH3,Good,False,True,False,True,False,57144,1214.133264824043,19048.0,149.59162303664922,0
267,1259,Shoes,1835,3,2,Hyderabad,IN,2023-04-05,Yes,1.9884885544673476,1,22,YIrSES,Not Returned,WH3,Bad,False,True,False,True,True,5505,43.74674819828165,1376.25,239.34782608695653,0
824,1329,Laptop,90884,3,0,Hyderabad,IN,,N,3.705439263765213,1,116,OFF20,Not Returned,WH3,Average,False,True,False,False,False,272652,429.8309545967647,68163.0,2330.358974358974,0
1726,1502,Dress,40512,1,0,Mumbai,IN,,N,1.970891235752088,2,378,OFF20,Not Returned,WH2,Bad,False,True,False,False,False,40512,744.9968871142893,20256.0,106.89182058047493,0
2186,1832,Dress,5131,2,0,Delhi,IND,2023-04-05,N,4.65800760503148,1,10,YIrSES,Not Returned,WH1,Bad,False,False,True,False,True,10262,46.580076050314794,3420.6666666666665,932.9090909090909,0
763,1474,Mobile,47154,4,2,Delhi,India,2023-04-05,Y,4.626909771156676,1,74,OFF20,Returned,WH1,Good,False,True,True,False,True,188616,342.391323065594,37723.2,2514.88,0
785,1904,Shoes,36475,3,0,Hyderabad,India,,Y,1.68130680955819,1,201,OFF20,Not Returned,WH3,Good,True,False,True,False,False,109425,337.9426687211962,27356.25,541.7079207920792,0
2230,1296,Dress,82912,3,0,Hyderabad,IND,,Y,1.814652480255226,2,156,OFF20,Not Returned,WH3,Good,True,False,False,True,True,248736,283.08578691981523,62184.0,1584.3057324840765,0
217,1428,Headphones,92109,1,3,Chennai,IND,,Yes,2.559092275799128,0,183,OFF20,Not Returned,WH2,Good,True,False,True,False,False,92109,468.31388647124044,46054.5,500.5923913043478,0
1176,1397,Headphones,46921,2,2,Hyderabad,IND,2023-04-05,Yes,3.877418990362393,0,116,YIrSES,Not Returned,WH1,Average,False,True,True,False,False,93842,449.7806028820376,31280.666666666668,802.0683760683761,0
1978,1883,Dress,47570,3,2,Mumbai,India,,Y,4.55068313305807,2,152,SAVE10,Returned,WH1,Average,False,False,True,False,True,142710,691.7038362248265,35677.5,932.7450980392157,0
108,1304,Shoes,29299,4,2,Hyderabad,IND,,Y,2.706768417041219,2,255,OFF20,Returned,WH2,Average,False,False,True,False,True,117196,690.2259463455109,23439.2,457.796875,0
4710,1716,Mobile,40655,2,2,Hyderabad,IN,2023-04-05,Yes,1.3919809870809283,0,279,OFF20,Returned,WH3,Good,True,False,True,False,False,81310,388.362695395579,27103.333333333332,290.39285714285717,0
3894,1422,Headphones,89238,3,3,Mumbai,IN,2023-04-05,Y,2.489458451707569,1,200,OFF20,Returned,WH1,Average,True,False,False,True,False,267714,497.8916903415138,66928.5,1331.910447761194,0
104,1051,Mobile,74086,3,3,Hyderabad,India,,Y,3.0010318566557284,1,317,SAVE10,Returned,WH1,Average,True,False,False,True,False,222258,951.3270985598659,55564.5,698.9245283018868,0
1152,1839,Shoes,27514,1,3,Mumbai,IND,,Yes,3.188169509262325,2,341,SAVE10,Not Returned,WH3,Average,False,True,False,True,True,27514,1087.1658026584528,13757.0,80.45029239766082,0
2364,1808,Dress,94173,2,2,Hyderabad,IND,,No,1.3181698854878627,2,276,OFF20,Not Returned,WH2,Average,True,False,True,False,True,188346,363.8148883946501,62782.0,679.9494584837545,0
3314,1128,Dress,12767,2,1,Chennai,IND,2023-04-05,N,4.9161784903892,2,452,OFF20,Returned,WH2,Average,False,False,True,False,False,25534,2222.1126776559186,8511.333333333334,56.36644591611479,0
2880,1406,Headphones,86639,4,1,Delhi,IND,,Yes,4.770242982646962,2,45,SAVE10,Returned,WH1,Average,True,False,True,False,False,346556,214.66093421911327,69311.2,7533.826086956522,0
285,1997,Headphones,74609,2,2,Chennai,IND,2023-04-05,No,3.0116809616652955,1,202,YIrSES,Not Returned,WH2,Average,True,False,False,True,False,149218,608.3595542563897,49739.333333333336,735.064039408867,0
26,1846,Headphones,6692,2,0,Chennai,India,,N,4.407222169103655,1,334,SAVE10,Returned,WH2,Average,True,False,False,False,False,13384,1472.0122044806205,4461.333333333333,39.95223880597015,0
1828,1853,Shoes,68792,4,1,Chennai,IND,2023-04-05,No,4.984062990339737,1,396,SAVE10,Returned,WH3,Good,False,True,False,False,False,275168,1973.688944174536,55033.6,693.11838790932,0
1920,1631,Dress,52748,3,1,Chennai,IND,2023-04-05,Yes,4.310557789285966,1,486,YIrSES,Returned,WH2,Average,False,False,False,False,True,158244,2094.9310855929793,39561.0,324.9363449691992,0
3926,1104,Laptop,40650,4,1,Mumbai,IND,,Yes,3.348507365393269,1,84,OFF20,Not Returned,WH2,Bad,True,False,False,True,False,162600,281.2746186930346,32520.0,1912.9411764705883,0
2561,1344,Laptop,55953,1,2,Hyderabad,IND,,Yes,2.8290017667847303,1,149,OFF20,Not Returned,WH1,Bad,False,True,False,True,False,55953,421.5212632509248,27976.5,373.02,0
2721,1006,Laptop,50016,4,3,Chennai,IN,,No,4.400651754569719,0,377,OFF20,Not Returned,WH1,Bad,False,True,False,True,True,200064,1659.045711472784,40012.8,529.2698412698413,0
2943,1650,Laptop,30690,4,2,Chennai,IN,2023-04-05,Y,4.047610064586783,0,63,YIrSES,Returned,WH1,Good,False,False,False,True,True,122760,254.9994340689673,24552.0,1918.125,0
447,1480,Laptop,63251,1,0,Delhi,India,,Y,3.860789259135757,0,54,OFF20,Returned,WH3,Bad,False,True,False,True,False,63251,208.48261999333087,31625.5,1150.0181818181818,0
1042,1017,Headphones,95912,2,3,Mumbai,IN,,Yes,2.5369959605576966,0,63,OFF20,Not Returned,WH3,Bad,False,True,True,False,True,191824,159.83074551513488,63941.333333333336,2997.25,0
4365,1340,Headphones,30104,4,3,Hyderabad,IN,,Yes,3.8171565111486223,2,268,YIrSES,Returned,WH3,Good,False,False,True,False,False,120416,1022.9979449878308,24083.2,447.64312267657994,0
1367,1017,Dress,41357,1,1,Delhi,IN,,Yes,3.3176656748537448,2,395,YIrSES,Returned,WH3,Good,False,False,False,True,False,41357,1310.4779415672292,20678.5,104.43686868686869,0
4218,1800,Dress,97672,4,3,Mumbai,IN,,Yes,2.256708319557078,1,127,SAVE10,Returned,WH3,Average,False,False,False,True,True,390688,286.60195658374886,78137.6,3052.25,0
1277,1315,Laptop,13521,4,2,Hyderabad,IN,,Y,3.0358513939546903,2,372,YIrSES,Returned,WH2,Average,False,False,False,False,True,54084,1129.3367185511447,10816.8,144.99731903485255,0
2840,1276,Dress,34339,1,2,Delhi,IND,,N,3.22106872051939,2,329,YIrSES,Returned,WH3,Bad,False,True,False,False,True,34339,1059.7316090508793,17169.5,104.05757575757576,0
2772,1908,Headphones,39326,3,2,Mumbai,IND,,No,1.557959352152798,2,329,YIrSES,Returned,WH3,Bad,False,True,True,False,True,117978,512.5686268582705,29494.5,357.5090909090909,0
1585,1907,Headphones,71244,3,0,Mumbai,IND,,Y,4.956644376583329,0,366,OFF20,Returned,WH1,Good,False,True,False,True,False,213732,1814.1318418294984,53433.0,582.3760217983652,0
2387,1631,Headphones,19185,1,0,Mumbai,IND,,Yes,3.6131396791658927,0,441,SAVE10,Not Returned,WH1,Good,False,True,True,False,False,19185,1593.3945985121586,9592.5,43.40497737556561,0
1535,1359,Shoes,67136,3,3,Delhi,IND,2023-04-05,No,1.735080086583502,1,177,SAVE10,Returned,WH1,Bad,False,True,True,False,True,201408,307.10917532527986,50352.0,1131.5056179775281,0
2666,1985,Mobile,35695,2,2,Chennai,IND,,No,3.2778409549999235,2,82,SAVE10,Returned,WH3,Average,False,True,True,False,True,71390,268.7829583099937,23796.666666666668,860.1204819277109,0
2315,1621,Mobile,60471,1,3,Hyderabad,IN,,Yes,2.066117901378036,1,47,SAVE10,Returned,WH2,Bad,False,False,True,False,True,60471,97.10754136476768,30235.5,1259.8125,0
1652,1178,Dress,80926,1,1,Hyderabad,IN,,No,2.1357122132941537,1,190,YIrSES,Returned,WH1,Good,False,False,True,False,True,80926,405.78532052588923,40463.0,423.69633507853405,0
3397,1450,Dress,22185,3,0,Hyderabad,IND,,Y,3.4864639795237755,1,467,SAVE10,Returned,WH3,Good,False,True,True,False,True,66555,1628.1786784376031,16638.75,142.21153846153845,0
853,1465,Headphones,99872,2,1,Mumbai,IND,,N,2.169563843502222,0,188,SAVE10,Not Returned,WH3,Good,False,True,True,False,True,199744,407.87800257841775,66581.33333333333,1056.8465608465608,0
1269,1528,Shoes,21214,3,3,Hyderabad,IN,,N,2.405859046260034,0,225,SAVE10,Not Returned,WH3,Good,True,False,False,False,False,63642,541.3182854085077,15910.5,281.60176991150445,0
1844,1307,Mobile,50681,4,0,Hyderabad,India,2023-04-05,N,1.0056214440435802,2,293,SAVE10,Returned,WH3,Good,False,True,False,True,False,202724,294.647083104769,40544.8,689.5374149659864,0
4297,1029,Shoes,19510,2,2,Hyderabad,IND,,No,2.661001707578344,1,326,SAVE10,Returned,WH3,Average,False,False,False,True,False,39020,867.4865566705402,13006.666666666666,119.32721712538226,0
4940,1736,Shoes,567,1,0,Hyderabad,IN,,No,3.600973973974921,1,243,SAVE10,Returned,WH1,Average,False,False,True,False,True,567,875.0366756759058,283.5,2.3237704918032787,0
2691,1911,Shoes,64753,2,1,Delhi,IN,,No,1.4464510550180107,1,329,YIrSES,Returned,WH1,Bad,False,False,False,True,True,129506,475.8823971009255,43168.666666666664,392.44242424242424,0
2518,1607,Shoes,55229,4,0,Chennai,IN,2023-04-05,Y,3.0989400402441625,0,378,YIrSES,Not Returned,WH3,Good,False,True,False,True,True,220916,1171.3993352122934,44183.2,582.8918205804749,0
1326,1825,Dress,84401,3,3,Mumbai,IND,2023-04-05,Y,2.40919692896026,0,52,YIrSES,Returned,WH3,Average,False,True,False,True,True,253203,125.27824030593352,63300.75,4777.415094339623,0
292,1540,Mobile,49394,1,0,Delhi,India,,Y,4.0420406050165925,0,50,YIrSES,Not Returned,WH3,Average,False,True,True,False,True,49394,202.1020302508296,24697.0,968.5098039215686,0
4393,1674,Shoes,22277,2,1,Chennai,IN,,Yes,4.6332901020945005,2,230,YIrSES,Returned,WH3,Good,False,True,True,False,True,44554,1065.656723481735,14851.333333333334,192.87445887445887,0
4601,1605,Laptop,82582,1,2,Hyderabad,India,,Yes,3.061713347866056,2,476,YIrSES,Returned,WH3,Average,False,True,True,False,True,82582,1457.3755535842427,41291.0,173.12788259958072,0
3009,1248,Shoes,9387,4,2,Hyderabad,IND,,N,2.8876054617066083,2,37,OFF20,Not Returned,WH3,Good,False,False,False,False,True,37548,106.8414020831445,7509.6,988.1052631578947,0
1227,1837,Dress,91924,3,2,Hyderabad,IN,,Y,4.396073308786944,2,19,OFF20,Returned,WH1,Good,False,False,False,False,True,275772,83.52539286695193,68943.0,13788.6,2
4328,1520,Mobile,50615,4,2,Hyderabad,IN,,Yes,2.556873498958252,1,394,OFF20,Returned,WH1,Good,False,False,False,True,False,202460,1007.4081585895512,40492.0,512.5569620253165,0
3319,1991,Shoes,5413,2,0,Mumbai,IND,,N,1.5566663249180412,1,158,YIrSES,Not Returned,WH1,Bad,False,False,False,True,True,10826,245.9532793370505,3608.6666666666665,68.0880503144654,0
4802,1956,Laptop,82650,3,3,Hyderabad,IN,,Yes,4.144645580902971,2,17,YIrSES,Returned,WH2,Bad,True,False,False,True,True,247950,70.4589748753505,61987.5,13775.0,2
1560,1806,Laptop,9323,4,3,Hyderabad,IN,,N,4.911347968539333,0,327,YIrSES,Returned,WH1,Average,True,False,False,False,True,37292,1606.010785712362,7458.4,113.6951219512195,0
3068,1529,Headphones,90084,1,2,Hyderabad,IN,2023-04-05,Yes,4.863530637001297,1,173,SAVE10,Not Returned,WH1,Average,False,True,True,False,True,90084,841.3908002012244,45042.0,517.7241379310345,0
1935,1622,Headphones,46558,3,1,Chennai,India,2023-04-05,N,1.4966183015516703,1,257,SAVE10,Not Returned,WH1,Good,False,True,True,False,False,139674,384.6309034987793,34918.5,541.3720930232558,0
1884,1217,Headphones,33313,3,3,Chennai,IND,2023-04-05,N,4.035994388001524,1,148,YIrSES,Not Returned,WH3,Average,True,False,False,False,True,99939,597.3271694242255,24984.75,670.7315436241611,0
2350,1002,Headphones,90032,2,1,Chennai,IN,2023-04-05,No,1.279955214711542,1,227,OFF20,Returned,WH2,Average,True,False,False,False,False,180064,290.54983373952007,60021.333333333336,789.7543859649123,0
4034,1721,Laptop,54949,4,1,Delhi,India,2023-04-05,N,1.9016862260409144,1,18,SAVE10,Returned,WH1,Bad,True,False,True,False,False,219796,34.23035206873646,43959.2,11568.21052631579,0
4544,1396,Headphones,59269,3,1,Delhi,IND,2023-04-05,N,1.892370274548864,0,405,SAVE10,Returned,WH2,Good,False,False,True,False,False,177807,766.4099611922899,44451.75,437.94827586206895,0
2564,1090,Shoes,57963,1,3,Delhi,IND,,Y,3.657624516407486,0,94,YIrSES,Not Returned,WH1,Good,False,True,False,True,True,57963,343.8167045423037,28981.5,610.1368421052632,0
2676,1572,Laptop,42320,2,0,Hyderabad,India,,No,1.3735216153302725,1,78,OFF20,Returned,WH1,Good,False,True,False,True,True,84640,107.13468599576126,28213.333333333332,1071.392405063291,0
1134,1166,Mobile,24690,3,0,Hyderabad,IND,,Yes,4.39961330713569,2,398,OFF20,Returned,WH1,Bad,True,False,True,False,True,74070,1751.0460962400045,18517.5,185.6390977443609,0
1856,1325,Mobile,87637,3,2,Hyderabad,IND,,Y,1.7526402491101831,1,329,OFF20,Returned,WH1,Bad,False,False,True,False,True,262911,576.6186419572502,65727.75,796.7,0
4774,1018,Laptop,56963,1,2,Mumbai,IN,,Y,1.2871296740877067,1,473,YIrSES,Returned,WH1,Bad,False,False,True,False,True,56963,608.8123358434852,28481.5,120.17510548523207,0
3584,1972,Dress,37374,1,1,Mumbai,IN,2023-04-05,Yes,2.882211299345373,1,322,OFF20,Returned,WH1,Average,True,False,True,False,True,37374,928.0720383892101,18687.0,115.70897832817337,0
1322,1699,Dress,18469,1,0,Chennai,IND,2023-04-05,Yes,1.5126194672144335,1,18,OFF20,Returned,WH2,Average,False,False,True,False,False,18469,27.227150409859803,9234.5,972.0526315789474,0
1555,1649,Mobile,26180,2,3,Chennai,IND,,No,4.224051042515855,1,32,SAVE10,Returned,WH2,Good,False,False,False,True,True,52360,135.16963336050736,17453.333333333332,1586.6666666666667,0
164,1979,Headphones,22059,3,0,Chennai,IN,,No,2.833997786628625,2,79,SAVE10,Not Returned,WH1,Good,False,False,False,False,True,66177,223.88582514366138,16544.25,827.2125,0
2683,1592,Shoes,7047,2,1,Chennai,IND,,N,4.500184439773287,2,377,SAVE10,Not Returned,WH1,Good,False,False,False,False,False,14094,1696.5695337945292,4698.0,37.285714285714285,0
4516,1807,Laptop,80064,4,2,Delhi,IND,,N,2.6677176167134924,2,70,OFF20,Not Returned,WH1,Bad,True,False,True,False,False,320256,186.74023316994447,64051.2,4510.647887323944,0
4043,1091,Laptop,9069,4,1,Chennai,India,,N,2.9749737899520365,0,118,OFF20,Not Returned,WH2,Bad,False,True,False,True,False,36276,351.0469072143403,7255.2,304.84033613445376,0
2548,1951,Laptop,32476,3,1,Chennai,India,,N,4.808307034168616,0,240,YIrSES,Not Returned,WH3,Good,False,False,True,False,False,97428,1153.9936882004677,24357.0,404.2655601659751,0
2045,1411,Dress,50678,4,0,Mumbai,IN,,No,3.1960797228431024,1,221,YIrSES,Not Returned,WH3,Good,False,True,True,False,False,202712,706.3336187483256,40542.4,913.1171171171171,0
240,1953,Mobile,39782,4,3,Hyderabad,India,2023-04-05,No,3.9542840242838464,1,290,YIrSES,Not Returned,WH2,Good,False,False,False,False,True,159128,1146.7423670423154,31825.6,546.8316151202749,0
4681,1124,Mobile,34382,4,2,Mumbai,IN,2023-04-05,Y,4.488390538725767,1,336,OFF20,Returned,WH3,Good,False,False,False,True,False,137528,1508.0992210118577,27505.6,408.0949554896142,0
1680,1216,Laptop,97400,4,1,Mumbai,IN,2023-04-05,No,1.4864993972630658,1,88,OFF20,Returned,WH3,Good,False,False,False,True,True,389600,130.8119469591498,77920.0,4377.528089887641,0
3413,1363,Headphones,34235,2,2,Delhi,IND,2023-04-05,N,1.1829749541015762,1,104,SAVE10,Returned,WH1,Good,False,False,False,True,True,68470,123.02939522656392,22823.333333333332,652.0952380952381,0
4368,1492,Dress,21712,4,2,Delhi,IND,2023-04-05,N,3.060040773698322,1,463,OFF20,Not Returned,WH1,Bad,False,False,False,True,True,86848,1416.798878222323,17369.6,187.17241379310346,0
242,1530,Dress,38313,3,1,Mumbai,India,,No,3.474073865701033,1,439,OFF20,Not Returned,WH1,Bad,True,False,False,False,True,114939,1525.1184270427534,28734.75,261.225,0
1974,1472,Mobile,33460,3,1,Delhi,India,,N,4.239444412196064,1,109,OFF20,Returned,WH3,Bad,True,False,False,True,False,100380,462.0994409293709,25095.0,912.5454545454545,0
2262,1608,Dress,46537,3,2,Chennai,India,2023-04-05,No,2.523671195846252,0,365,YIrSES,Returned,WH1,Average,True,False,True,False,True,139611,921.1399864838819,34902.75,381.45081967213116,0
3073,1216,Dress,89415,4,2,Mumbai,India,2023-04-05,Yes,3.1687466098896557,2,264,YIrSES,Not Returned,WH1,Average,True,False,False,True,True,357660,836.5491050108691,71532.0,1349.6603773584907,0
4712,1616,Shoes,97141,1,3,Delhi,India,2023-04-05,N,3.809482793022031,2,361,SAVE10,Returned,WH1,Average,True,False,False,True,True,97141,1375.2232882809533,48570.5,268.3453038674033,0
2720,1261,Dress,27624,3,2,Mumbai,IND,2023-04-05,No,2.26759628618803,2,147,SAVE10,Returned,WH1,Average,True,False,True,False,True,82872,333.3366540696404,20718.0,559.9459459459459,0
1857,1170,Mobile,92467,1,2,Hyderabad,India,2023-04-05,Y,3.7444162870263216,2,206,SAVE10,Returned,WH2,Bad,False,True,True,False,True,92467,771.3497551274222,46233.5,446.7004830917874,0
1913,1412,Headphones,69782,3,2,Mumbai,India,2023-04-05,Y,2.092240859638013,1,204,OFF20,Not Returned,WH2,Average,False,True,True,False,False,209346,426.8171353661547,52336.5,1021.2,0
3917,1781,Headphones,55474,4,2,Delhi,India,2023-04-05,N,4.536097120290348,1,427,OFF20,Returned,WH1,Bad,True,False,True,False,False,221896,1936.9134703639786,44379.2,518.4485981308411,0
4981,1435,Headphones,47107,4,3,Delhi,India,2023-04-05,N,4.846798404922948,2,461,OFF20,Returned,WH1,Average,True,False,False,False,True,188428,2234.374064669479,37685.6,407.8528138528139,0
1703,1645,Headphones,17982,1,3,Delhi,India,,N,1.2914272968058302,2,142,OFF20,Not Returned,WH2,Average,True,False,False,False,True,17982,183.38267614642788,8991.0,125.74825174825175,0
4652,1670,Shoes,55213,4,1,Hyderabad,India,,Yes,2.7313754281527003,0,347,OFF20,Not Returned,WH1,Good,False,False,False,False,True,220852,947.787273568987,44170.4,634.6321839080459,0
2368,1226,Shoes,24135,1,2,Delhi,India,,No,2.78198529608694,1,280,SAVE10,Not Returned,WH1,Bad,False,True,False,False,False,24135,778.9558829043432,12067.5,85.88967971530249,0
3291,1311,Laptop,46362,2,1,Delhi,IND,,Y,2.948406351627057,1,59,OFF20,Returned,WH1,Bad,False,True,True,False,True,92724,173.95597474599637,30908.0,1545.4,0
3867,1016,Headphones,91481,2,3,Delhi,India,2023-04-05,Yes,1.4881967303393029,1,69,OFF20,Not Returned,WH1,Bad,False,False,True,False,True,182962,102.6855743934119,60987.333333333336,2613.7428571428572,0
2095,1804,Headphones,86413,3,2,Delhi,IN,,Yes,1.2954643960889074,0,364,OFF20,Returned,WH2,Good,True,False,False,True,True,259239,471.54904017636227,64809.75,710.2438356164383,0
725,1801,Dress,99432,4,1,Chennai,IN,2023-04-05,Yes,1.0364694344948822,2,395,OFF20,Returned,WH3,Good,False,False,False,False,True,397728,409.40542662547847,79545.6,1004.3636363636364,0
655,1713,Mobile,21819,3,2,Mumbai,India,2023-04-05,No,2.2830256273176306,2,398,SAVE10,Not Returned,WH3,Average,False,True,False,False,True,65457,908.644199672417,16364.25,164.05263157894737,0
1707,1237,Headphones,9227,4,2,Mumbai,India,2023-04-05,N,4.329302668856065,0,448,YIrSES,Returned,WH1,Good,False,False,False,True,False,36908,1939.527595647517,7381.6,82.20044543429844,0
4264,1929,Laptop,43920,4,1,Hyderabad,India,,Yes,2.3494117734058046,0,453,YIrSES,Returned,WH2,Bad,False,True,True,False,False,175680,1064.2835333528294,35136.0,386.9603524229075,0
2678,1433,Headphones,3560,1,1,Hyderabad,IND,2023-04-05,No,1.249025180312208,2,108,SAVE10,Returned,WH2,Bad,True,False,True,False,False,3560,134.89471947371848,1780.0,32.6605504587156,0
2391,1295,Headphones,85065,3,1,Hyderabad,IND,2023-04-05,No,1.4534110144101495,2,458,OFF20,Not Returned,WH2,Average,True,False,True,False,True,255195,665.6622445998485,63798.75,555.9803921568628,0
2577,1801,Shoes,94950,2,1,Mumbai,IN,,N,4.31630497887404,2,154,SAVE10,Not Returned,WH3,Good,False,False,True,False,False,189900,664.7109667466021,63300.0,1225.1612903225807,0
974,1479,Shoes,55787,4,0,Hyderabad,IND,2023-04-05,N,2.0498357631706217,2,308,YIrSES,Not Returned,WH3,Bad,False,False,True,False,False,223148,631.3494150565515,44629.6,722.1618122977346,0
2349,1089,Shoes,42357,1,3,Mumbai,IND,2023-04-05,N,1.5827105117941231,1,353,YIrSES,Returned,WH1,Good,True,False,True,False,False,42357,558.6968106633254,21178.5,119.65254237288136,0
457,1361,Dress,79615,2,1,Hyderabad,India,2023-04-05,N,4.963874783734775,1,41,OFF20,Returned,WH3,Average,True,False,True,False,False,159230,203.51886613312578,53076.666666666664,3791.190476190476,0
4153,1424,Mobile,69019,3,2,Mumbai,IN,,Yes,3.114457632834033,2,320,OFF20,Returned,WH3,Good,True,False,False,True,False,207057,996.6264425068905,51764.25,645.0373831775701,0
3693,1751,Mobile,23225,3,1,Chennai,IN,,Y,3.770673119531948,0,498,YIrSES,Returned,WH2,Average,False,False,False,True,True,69675,1877.79521352691,17418.75,139.62925851703406,0
2907,1928,Dress,91420,4,1,Hyderabad,IND,,No,2.661139331413657,2,475,YIrSES,Returned,WH3,Good,True,False,True,False,True,365680,1264.041182421487,73136.0,768.2352941176471,0
2037,1215,Mobile,97166,1,1,Delhi,IND,,N,1.8925760450341624,2,491,OFF20,Not Returned,WH3,Bad,True,False,True,False,False,97166,929.2548381117738,48583.0,197.4918699186992,0
4864,1204,Dress,71839,1,3,Hyderabad,India,,N,1.865935563000765,1,54,OFF20,Not Returned,WH2,Good,True,False,True,False,True,71839,100.76052040204131,35919.5,1306.1636363636364,0
3545,1237,Dress,33153,4,1,Chennai,IN,2023-04-05,Yes,4.346982630294398,2,414,OFF20,Returned,WH3,Bad,True,False,False,False,True,132612,1799.6508089418805,26522.4,319.54698795180724,0
4351,1963,Dress,23733,2,3,Mumbai,IN,2023-04-05,Yes,2.907762305093632,0,429,OFF20,Returned,WH1,Bad,False,True,True,False,True,47466,1247.4300288851682,15822.0,110.38604651162791,0
3677,1731,Laptop,44958,1,3,Delhi,IND,,Yes,3.369327474500411,0,19,OFF20,Returned,WH3,Bad,False,False,True,False,False,44958,64.01722201550781,22479.0,2247.9,0
1810,1519,Laptop,19625,3,2,Chennai,IND,,Yes,2.833753990263833,1,448,OFF20,Returned,WH3,Average,False,False,False,True,False,58875,1269.521787638197,14718.75,131.12472160356347,0
141,1842,Laptop,65110,1,2,Mumbai,IN,2023-04-05,No,2.805808375221668,1,321,SAVE10,Returned,WH1,Average,False,True,False,True,False,65110,900.6644884461554,32555.0,202.2049689440994,0
4332,1741,Shoes,73753,3,0,Mumbai,India,,No,3.092421004361383,0,354,YIrSES,Returned,WH3,Bad,False,False,False,True,True,221259,1094.7170355439296,55314.75,623.2647887323943,0
2375,1372,Laptop,59452,1,0,Delhi,India,,Yes,4.949185543128653,1,70,YIrSES,Not Returned,WH2,Bad,True,False,False,True,True,59452,346.4429880190057,29726.0,837.3521126760563,0
4100,1007,Laptop,43639,2,2,Chennai,IND,2023-04-05,No,1.4440991130555032,0,15,OFF20,Not Returned,WH2,Bad,False,False,False,False,True,87278,21.661486695832547,29092.666666666668,5454.875,0
2581,1874,Dress,35239,4,2,Delhi,IN,2023-04-05,Yes,1.8211658813849263,2,172,YIrSES,Returned,WH2,Average,False,False,False,True,True,140956,313.2405315982073,28191.2,814.7745664739884,0
453,1445,Headphones,86149,3,3,Mumbai,IN,2023-04-05,Y,4.901496971558925,0,448,YIrSES,Returned,WH2,Average,False,False,False,True,False,258447,2195.870643258398,64611.75,575.6057906458798,0
1301,1944,Shoes,89475,1,3,Hyderabad,IN,,Y,2.9741820115014965,0,145,OFF20,Not Returned,WH2,Average,True,False,True,False,True,89475,431.25639166771697,44737.5,612.8424657534247,0
542,1837,Shoes,4520,3,3,Mumbai,IN,,Y,3.111465025481455,2,77,OFF20,Not Returned,WH2,Good,False,False,False,False,False,13560,239.58280696207206,3390.0,173.84615384615384,0
3184,1964,Shoes,46210,1,3,Mumbai,IN,,Yes,4.711680946546391,2,391,YIrSES,Not Returned,WH2,Good,False,False,True,False,True,46210,1842.2672500996389,23105.0,117.88265306122449,0
612,1890,Shoes,94254,4,3,Mumbai,IN,2023-04-05,N,3.332440439695235,2,290,OFF20,Returned,WH3,Average,True,False,False,False,True,377016,966.4077275116182,75403.2,1295.5876288659795,0
2371,1887,Dress,78683,1,1,Chennai,IN,,N,2.7285272976192814,1,132,SAVE10,Returned,WH2,Bad,True,False,True,False,True,78683,360.16560328574514,39341.5,591.6015037593985,0
609,1495,Headphones,77958,1,1,Delhi,IND,,N,1.867567508302522,0,369,SAVE10,Returned,WH2,Bad,False,False,False,True,True,77958,689.1324105636306,38979.0,210.6972972972973,0
2945,1152,Headphones,50967,2,2,Chennai,IND,2023-04-05,N,3.7027893425424137,1,396,SAVE10,Returned,WH3,Average,True,False,False,False,False,101934,1466.304579646796,33978.0,256.76070528967256,0
1463,1504,Shoes,42727,2,1,Mumbai,IND,2023-04-05,Y,1.746342451970782,1,128,YIrSES,Returned,WH1,Good,False,True,False,False,False,85454,223.5318338522601,28484.666666666668,662.4341085271318,0
4764,1863,Mobile,88192,1,1,Chennai,IND,2023-04-05,Y,4.4342757998257305,2,456,YIrSES,Returned,WH1,Average,True,False,False,True,False,88192,2022.0297647205332,44096.0,192.98030634573306,0
338,1601,Dress,81993,4,1,Chennai,IND,2023-04-05,Y,4.8357892580277015,2,239,SAVE10,Returned,WH1,Bad,True,False,False,True,False,327972,1155.7536326686206,65594.4,1366.55,0
2097,1330,Headphones,14512,1,1,Delhi,IND,,Y,2.8687012095126105,2,253,SAVE10,Returned,WH3,Average,True,False,True,False,True,14512,725.7814060066904,7256.0,57.13385826771653,0
2462,1930,Laptop,45566,1,1,Mumbai,IN,,Y,4.199383667218736,0,332,SAVE10,Returned,WH2,Average,True,False,False,False,True,45566,1394.1953775166205,22783.0,136.83483483483482,0
2043,1369,Mobile,94516,3,0,Hyderabad,IN,,N,4.595369114211442,0,175,SAVE10,Returned,WH2,Good,True,False,False,True,False,283548,804.1895949870024,70887.0,1611.0681818181818,0
4938,1678,Headphones,46992,3,3,Chennai,IND,2023-04-05,N,2.160648322338401,0,163,YIrSES,Not Returned,WH1,Average,False,True,False,True,True,140976,352.18567654115935,35244.0,859.609756097561,0
3598,1125,Mobile,89574,1,0,Hyderabad,IND,2023-04-05,N,4.145334115026754,2,476,SAVE10,Not Returned,WH2,Average,False,True,False,True,True,89574,1973.179038752735,44787.0,187.78616352201257,0
3008,1738,Shoes,10916,4,0,Mumbai,IND,2023-04-05,Yes,1.9676707710857,2,139,SAVE10,Not Returned,WH1,Good,False,False,True,False,True,43664,273.5062371809123,8732.8,311.8857142857143,0
2795,1453,Laptop,46802,3,1,Mumbai,IND,2023-04-05,Yes,2.7445401593649748,2,406,OFF20,Returned,WH1,Average,False,False,False,False,False,140406,1114.2833047021797,35101.5,344.97788697788695,0
2755,1988,Laptop,38562,1,1,Mumbai,IN,,N,2.316592884385809,0,70,SAVE10,Returned,WH2,Average,True,False,True,False,False,38562,162.16150190700662,19281.0,543.1267605633802,0
4080,1349,Laptop,8170,2,2,Hyderabad,IN,,N,4.778317170764845,2,338,SAVE10,Returned,WH2,Bad,False,True,True,False,False,16340,1615.0712037185176,5446.666666666667,48.200589970501476,0
2923,1300,Dress,39519,3,3,Chennai,IN,,No,2.174974790619335,0,175,OFF20,Returned,WH2,Good,False,True,True,False,True,118557,380.62058835838366,29639.25,673.6193181818181,0
1653,1057,Dress,92639,3,2,Mumbai,IN,,Yes,3.3400727629247053,0,391,YIrSES,Returned,WH2,Average,False,True,False,False,False,277917,1305.9684503035598,69479.25,708.9719387755102,0
4839,1742,Dress,51454,3,1,Chennai,IND,2023-04-05,Yes,3.9525657551486,0,483,YIrSES,Not Returned,WH3,Bad,True,False,False,False,True,154362,1909.0892597367738,38590.5,318.9297520661157,0
1533,1769,Dress,96445,3,1,Mumbai,India,,Yes,1.6095014565534642,2,461,SAVE10,Returned,WH2,Bad,True,False,False,True,False,289335,741.9801714711471,72333.75,626.2662337662338,0
446,1640,Laptop,30403,4,2,Mumbai,IND,,Yes,1.3519143631809247,2,317,SAVE10,Not Returned,WH2,Average,True,False,True,False,False,121612,428.5568531283531,24322.4,382.42767295597486,0
1519,1933,Laptop,4758,1,1,Delhi,IND,,N,4.084256695752316,1,432,OFF20,Returned,WH3,Average,True,False,False,False,True,4758,1764.3988925650006,2379.0,10.988452655889146,0
4809,1310,Dress,83302,4,2,Delhi,India,2023-04-05,Y,3.3221330925260646,0,232,OFF20,Returned,WH2,Average,False,True,False,False,True,333208,770.734877466047,66641.6,1430.0772532188842,0
1032,1407,Headphones,82542,4,2,Mumbai,India,2023-04-05,Yes,2.7818098903152064,0,323,OFF20,Returned,WH1,Average,True,False,True,False,False,330168,898.5245945718117,66033.6,1019.0370370370371,0
3098,1563,Laptop,43758,2,3,Mumbai,IN,2023-04-05,Yes,2.634939392215833,2,123,YIrSES,Returned,WH1,Average,True,False,False,False,True,87516,324.0975452425474,29172.0,705.7741935483871,0
1478,1030,Laptop,4478,3,2,Delhi,IN,,N,2.233999688679151,2,258,OFF20,Returned,WH1,Good,False,True,False,False,True,13434,576.3719196792209,3358.5,51.86872586872587,0
1101,1892,Laptop,27345,3,1,Delhi,IN,2023-04-05,N,2.117866258145781,2,436,OFF20,Returned,WH3,Good,False,True,False,True,False,82035,923.3896885515605,20508.75,187.72311212814645,0
1832,1664,Dress,11795,2,3,Hyderabad,IND,,Yes,2.359527062673515,2,152,OFF20,Not Returned,WH3,Good,False,False,False,True,True,23590,358.6481135263743,7863.333333333333,154.18300653594773,0
3470,1535,Shoes,31803,3,2,Mumbai,IND,2023-04-05,N,3.986687619559649,2,495,YIrSES,Returned,WH2,Good,False,False,True,False,False,95409,1973.4103716820262,23852.25,192.35685483870967,0
1136,1540,Mobile,91096,2,3,Mumbai,India,2023-04-05,Y,3.953167782039086,2,349,OFF20,Returned,WH1,Good,False,True,True,False,False,182192,1379.655555931641,60730.666666666664,520.5485714285714,0
4739,1895,Mobile,52324,3,2,Hyderabad,IN,2023-04-05,Yes,3.73751959140524,2,418,SAVE10,Returned,WH1,Good,True,False,False,True,False,156972,1562.2831892073905,39243.0,374.63484486873506,0
991,1379,Dress,95345,2,1,Hyderabad,IN,,Yes,4.078147047328768,2,443,YIrSES,Returned,WH2,Bad,True,False,False,True,False,190690,1806.6191419666443,63563.333333333336,429.48198198198196,0
3839,1492,Headphones,31252,4,1,Chennai,IN,,Y,2.2875898520612217,1,251,SAVE10,Returned,WH1,Bad,True,False,False,True,True,125008,574.1850528673666,25001.6,496.06349206349205,0
4905,1683,Mobile,67335,2,0,Mumbai,IN,2023-04-05,No,1.9625830692608013,1,260,SAVE10,Returned,WH2,Bad,False,False,False,True,True,134670,510.27159800780834,44890.0,515.9770114942529,0
1033,1498,Laptop,12972,1,0,Delhi,IND,,N,3.851535228279523,2,431,OFF20,Returned,WH3,Average,False,False,False,True,True,12972,1660.0116833884745,6486.0,30.02777777777778,0
2988,1858,Headphones,68194,4,0,Delhi,IND,,N,1.6341326919914283,1,400,OFF20,Returned,WH2,Average,False,False,False,True,True,272776,653.6530767965713,54555.2,680.2394014962593,0
178,1647,Headphones,25044,2,3,Mumbai,India,,No,4.28805800059987,1,185,YIrSES,Returned,WH2,Bad,False,False,True,False,True,50088,793.2907301109759,16696.0,269.2903225806452,0
3816,1785,Mobile,32875,2,3,Delhi,IND,,No,3.8129985274479448,1,407,YIrSES,Not Returned,WH1,Bad,False,True,True,False,False,65750,1551.8904006713135,21916.666666666668,161.15196078431373,0
35,1002,Shoes,47177,1,3,Delhi,IND,2023-04-05,Y,4.807745426171552,1,46,OFF20,Not Returned,WH1,Good,False,False,True,False,False,47177,221.1562896038914,23588.5,1003.7659574468086,0
4941,1029,Dress,27815,1,1,Chennai,IND,2023-04-05,N,2.021625931688817,2,398,OFF20,Returned,WH1,Good,False,False,False,False,True,27815,804.6071208121491,13907.5,69.71177944862156,0
2257,1719,Laptop,37692,1,3,Hyderabad,IND,,Yes,4.714826316794332,0,269,OFF20,Returned,WH3,Bad,False,True,True,False,False,37692,1268.2882792176752,18846.0,139.6,0
3733,1019,Laptop,41994,2,1,Hyderabad,IN,,N,3.744357825183799,1,416,OFF20,Returned,WH1,Average,True,False,True,False,False,83988,1557.6528552764603,27996.0,201.41007194244605,0
414,1001,Shoes,87355,4,2,Hyderabad,IND,,N,1.9054428358524895,0,483,OFF20,Returned,WH1,Bad,True,False,False,True,False,349420,920.3288897167524,69884.0,721.9421487603306,0
4427,1681,Mobile,90258,1,2,Chennai,IND,,Yes,3.0277648907384185,0,92,YIrSES,Not Returned,WH2,Good,True,False,False,True,False,90258,278.5543699479345,45129.0,970.516129032258,0
3120,1520,Mobile,75230,4,3,Hyderabad,IND,,No,3.793244138157709,2,417,YIrSES,Returned,WH2,Bad,False,False,False,True,False,300920,1581.7828056117646,60184.0,719.9043062200957,0
966,1354,Shoes,57208,4,3,Delhi,IND,,Yes,1.1166313282584488,0,115,OFF20,Returned,WH3,Bad,False,False,False,True,False,228832,128.4126027497216,45766.4,1972.6896551724137,0
898,1662,Headphones,22007,4,3,Delhi,India,,N,4.556841562273066,0,254,YIrSES,Returned,WH2,Average,False,True,False,False,True,88028,1157.4377568173586,17605.6,345.2078431372549,0
567,1898,Headphones,7004,1,2,Mumbai,India,,N,1.5724691163184517,1,484,OFF20,Returned,WH3,Average,False,False,False,False,False,7004,761.0750522981306,3502.0,14.441237113402062,0
3183,1785,Dress,54772,3,0,Mumbai,India,2023-04-05,Yes,2.017096875689353,0,232,YIrSES,Not Returned,WH3,Average,False,True,False,False,True,164316,467.9664751599299,41079.0,705.2188841201717,0
2469,1461,Dress,66538,2,0,Hyderabad,IND,2023-04-05,No,3.978522644695128,1,469,YIrSES,Not Returned,WH3,Average,False,False,True,False,True,133076,1865.9271203620149,44358.666666666664,283.1404255319149,0
3897,1921,Shoes,40650,2,0,Hyderabad,IND,,Y,1.3132619389562317,1,58,SAVE10,Not Returned,WH3,Average,False,False,False,True,True,81300,76.16919245946144,27100.0,1377.9661016949153,0
634,1823,Shoes,35888,4,2,Hyderabad,India,,Y,4.5024473847341415,0,487,SAVE10,Returned,WH3,Average,False,True,False,True,True,143552,2192.6918763655267,28710.4,294.1639344262295,0
2599,1411,Laptop,24172,3,2,Delhi,India,2023-04-05,Yes,2.552535594132176,2,478,SAVE10,Returned,WH1,Average,False,True,False,True,False,72516,1220.1120139951802,18129.0,151.39039665970773,0
3607,1182,Shoes,26210,2,1,Mumbai,IN,,Yes,4.442450020011084,2,52,YIrSES,Returned,WH1,Bad,False,True,True,False,True,52420,231.00740104057638,17473.333333333332,989.0566037735849,0
2478,1131,Mobile,47289,2,3,Hyderabad,IN,,Yes,4.843313941601773,1,275,YIrSES,Returned,WH1,Average,False,True,True,False,True,94578,1331.9113339404876,31526.0,342.67391304347825,0
1806,1996,Mobile,70983,3,1,Mumbai,IND,,N,4.203516204450878,0,81,SAVE10,Returned,WH1,Good,False,True,False,True,True,212949,340.4848125605211,53237.25,2596.939024390244,0
1898,1637,Shoes,44190,3,3,Mumbai,IN,2023-04-05,N,2.9714490539530183,0,245,YIrSES,Not Returned,WH1,Good,False,False,True,False,True,132570,728.0050182184895,33142.5,538.9024390243902,0
1641,1303,Dress,64985,1,1,Delhi,IN,2023-04-05,N,3.3559194225116604,1,403,YIrSES,Not Returned,WH1,Bad,False,False,False,False,True,64985,1352.4355272721991,32492.5,160.8539603960396,0
1204,1829,Dress,29032,3,3,Delhi,IN,,N,2.643718997855376,1,372,YIrSES,Not Returned,WH3,Bad,False,True,False,True,True,87096,983.4634672021998,21774.0,233.50134048257374,0
1174,1919,Headphones,28811,1,3,Hyderabad,IN,,No,1.3298928172356188,1,396,OFF20,Returned,WH1,Bad,True,False,False,True,True,28811,526.637555625305,14405.5,72.57178841309823,0
2145,1039,Shoes,1166,1,3,Mumbai,IN,2023-04-05,N,2.6813199150867453,0,411,YIrSES,Returned,WH1,Average,True,False,False,True,True,1166,1102.0224851006524,583.0,2.8300970873786406,0
4362,1277,Headphones,22610,3,1,Chennai,IN,,No,2.537878727455219,0,497,YIrSES,Not Returned,WH2,Average,True,False,False,False,True,67830,1261.3257275452438,16957.5,136.20481927710844,0
2771,1772,Laptop,37082,4,0,Mumbai,IND,2023-04-05,No,2.862872467087539,0,261,YIrSES,Returned,WH2,Bad,True,False,False,False,True,148328,747.2097139098478,29665.6,566.1374045801526,0
2812,1581,Shoes,10752,1,2,Mumbai,IND,2023-04-05,Y,2.677430160384276,0,358,YIrSES,Not Returned,WH2,Bad,True,False,True,False,True,10752,958.5199974175707,5376.0,29.949860724233982,0
1100,1441,Shoes,96116,4,1,Mumbai,IN,,Y,1.342649265662856,0,339,SAVE10,Not Returned,WH2,Bad,True,False,False,True,True,384464,455.15810105970814,76892.8,1130.7764705882353,0
1083,1338,Headphones,94210,3,2,Chennai,IN,2023-04-05,Yes,1.7094222409775512,0,337,SAVE10,Returned,WH1,Good,False,False,False,True,True,282630,576.0752952094348,70657.5,836.1834319526628,0
1647,1584,Shoes,31827,3,0,Delhi,IND,,Yes,3.4630470800437982,1,345,SAVE10,Not Returned,WH2,Bad,False,True,False,True,True,95481,1194.7512426151104,23870.25,275.9566473988439,0
4617,1423,Headphones,96238,4,0,Delhi,IND,,Yes,4.737441629882861,0,428,SAVE10,Not Returned,WH1,Good,False,True,False,True,False,384952,2027.6250175898645,76990.4,897.3240093240094,0
2210,1077,Mobile,88336,4,0,Delhi,India,,Yes,1.8984972416327075,1,207,SAVE10,Not Returned,WH1,Average,False,True,False,True,False,353344,392.98892901797046,70668.8,1698.7692307692307,0
4782,1804,Mobile,12819,2,2,Chennai,India,,N,1.0495682114068092,1,294,SAVE10,Not Returned,WH1,Average,False,True,False,True,False,25638,308.5730541536019,8546.0,86.90847457627119,0
2382,1674,Headphones,44942,4,3,Mumbai,India,,N,3.420647154214497,1,436,SAVE10,Returned,WH1,Average,False,True,False,True,False,179768,1491.4021592375207,35953.6,411.36842105263156,0
3807,1874,Headphones,24411,4,0,Delhi,IND,2023-04-05,No,4.937336254973881,1,328,SAVE10,Returned,WH1,Average,False,False,True,False,True,97644,1619.446291631433,19528.8,296.790273556231,0
3418,1690,Headphones,85411,4,2,Delhi,IND,2023-04-05,Y,3.173478092446629,1,19,YIrSES,Returned,WH2,Average,False,False,False,False,False,341644,60.29608375648595,68328.8,17082.2,-1
4282,1959,Headphones,64348,2,2,Chennai,IND,2023-04-05,N,2.7212728617590205,2,426,YIrSES,Returned,WH3,Good,False,False,False,False,False,128696,1159.2622391093428,42898.666666666664,301.39578454332553,0
3457,1610,Headphones,40845,4,3,Hyderabad,IND,2023-04-05,N,3.866935143898787,2,493,YIrSES,Not Returned,WH1,Good,False,False,True,False,False,163380,1906.3990259421018,32676.0,330.7287449392713,0
622,1719,Mobile,35445,4,3,Mumbai,IND,,No,3.826149342113311,1,168,SAVE10,Not Returned,WH1,Bad,False,False,True,False,True,141780,642.7930894750363,28356.0,838.9349112426036,0
2948,1804,Shoes,12063,4,3,Hyderabad,IN,,No,1.0517792176132792,1,333,SAVE10,Not Returned,WH2,Average,False,False,False,False,False,48252,350.24247946522195,9650.4,144.46706586826346,0
984,1638,Mobile,22208,2,3,Mumbai,IN,2023-04-05,No,1.456144944856515,0,1,SAVE10,Not Returned,WH1,Average,False,False,True,False,False,44416,1.456144944856515,14805.333333333334,22208.0,-1
4465,1747,Dress,30945,4,2,Mumbai,IN,,N,4.751522975287337,0,47,YIrSES,Not Returned,WH1,Average,False,True,False,False,False,123780,223.32157983850482,24756.0,2578.75,0
626,1410,Dress,81484,2,1,Delhi,IND,,N,4.37433031145442,1,369,YIrSES,Not Returned,WH1,Average,False,True,False,False,True,162968,1614.127884926681,54322.666666666664,440.45405405405404,0
2229,1153,Shoes,47652,3,3,Delhi,IND,,N,4.976152127903903,0,99,SAVE10,Returned,WH2,Average,False,True,True,False,True,142956,492.63906066248643,35739.0,1429.56,0
723,1142,Dress,97836,2,3,Hyderabad,India,,N,3.347315479512201,0,317,OFF20,Returned,WH2,Average,True,False,True,False,True,195672,1061.0990070053676,65224.0,615.3207547169811,0
1211,1542,Dress,28163,4,1,Hyderabad,India,,N,2.91609207338032,1,134,YIrSES,Returned,WH3,Average,True,False,True,False,False,112652,390.75633783296286,22530.4,834.4592592592593,0
1059,1393,Laptop,64113,3,1,Chennai,India,,Yes,2.5371068089138804,1,77,OFF20,Not Returned,WH3,Average,False,False,True,False,False,192339,195.3572242863688,48084.75,2465.8846153846152,0
4375,1453,Shoes,83481,4,0,Mumbai,India,2023-04-05,Yes,1.47108913118439,0,57,SAVE10,Returned,WH3,Average,False,True,False,False,False,333924,83.85208047751024,66784.8,5757.310344827586,0
4187,1888,Dress,68785,1,3,Delhi,India,2023-04-05,Yes,1.3566551454787614,0,115,OFF20,Not Returned,WH2,Average,False,True,False,False,False,68785,156.01534173005757,34392.5,592.9741379310345,0
2510,1340,Headphones,7273,4,1,Delhi,India,2023-04-05,N,1.0530571476509558,1,468,OFF20,Not Returned,WH2,Good,False,False,False,False,False,29092,492.83074510064733,5818.4,62.02985074626866,0
2569,1348,Mobile,92560,1,1,Mumbai,India,,Yes,2.700814338873595,1,321,OFF20,Not Returned,WH2,Bad,False,False,False,False,False,92560,866.9614027784239,46280.0,287.45341614906835,0
1451,1190,Laptop,41881,4,3,Mumbai,IND,,Yes,1.1862476151269847,1,106,YIrSES,Not Returned,WH1,Good,False,False,False,True,False,167524,125.74224720346038,33504.8,1565.6448598130842,0
693,1234,Laptop,93308,4,1,Hyderabad,IND,,Y,3.3726487380607346,0,49,YIrSES,Not Returned,WH3,Bad,True,False,True,False,False,373232,165.259788164976,74646.4,7464.64,0
3738,1915,Shoes,46196,2,2,Delhi,IN,,Y,2.4389054119535745,0,76,SAVE10,Returned,WH3,Bad,True,False,False,False,True,92392,185.35681130847166,30797.333333333332,1199.8961038961038,0
2762,1115,Shoes,10682,2,3,Mumbai,IN,,N,3.8155113361419177,2,276,OFF20,Not Returned,WH3,Bad,True,False,True,False,False,21364,1053.0811287751692,7121.333333333333,77.12635379061372,0
647,1508,Headphones,87981,1,1,Chennai,India,,Y,2.572341297255943,2,186,YIrSES,Not Returned,WH2,Bad,False,False,True,False,True,87981,478.4554812896054,43990.5,470.4866310160428,0
4098,1378,Laptop,50754,2,0,Delhi,IN,,Y,2.7227478477016724,2,297,OFF20,Not Returned,WH2,Good,True,False,True,False,True,101508,808.6561107673967,33836.0,340.6308724832215,0
4290,1407,Mobile,60700,3,0,Mumbai,IND,2023-04-05,N,4.060148483627752,2,428,OFF20,Returned,WH1,Good,True,False,False,True,True,182100,1737.743550992678,45525.0,424.4755244755245,0
1795,1910,Dress,86432,3,0,Delhi,IND,,Y,4.020516171467682,2,200,OFF20,Not Returned,WH2,Average,False,False,False,False,True,259296,804.1032342935363,64824.0,1290.0298507462687,0
749,1653,Laptop,57243,2,0,Mumbai,IND,,Y,3.928912878153921,1,233,OFF20,Not Returned,WH2,Average,False,True,False,False,True,114486,915.4367006098636,38162.0,489.2564102564103,0
4184,1407,Shoes,89341,4,0,Mumbai,IND,,No,2.5533134549110232,1,455,SAVE10,Not Returned,WH3,Average,False,True,False,False,True,357364,1161.7576219845155,71472.8,783.6929824561404,0
1172,1298,Laptop,90302,4,3,Hyderabad,India,,Yes,3.093596105422716,1,424,SAVE10,Returned,WH3,Average,True,False,True,False,False,361208,1311.6847486992317,72241.6,849.9011764705882,0
1970,1363,Headphones,68483,4,3,Chennai,IN,,Y,3.6696849707135337,1,339,OFF20,Returned,WH2,Good,True,False,False,True,False,273932,1244.023205071888,54786.4,805.6823529411764,0
2685,1415,Laptop,4257,1,2,Mumbai,IN,,No,4.63942194515265,1,200,OFF20,Returned,WH1,Bad,True,False,False,True,True,4257,927.88438903053,2128.5,21.17910447761194,0
4521,1575,Dress,99317,4,2,Hyderabad,IND,2023-04-05,Yes,2.908012592946557,0,368,OFF20,Not Returned,WH2,Good,False,False,False,True,False,397268,1070.148634204333,79453.6,1076.6070460704607,0
512,1533,Dress,40865,1,1,Delhi,IND,,No,4.22334308810961,0,94,SAVE10,Returned,WH2,Good,True,False,False,True,True,40865,396.99425028230337,20432.5,430.1578947368421,0
1556,1685,Mobile,64958,3,1,Delhi,IND,,No,3.488090351943708,2,351,SAVE10,Returned,WH1,Average,True,False,False,True,True,194874,1224.3197135322416,48718.5,553.6193181818181,0
4146,1379,Laptop,71839,3,2,Delhi,IND,,No,4.400383899179431,2,103,SAVE10,Returned,WH3,Average,False,False,False,False,True,215517,453.2395416154814,53879.25,2072.278846153846,0
4813,1635,Mobile,61352,1,3,Chennai,IN,,No,4.302731101643353,1,1,SAVE10,Returned,WH3,Average,False,False,False,False,False,61352,4.302731101643353,30676.0,30676.0,-1
701,1743,Mobile,25170,3,2,Mumbai,IN,,No,2.228941687276617,0,168,YIrSES,Returned,WH3,Average,False,False,False,True,False,75510,374.4622034624716,18877.5,446.8047337278106,0
3190,1276,Dress,12747,4,2,Mumbai,IN,2023-04-05,No,3.400941573614661,1,461,YIrSES,Returned,WH3,Bad,True,False,False,False,False,50988,1567.8340654363587,10197.6,110.36363636363636,0
2356,1424,Dress,21481,2,3,Chennai,India,,No,3.560418120438997,1,98,YIrSES,Not Returned,WH2,Bad,False,True,False,True,False,42962,348.9209758030217,14320.666666666666,433.95959595959596,0
3814,1249,Mobile,42252,4,3,Chennai,IND,,Y,4.291408669375253,1,295,YIrSES,Not Returned,WH2,Bad,False,True,False,True,False,169008,1265.9655574656995,33801.6,570.972972972973,0
1899,1538,Mobile,77881,4,3,Hyderabad,IND,,Y,2.004915467636246,1,233,SAVE10,Not Returned,WH2,Bad,False,True,False,True,False,311524,467.1453039592454,62304.8,1331.2991452991453,0
1997,1150,Shoes,13238,3,3,Chennai,IND,2023-04-05,Y,4.547828969255868,2,266,SAVE10,Not Returned,WH2,Bad,False,False,False,True,False,39714,1209.722505822061,9928.5,148.74157303370785,0
2488,1282,Dress,28285,3,1,Mumbai,IND,2023-04-05,No,4.269054939488667,1,146,SAVE10,Not Returned,WH2,Average,False,False,False,True,False,84855,623.2820211653453,21213.75,577.2448979591836,0
3382,1012,Laptop,41688,2,2,Chennai,IND,2023-04-05,No,3.3441119619748463,2,258,YIrSES,Not Returned,WH3,Bad,False,True,False,False,False,83376,862.7808861895103,27792.0,321.9150579150579,0
1022,1404,Laptop,53734,2,2,Chennai,IN,2023-04-05,No,4.447798196379102,1,241,OFF20,Not Returned,WH2,Bad,True,False,False,False,False,107468,1071.9193653273635,35822.666666666664,444.08264462809916,0
1061,1645,Mobile,37956,1,3,Chennai,India,,Yes,2.1438332387564185,0,210,OFF20,Not Returned,WH1,Good,True,False,False,False,False,37956,450.2049801388479,18978.0,179.88625592417063,0
2980,1555,Shoes,30420,4,3,Chennai,IN,,No,3.032493349405191,1,488,OFF20,Not Returned,WH2,Average,False,True,False,False,False,121680,1479.8567545097333,24336.0,248.83435582822085,0
1144,1578,Shoes,84890,1,3,Mumbai,IND,,Yes,3.9060983805170353,1,279,YIrSES,Not Returned,WH1,Average,False,True,True,False,False,84890,1089.8014481642529,42445.0,303.17857142857144,0
490,1514,Shoes,2966,2,0,Hyderabad,IND,,No,3.5661823478448285,1,179,YIrSES,Returned,WH3,Good,True,False,True,False,False,5932,638.3466402642243,1977.3333333333333,32.955555555555556,0
340,1932,Mobile,69602,4,1,Delhi,India,,Y,3.9419375499724474,0,79,YIrSES,Returned,WH2,Average,False,True,False,True,False,278408,311.4130664478233,55681.6,3480.1,0
2886,1409,Mobile,31631,4,3,Hyderabad,IND,,Yes,4.999239617756224,1,88,OFF20,Returned,WH2,Average,False,False,False,True,False,126524,439.9330863625477,25304.8,1421.6179775280898,0
1586,1205,Mobile,10348,2,0,Chennai,India,2023-04-05,No,2.5347501539675896,0,234,SAVE10,Not Returned,WH2,Average,False,True,False,True,False,20696,593.131536028416,6898.666666666667,88.06808510638298,0
3675,1190,Mobile,14119,3,1,Chennai,India,2023-04-05,Yes,3.417024747679461,0,62,OFF20,Not Returned,WH3,Average,False,False,False,True,False,42357,211.85553435612658,10589.25,672.3333333333334,0
2553,1846,Mobile,37105,2,3,Delhi,IN,2023-04-05,N,4.219826427032288,1,439,OFF20,Returned,WH2,Average,False,True,False,True,False,74210,1852.5038014671745,24736.666666666668,168.6590909090909,0
2755,1988,Mobile,38562,1,3,Mumbai,IN,,N,2.316592884385809,0,70,SAVE10,Returned,WH2,Average,True,False,True,False,False,38562,162.16150190700662,19281.0,543.1267605633802,0
906,1957,Mobile,75854,1,3,Chennai,IND,,Yes,4.66571251508418,1,438,SAVE10,Returned,WH2,Good,True,False,False,False,False,75854,2043.5820816068708,37927.0,172.7881548974943,0
2658,1517,Shoes,33496,2,2,Delhi,IN,,Yes,2.9327639703271524,2,414,YIrSES,Not Returned,WH1,Bad,True,False,True,False,False,66992,1214.1642837154411,22330.666666666668,161.4265060240964,0
986,1022,Shoes,68457,3,0,Delhi,IN,2023-04-05,Yes,4.170946581600466,2,246,YIrSES,Not Returned,WH1,Bad,True,False,False,True,False,205371,1026.0528590737147,51342.75,831.4615384615385,0
4812,1378,Dress,42507,2,2,Delhi,India,2023-04-05,N,1.13791487430366,2,211,YIrSES,Not Returned,WH3,Good,False,True,False,True,False,85014,240.10003847807226,28338.0,401.00943396226415,0
4414,1186,Headphones,63703,4,2,Mumbai,IND,2023-04-05,N,3.109871952349788,1,308,YIrSES,Not Returned,WH3,Good,True,False,False,False,False,254812,957.8405613237347,50962.4,824.6343042071197,0
539,1089,Headphones,2372,2,3,Delhi,India,,N,2.6800063690890217,1,167,YIrSES,Returned,WH1,Good,False,False,True,False,False,4744,447.5610636378666,1581.3333333333333,28.238095238095237,0
4196,1938,Mobile,70300,2,3,Delhi,India,2023-04-05,N,2.576853095598222,2,340,YIrSES,Returned,WH1,Good,False,False,True,False,True,140600,876.1300525033955,46866.666666666664,412.316715542522,0
1865,1740,Mobile,76524,1,3,Hyderabad,IND,,Y,2.207029573401977,2,340,YIrSES,Not Returned,WH2,Good,False,True,False,False,True,76524,750.3900549566722,38262.0,224.41055718475073,0
3687,1333,Mobile,53961,4,2,Mumbai,IN,2023-04-05,No,3.746864277113685,0,326,YIrSES,Not Returned,WH2,Good,False,True,True,False,True,215844,1221.4777543390612,43168.8,660.0733944954128,0
3135,1867,Laptop,24258,3,2,Chennai,IND,,N,2.430602162936371,2,48,SAVE10,Not Returned,WH1,Bad,False,False,True,False,False,72774,116.66890382094581,18193.5,1485.1836734693877,0
1579,1417,Shoes,53697,1,0,Hyderabad,IND,,N,1.0016206856319585,2,39,SAVE10,Not Returned,WH1,Bad,False,False,True,False,False,53697,39.06320673964638,26848.5,1342.425,0
4053,1703,Shoes,45731,3,0,Hyderabad,IN,2023-04-05,N,3.626814071890237,2,6,SAVE10,Not Returned,WH3,Average,True,False,False,True,False,137193,21.76088443134142,34298.25,19599.0,-1
3149,1014,Dress,63393,3,0,Mumbai,IN,2023-04-05,N,2.598097932802512,2,416,OFF20,Not Returned,WH1,Good,False,False,False,False,False,190179,1080.8087400458448,47544.75,456.0647482014389,0
86,1359,Headphones,94417,3,3,Mumbai,IN,,N,2.495569038030658,1,176,SAVE10,Not Returned,WH1,Bad,False,True,False,True,False,283251,439.2201506933958,70812.75,1600.2881355932204,0
3658,1330,Mobile,74305,4,3,Mumbai,IND,2023-04-05,Y,4.899071677909598,1,228,OFF20,Returned,WH1,Bad,True,False,False,True,False,297220,1116.9883425633884,59444.0,1297.9039301310045,0
2600,1894,Headphones,13199,1,3,Chennai,India,2023-04-05,Yes,1.863601838744665,1,424,OFF20,Returned,WH1,Average,False,True,False,False,True,13199,790.1671796277379,6599.5,31.056470588235292,0
4411,1654,Laptop,45622,2,3,Delhi,India,2023-04-05,Yes,1.0254346923062996,1,391,YIrSES,Returned,WH2,Bad,False,False,False,False,False,91244,400.9449646917631,30414.666666666668,232.76530612244898,0
4323,1664,Mobile,60052,1,3,Chennai,IND,,Yes,4.516334248986361,1,300,YIrSES,Returned,WH1,Good,True,False,True,False,False,60052,1354.9002746959084,30026.0,199.50830564784053,0
4699,1740,Headphones,98341,2,1,Mumbai,IND,,Y,4.54092377192204,0,401,YIrSES,Returned,WH1,Bad,False,False,True,False,False,196682,1820.9104325407382,65560.66666666667,489.2587064676617,0
3582,1269,Shoes,35651,4,3,Delhi,IN,,N,1.4371291270990043,0,72,OFF20,Returned,WH1,Bad,True,False,False,True,True,142604,103.4732971511283,28520.8,1953.4794520547946,0
3265,1625,Dress,39204,2,2,Hyderabad,IND,2023-04-05,N,2.8289931805535726,0,176,YIrSES,Not Returned,WH1,Average,False,False,False,True,True,78408,497.90279977742875,26136.0,442.9830508474576,0
2651,1512,Dress,20638,2,3,Hyderabad,IN,2023-04-05,N,4.03268444781688,2,324,OFF20,Not Returned,WH3,Average,False,True,True,False,True,41276,1306.5897610926693,13758.666666666666,127.00307692307692,0
4987,1705,Dress,3463,4,3,Delhi,IN,,Y,1.1055341422023548,2,65,OFF20,Not Returned,WH3,Average,False,True,True,False,True,13852,71.85971924315307,2770.4,209.87878787878788,0
2990,1488,Headphones,90461,4,1,Delhi,IN,,No,4.3387235216687285,2,394,OFF20,Not Returned,WH3,Good,False,True,False,True,True,361844,1709.4570675374791,72368.8,916.0607594936708,0
1475,1090,Mobile,30626,3,0,Hyderabad,India,,Y,1.0524251234530642,2,81,OFF20,Not Returned,WH1,Good,False,False,True,False,True,91878,85.2464349996982,22969.5,1120.4634146341464,0
3937,1859,Laptop,22886,1,1,Hyderabad,IN,,Yes,1.4865695516424997,1,280,SAVE10,Not Returned,WH1,Average,False,True,False,True,False,22886,416.2394744598999,11443.0,81.44483985765125,0
237,1658,Laptop,27069,1,2,Hyderabad,IND,,Y,4.530574796033861,1,471,SAVE10,Returned,WH1,Good,False,True,True,False,False,27069,2133.9007289319484,13534.5,57.34957627118644,0
2240,1394,Dress,65543,2,1,Delhi,IND,2023-04-05,No,1.925612596950378,1,21,SAVE10,Returned,WH1,Good,False,True,False,False,True,131086,40.437864535957935,43695.333333333336,5958.454545454545,0
1380,1695,Dress,58702,2,0,Hyderabad,IN,2023-04-05,N,2.02109273991472,1,191,SAVE10,Returned,WH1,Average,True,False,False,False,False,117404,386.02871332371154,39134.666666666664,611.4791666666666,0
1510,1200,Headphones,22003,2,2,Mumbai,IN,,Yes,2.1155078981826527,0,172,OFF20,Not Returned,WH3,Good,True,False,False,False,False,44006,363.86735848741625,14668.666666666666,254.36994219653178,0
1812,1346,Dress,57247,2,2,Delhi,IN,2023-04-05,N,2.938609054020866,2,147,YIrSES,Not Returned,WH1,Good,True,False,False,False,True,114494,431.9755309410673,38164.666666666664,773.6081081081081,0
4387,1115,Dress,3614,3,1,Delhi,IND,2023-04-05,Yes,2.2536268303990865,1,35,SAVE10,Not Returned,WH1,Average,False,False,True,False,True,10842,78.87693906396802,2710.5,301.1666666666667,0
2512,1923,Dress,91672,3,1,Chennai,IND,2023-04-05,No,3.0047342709630698,1,238,SAVE10,Not Returned,WH3,Bad,False,True,True,False,False,275016,715.1267564892106,68754.0,1150.694560669456,0
2855,1535,Shoes,92588,3,2,Delhi,IND,2023-04-05,Y,2.762754144421948,1,304,YIrSES,Not Returned,WH3,Bad,False,False,False,False,False,277764,839.8772599042721,69441.0,910.7016393442623,0
1170,1004,Shoes,58031,4,3,Chennai,India,2023-04-05,N,3.7277257637981194,1,276,OFF20,Not Returned,WH2,Good,True,False,False,False,True,232124,1028.852310808281,46424.8,837.9927797833935,0
4107,1631,Headphones,65746,3,3,Chennai,India,,N,3.809899085121121,2,222,OFF20,Returned,WH2,Good,False,True,False,False,False,197238,845.7975968968889,49309.5,884.4753363228699,0
1529,1428,Laptop,49051,1,2,Chennai,India,2023-04-05,Y,3.318205093925987,2,178,YIrSES,Returned,WH2,Good,False,False,False,False,True,49051,590.6405067188257,24525.5,274.02793296089385,0
4630,1062,Dress,50795,3,2,Delhi,India,,N,1.8330475782980875,1,143,YIrSES,Not Returned,WH2,Good,True,False,True,False,False,152385,262.1258036966265,38096.25,1058.2291666666667,0
3328,1164,Shoes,61961,4,2,Delhi,IN,,Yes,1.84951820127664,2,51,YIrSES,Not Returned,WH2,Average,False,False,False,True,True,247844,94.32542826510864,49568.8,4766.2307692307695,0
25,1339,Shoes,22374,1,0,Mumbai,IN,,Yes,3.4446429032513937,2,224,SAVE10,Not Returned,WH2,Average,True,False,False,True,False,22374,771.6000103283122,11187.0,99.44,0
1885,1727,Mobile,15321,1,0,Hyderabad,India,,Yes,4.045462365946756,2,140,SAVE10,Returned,WH2,Average,False,False,False,False,False,15321,566.3647312325459,7660.5,108.65957446808511,0
4352,1187,Dress,35273,2,0,Delhi,India,,N,3.677862079278501,2,129,YIrSES,Returned,WH1,Average,False,True,True,False,False,70546,474.4442082269266,23515.333333333332,542.6615384615385,0
152,1086,Mobile,96419,2,0,Mumbai,IND,,Yes,1.90332582213908,2,123,SAVE10,Returned,WH1,Average,False,False,False,False,False,192838,234.10907612310686,64279.333333333336,1555.1451612903227,0
399,1896,Laptop,22263,2,0,Delhi,India,,No,3.4551423413051894,1,93,SAVE10,Returned,WH3,Average,False,False,False,True,True,44526,321.3282377413826,14842.0,473.6808510638298,0
4535,1394,Laptop,76871,4,3,Chennai,India,,Y,3.914448841456952,2,133,SAVE10,Returned,WH3,Bad,False,True,False,False,False,307484,520.6216959137746,61496.8,2294.6567164179105,0
1995,1323,Dress,87925,2,0,Chennai,India,2023-04-05,Y,1.1095016930250203,2,282,OFF20,Not Returned,WH3,Bad,False,False,False,True,True,175850,312.87947743305574,58616.666666666664,621.3780918727915,0
1335,1942,Shoes,66740,1,1,Hyderabad,India,,Y,2.5191898517883864,0,337,OFF20,Returned,WH3,Average,True,False,False,True,False,66740,848.9669800526863,33370.0,197.45562130177515,0
2292,1286,Dress,22157,4,1,Chennai,India,,Yes,2.391674497022885,1,143,SAVE10,Returned,WH3,Bad,False,False,True,False,False,88628,342.0094530742726,17725.6,615.4722222222222,0
1431,1360,Dress,63510,2,1,Chennai,India,,Y,2.798335974471782,1,250,SAVE10,Not Returned,WH1,Bad,False,False,True,False,True,127020,699.5839936179456,42340.0,506.0557768924303,0
4435,1691,Headphones,68587,4,1,Chennai,India,2023-04-05,Y,4.504126897536289,1,420,OFF20,Not Returned,WH2,Average,False,False,False,True,False,274348,1891.7332969652414,54869.6,651.6579572446556,0
195,1762,Headphones,3316,2,1,Mumbai,India,2023-04-05,N,4.34267800215823,1,158,SAVE10,Not Returned,WH2,Good,False,False,False,True,False,6632,686.1431243410004,2210.6666666666665,41.710691823899374,0
3952,1929,Headphones,81197,4,1,Hyderabad,India,2023-04-05,No,2.4920748327203963,1,362,SAVE10,Not Returned,WH2,Bad,False,False,False,True,False,324788,902.1310894447835,64957.6,894.732782369146,0
575,1965,Headphones,24992,3,1,Hyderabad,IN,2023-04-05,No,1.507804881735483,0,44,SAVE10,Not Returned,WH2,Good,False,False,True,False,False,74976,66.34341479636126,18744.0,1666.1333333333334,0
4122,1828,Shoes,10561,3,1,Hyderabad,IND,2023-04-05,N,1.5847865778806427,0,198,YIrSES,Not Returned,WH2,Good,False,True,False,True,True,31683,313.78774242036724,7920.75,159.2110552763819,0
4757,1372,Mobile,2768,2,0,Hyderabad,India,2023-04-05,N,3.829235807385847,0,187,OFF20,Returned,WH1,Good,False,True,False,True,True,5536,716.0670959811533,1845.3333333333333,29.4468085106383,0
3710,1373,Shoes,21920,2,2,Mumbai,IN,2023-04-05,Y,2.6197117994552825,2,495,YIrSES,Not Returned,WH2,Good,False,True,False,True,False,43840,1296.7573407303648,14613.333333333334,88.38709677419355,0
699,1545,Headphones,62307,3,0,Hyderabad,IN,2023-04-05,Yes,3.4517204841794635,2,143,SAVE10,Not Returned,WH2,Good,False,False,False,True,True,186921,493.5960292376633,46730.25,1298.0625,0
4716,1988,Dress,56161,4,2,Mumbai,IN,2023-04-05,Yes,1.040298214742156,2,118,SAVE10,Not Returned,WH3,Average,True,False,False,True,True,224644,122.75518933957441,44928.8,1887.764705882353,0
4055,1186,Dress,19560,1,2,Mumbai,India,2023-04-05,Yes,4.773553348739656,1,4,YIrSES,Returned,WH3,Average,True,False,False,False,True,19560,19.094213394958626,9780.0,3912.0,0
4559,1291,Shoes,21559,4,3,Mumbai,IND,2023-04-05,No,3.605109782790825,0,72,YIrSES,Not Returned,WH1,Bad,False,True,True,False,True,86236,259.5679043609394,17247.2,1181.3150684931506,0
4874,1766,Mobile,26259,2,0,Mumbai,IND,,N,1.1630279508312085,1,437,YIrSES,Not Returned,WH3,Bad,False,True,False,True,True,52518,508.2432145132381,17506.0,119.9041095890411,0
4526,1753,Laptop,79030,3,1,Mumbai,IND,,No,2.796920249077248,0,260,YIrSES,Returned,WH3,Bad,False,True,True,False,True,237090,727.1992647600845,59272.5,908.3908045977012,0
3146,1594,Laptop,24960,1,3,Hyderabad,IND,,No,3.2068396386334435,0,293,YIrSES,Returned,WH3,Bad,True,False,False,True,False,24960,939.6040141195989,12480.0,84.89795918367346,0
3567,1970,Laptop,59951,4,1,Hyderabad,IN,,Yes,2.7908303152615943,1,365,YIrSES,Not Returned,WH3,Good,False,False,True,False,False,239804,1018.653065070482,47960.8,655.2021857923497,0
595,1377,Shoes,50953,3,1,Delhi,IND,,N,4.4133445471857,1,54,OFF20,Not Returned,WH3,Average,False,True,True,False,True,152859,238.3206055480278,38214.75,2779.2545454545457,0
3339,1376,Laptop,90974,4,0,Chennai,IND,,Yes,3.9245763391254966,0,147,OFF20,Not Returned,WH3,Good,False,True,True,False,True,363896,576.912721851448,72779.2,2458.7567567567567,0
683,1455,Laptop,70655,3,0,Chennai,IN,,Yes,4.217230057133984,0,106,YIrSES,Not Returned,WH1,Bad,True,False,True,False,True,211965,447.0263860562023,52991.25,1980.981308411215,0
2300,1467,Headphones,6934,2,1,Chennai,IN,,Y,1.1916789361987918,0,20,YIrSES,Returned,WH1,Average,True,False,True,False,True,13868,23.833578723975837,4622.666666666667,660.3809523809524,0
1201,1619,Mobile,34795,3,2,Chennai,India,,Yes,1.955193664475685,2,254,OFF20,Returned,WH3,Good,True,False,False,False,True,104385,496.61919077682404,26096.25,409.3529411764706,0
1383,1664,Laptop,76458,3,2,Delhi,IN,,No,1.5239902712800837,2,280,OFF20,Not Returned,WH3,Bad,False,False,True,False,True,229374,426.71727595842344,57343.5,816.2775800711744,0
3797,1265,Shoes,99326,4,3,Delhi,IND,,Yes,4.652077248228629,1,426,YIrSES,Not Returned,WH1,Bad,False,True,False,True,False,397304,1981.784907745396,79460.8,930.4543325526932,0
2088,1763,Laptop,36141,2,3,Delhi,IND,2023-04-05,Yes,3.1818760797520684,1,347,YIrSES,Not Returned,WH1,Bad,False,False,False,True,False,72282,1104.1109996739679,24094.0,207.70689655172413,0
3160,1053,Laptop,46964,3,3,Delhi,India,2023-04-05,Yes,4.239897358537355,2,368,SAVE10,Not Returned,WH2,Bad,False,True,False,False,False,140892,1560.282227941747,35223.0,381.8211382113821,0
3118,1913,Mobile,66822,2,2,Delhi,IND,2023-04-05,Yes,4.749961420479501,0,178,SAVE10,Not Returned,WH1,Good,False,True,False,False,False,133644,845.4931328453512,44548.0,746.6145251396648,0
392,1173,Dress,18840,2,3,Hyderabad,IND,2023-04-05,No,2.761925205445948,0,82,OFF20,Not Returned,WH1,Average,True,False,False,False,False,37680,226.47786684656774,12560.0,453.9759036144578,0
3408,1812,Laptop,6287,1,3,Hyderabad,India,,Y,3.6872666895993698,1,238,OFF20,Not Returned,WH1,Average,True,False,True,False,False,6287,877.56947212465,3143.5,26.305439330543933,0
1728,1782,Dress,558,3,2,Hyderabad,India,,Yes,1.679273387323672,2,351,SAVE10,Not Returned,WH3,Average,True,False,True,False,False,1674,589.4249589506089,418.5,4.755681818181818,0
2740,1771,Dress,70768,3,3,Delhi,IN,2023-04-05,No,3.5346388207852386,1,337,YIrSES,Returned,WH3,Average,True,False,True,False,False,212304,1191.1732826046255,53076.0,628.1183431952662,0
2072,1347,Shoes,2980,2,3,Delhi,IN,,Yes,4.629733579684138,1,107,YIrSES,Not Returned,WH2,Bad,True,False,True,False,False,5960,495.38149302620275,1986.6666666666667,55.18518518518518,0
4798,1905,Dress,41440,4,1,Chennai,IN,,Y,3.756366281724557,1,93,SAVE10,Not Returned,WH2,Bad,True,False,False,True,True,165760,349.3420642003838,33152.0,1763.404255319149,0
125,1222,Headphones,93924,3,2,Chennai,IN,,N,1.5191628394930845,2,193,OFF20,Returned,WH3,Bad,True,False,False,True,True,281772,293.19842802216533,70443.0,1452.4329896907216,0
863,1378,Headphones,62616,3,1,Chennai,India,,N,3.338689347583645,2,189,SAVE10,Not Returned,WH2,Bad,True,False,True,False,False,187848,631.0122866933089,46962.0,988.6736842105263,0
1543,1470,Dress,27967,2,1,Chennai,IN,2023-04-05,N,3.213774159600155,0,428,YIrSES,Not Returned,WH3,Bad,True,False,False,False,True,55934,1375.4953403088662,18644.666666666668,130.38228438228438,0
1701,1095,Dress,30410,2,0,Hyderabad,IN,2023-04-05,N,2.473879128930237,0,377,SAVE10,Not Returned,WH3,Bad,True,False,False,False,True,60820,932.6524316066993,20273.333333333332,160.8994708994709,0
4694,1465,Dress,33678,3,0,Chennai,India,,N,4.13530803706732,1,190,OFF20,Returned,WH3,Bad,False,False,True,False,True,101034,785.7085270427908,25258.5,528.9738219895288,0
2172,1808,Dress,41828,1,0,Mumbai,IND,,N,3.688162983295336,2,148,YIrSES,Not Returned,WH3,Bad,False,True,False,False,True,41828,545.8481215277097,20914.0,280.7248322147651,0
1280,1636,Mobile,88721,4,2,Hyderabad,IND,,N,4.040716325017149,2,27,YIrSES,Returned,WH2,Bad,False,False,False,True,False,354884,109.09934077546302,70976.8,12674.42857142857,0
1387,1299,Headphones,8020,1,1,Mumbai,IND,,No,3.272968043880067,1,496,OFF20,Not Returned,WH1,Bad,False,False,False,True,True,8020,1623.392149764513,4010.0,16.13682092555332,0
4789,1811,Mobile,57662,1,3,Mumbai,IN,2023-04-05,No,3.294957742995056,1,37,OFF20,Not Returned,WH3,Bad,False,True,False,True,True,57662,121.91343649081706,28831.0,1517.421052631579,0
3513,1323,Mobile,36270,1,1,Mumbai,IN,2023-04-05,No,2.662683451899144,1,31,SAVE10,Not Returned,WH1,Good,False,True,False,True,True,36270,82.54318700887346,18135.0,1133.4375,0
4202,1933,Mobile,85905,4,3,Delhi,IN,,N,3.523434431386544,2,235,SAVE10,Returned,WH1,Bad,False,True,False,False,False,343620,828.007091375838,68724.0,1456.0169491525423,0
1224,1379,Mobile,67803,2,1,Delhi,IND,,N,3.025981688664536,1,250,OFF20,Returned,WH1,Bad,False,False,False,False,True,135606,756.495422166134,45202.0,540.2629482071713,0
1110,1239,Shoes,34275,4,0,Delhi,India,,N,4.879409540313695,1,183,SAVE10,Not Returned,WH3,Good,False,False,False,True,False,137100,892.9319458774062,27420.0,745.1086956521739,0
1716,1621,Shoes,34350,1,3,Mumbai,India,,N,2.851311508338837,1,345,OFF20,Not Returned,WH1,Average,False,False,False,False,False,34350,983.7024703768989,17175.0,99.27745664739885,0
2602,1344,Laptop,7367,1,2,Hyderabad,IN,2023-04-05,N,3.2408373328185025,0,226,OFF20,Not Returned,WH2,Average,False,False,False,False,False,7367,732.4292372169816,3683.5,32.45374449339207,0
1686,1945,Headphones,50419,1,1,Hyderabad,IND,,Y,2.736755494112073,0,424,OFF20,Returned,WH2,Bad,False,False,False,False,False,50419,1160.384329503519,25209.5,118.6329411764706,0
2073,1472,Headphones,28685,1,1,Hyderabad,IND,,Yes,4.8410966623213225,0,198,SAVE10,Not Returned,WH2,Average,True,False,False,True,False,28685,958.5371391396219,14342.5,144.14572864321607,0
1527,1789,Shoes,69156,4,2,Delhi,India,,Yes,4.223037007136211,0,352,OFF20,Not Returned,WH2,Average,False,False,True,False,False,276624,1486.5090265119463,55324.8,783.6373937677054,0
1979,1910,Shoes,17796,1,3,Hyderabad,IN,,N,1.7658128919154832,0,223,OFF20,Not Returned,WH3,Bad,False,True,False,True,False,17796,393.77627489715275,8898.0,79.44642857142857,0
837,1849,Shoes,68339,4,3,Delhi,India,,Yes,2.39095486156345,0,141,SAVE10,Not Returned,WH1,Bad,False,True,True,False,False,273356,337.1246354804465,54671.2,1925.0422535211267,0
4330,1616,Mobile,81085,1,3,Mumbai,India,,Yes,2.133884702918582,0,360,SAVE10,Not Returned,WH3,Good,False,False,False,False,True,81085,768.1984930506895,40542.5,224.61218836565098,0
2733,1253,Shoes,69489,3,2,Chennai,India,,Y,3.675428492455107,2,153,SAVE10,Returned,WH2,Bad,False,False,False,False,True,208467,562.3405593456314,52116.75,1353.6818181818182,0
3025,1461,Headphones,85013,4,3,Hyderabad,India,,N,4.189391134194807,2,349,SAVE10,Returned,WH3,Average,True,False,True,False,False,340052,1462.0975058339877,68010.4,971.5771428571428,0
4491,1246,Shoes,40405,4,3,Delhi,India,2023-04-05,N,2.479053733358383,1,335,OFF20,Returned,WH1,Good,False,False,False,False,False,161620,830.4830006750583,32324.0,481.01190476190476,0
2591,1760,Headphones,60792,4,1,Chennai,India,,N,2.551770330374729,1,185,OFF20,Returned,WH3,Good,True,False,False,False,False,243168,472.0775111193248,48633.6,1307.3548387096773,0
4244,1103,Laptop,78771,3,1,Chennai,IN,,Yes,1.406618986884829,1,244,OFF20,Not Returned,WH1,Bad,False,False,False,True,False,236313,343.21503279989827,59078.25,964.5428571428571,0
2170,1612,Mobile,87342,3,1,Delhi,India,2023-04-05,No,2.961193114213072,0,125,SAVE10,Not Returned,WH2,Bad,False,False,True,False,False,262026,370.149139276634,65506.5,2079.5714285714284,0
2511,1787,Shoes,88091,4,1,Delhi,IND,2023-04-05,Y,2.279849126712892,0,459,SAVE10,Not Returned,WH2,Good,True,False,False,True,True,352364,1046.4507491612176,70472.8,766.008695652174,0
410,1334,Shoes,17629,3,3,Chennai,IND,2023-04-05,No,4.061385766795467,2,226,OFF20,Not Returned,WH3,Good,False,False,False,False,False,52887,917.8731832957754,13221.75,232.98237885462555,0
4548,1432,Dress,77301,4,3,Mumbai,India,,Yes,1.387062058631257,0,410,SAVE10,Not Returned,WH3,Bad,False,False,False,True,False,309204,568.6954440388154,61840.8,752.3211678832117,0
3347,1643,Headphones,13493,1,3,Chennai,India,2023-04-05,N,3.821564957161296,0,298,OFF20,Not Returned,WH3,Bad,True,False,False,True,False,13493,1138.826357234066,6746.5,45.12709030100334,0
2158,1068,Mobile,28630,3,0,Delhi,IN,,N,3.542048398203313,2,338,SAVE10,Not Returned,WH3,Good,False,False,False,False,True,85890,1197.2123585927197,21472.5,253.36283185840708,0
1415,1160,Dress,26770,1,3,Chennai,IN,,Y,2.1642445270001294,0,404,YIrSES,Returned,WH2,Good,True,False,False,False,True,26770,874.3547889080522,13385.0,66.09876543209876,0
4400,1005,Laptop,93235,2,3,Chennai,IND,,No,2.344809895595072,2,406,YIrSES,Returned,WH2,Good,False,False,False,False,True,186470,951.9928176115992,62156.666666666664,458.15724815724815,0
2843,1595,Dress,39731,1,2,Mumbai,IND,,No,4.383400130237842,0,326,YIrSES,Not Returned,WH3,Average,False,True,True,False,True,39731,1428.9884424575364,19865.5,121.50152905198777,0
3133,1009,Dress,9781,2,1,Delhi,IND,,Yes,1.6912022114012526,2,20,SAVE10,Returned,WH3,Average,False,True,False,True,True,19562,33.82404422802505,6520.666666666667,931.5238095238095,0
116,1661,Headphones,77417,2,3,Delhi,IN,2023-04-05,No,2.889475654015752,2,483,SAVE10,Returned,WH2,Good,False,True,False,False,True,154834,1395.616740889608,51611.333333333336,319.90495867768595,0
1902,1770,Laptop,35846,3,0,Mumbai,IND,2023-04-05,Yes,4.889733525383799,2,211,SAVE10,Not Returned,WH2,Good,False,True,False,False,False,107538,1031.7337738559816,26884.5,507.25471698113205,0
2912,1744,Dress,51522,3,0,Chennai,IN,2023-04-05,N,1.512633430176597,0,167,SAVE10,Returned,WH1,Bad,True,False,True,False,False,154566,252.6097828394917,38641.5,920.0357142857143,0
4733,1140,Dress,9478,4,3,Hyderabad,IN,,No,2.5210497348333183,1,364,SAVE10,Not Returned,WH3,Bad,True,False,True,False,False,37912,917.6621034793278,7582.4,103.86849315068493,0
1605,1027,Mobile,76946,2,3,Hyderabad,IN,,No,4.059744801606696,0,32,YIrSES,Not Returned,WH2,Good,True,False,False,False,False,153892,129.91183365141427,51297.333333333336,4663.393939393939,0
4909,1664,Shoes,55341,1,2,Delhi,IND,,No,2.747571366732816,1,66,YIrSES,Returned,WH3,Bad,False,False,False,False,False,55341,181.33971020436584,27670.5,825.9850746268656,0
1488,1762,Dress,9953,3,0,Delhi,India,,No,4.102770167069394,1,377,YIrSES,Returned,WH2,Average,False,False,False,False,True,29859,1546.7443529851616,7464.75,78.9920634920635,0
1995,1323,Dress,87925,2,0,Chennai,India,2023-04-05,Y,1.1095016930250203,1,282,OFF20,Not Returned,WH2,Bad,False,False,False,True,True,175850,312.87947743305574,58616.666666666664,621.3780918727915,0
4513,1056,Dress,28524,2,0,Delhi,India,,N,2.66428190744548,1,172,OFF20,Not Returned,WH1,Good,False,False,False,True,True,57048,458.25648808062255,19016.0,329.757225433526,0
4783,1813,Headphones,78991,4,0,Chennai,India,2023-04-05,N,1.7756043797515435,0,430,SAVE10,Not Returned,WH1,Bad,True,False,True,False,False,315964,763.5098832931637,63192.8,733.0951276102088,0
1710,1806,Headphones,17132,1,2,Chennai,India,,N,4.092810555272774,0,1,YIrSES,Not Returned,WH1,Bad,True,False,True,False,True,17132,4.092810555272774,8566.0,8566.0,-1
4910,1221,Headphones,53398,1,3,Delhi,India,,N,4.663067441475127,0,27,SAVE10,Returned,WH1,Good,False,False,False,True,True,53398,125.90282091982844,26699.0,1907.0714285714287,0
1452,1051,Dress,22101,4,0,Hyderabad,IND,2023-04-05,N,2.666192016146848,2,334,YIrSES,Returned,WH1,Bad,False,False,False,True,True,88404,890.5081333930473,17680.8,263.89253731343285,0
4498,1238,Mobile,18503,4,0,Hyderabad,IN,2023-04-05,Y,4.0041828413192775,2,49,YIrSES,Not Returned,WH2,Bad,True,False,True,False,False,74012,196.2049592246446,14802.4,1480.24,0
3310,1652,Headphones,50433,3,1,Chennai,IN,2023-04-05,No,2.115724266157726,2,446,SAVE10,Not Returned,WH1,Bad,False,True,False,True,False,151299,943.6130227063458,37824.75,338.4765100671141,0
668,1635,Shoes,62139,4,0,Hyderabad,IN,,Yes,3.5008975318223645,1,231,SAVE10,Not Returned,WH1,Average,False,True,False,True,False,248556,808.7073298509662,49711.2,1071.3620689655172,0
2275,1686,Shoes,5298,4,3,Hyderabad,IND,,No,2.601191412641138,0,372,SAVE10,Returned,WH3,Average,False,True,True,False,False,21192,967.6432055025034,4238.4,56.815013404825734,0
4228,1181,Shoes,98874,4,1,Mumbai,IND,,Y,1.2935008267886028,0,81,YIrSES,Returned,WH2,Average,False,False,True,False,True,395496,104.77356696987682,79099.2,4823.121951219512,0
3007,1555,Shoes,33320,4,1,Hyderabad,IN,,Y,3.488868318648769,0,348,YIrSES,Returned,WH2,Bad,False,False,True,False,True,133280,1214.1261748897716,26656.0,381.89111747851,0
202,1390,Mobile,51052,1,1,Hyderabad,IND,,Y,4.758962937605469,2,116,OFF20,Returned,WH3,Bad,True,False,True,False,True,51052,552.0397007622345,25526.0,436.34188034188037,0
2730,1939,Mobile,24627,2,1,Chennai,IND,,No,1.1071543356635076,0,215,SAVE10,Not Returned,WH1,Good,False,True,True,False,True,49254,238.03818216765413,16418.0,228.02777777777777,0
2606,1059,Dress,81154,3,0,Chennai,IND,,Yes,4.762596924978155,0,198,OFF20,Returned,WH1,Good,True,False,False,False,True,243462,942.9941911456747,60865.5,1223.427135678392,0
194,1884,Dress,2327,4,2,Mumbai,IN,,N,1.470522728832889,0,208,OFF20,Returned,WH1,Bad,True,False,False,True,False,9308,305.86872759724093,1861.6,44.535885167464116,0
2047,1794,Dress,2884,1,3,Chennai,IN,,N,4.941310311120123,0,429,OFF20,Returned,WH1,Average,False,True,True,False,False,2884,2119.822123470533,1442.0,6.706976744186046,0
1389,1659,Shoes,65401,3,2,Delhi,India,,N,3.497216328381476,0,318,OFF20,Returned,WH1,Bad,False,False,False,False,False,196203,1112.1147924253094,49050.75,615.0564263322884,0
2775,1401,Headphones,78875,3,0,Delhi,India,2023-04-05,N,3.5010593458727586,1,4,SAVE10,Returned,WH1,Good,False,False,False,False,False,236625,14.004237383491034,59156.25,47325.0,-1
1342,1195,Shoes,45302,3,0,Chennai,IN,2023-04-05,N,3.1873363279930578,2,489,SAVE10,Not Returned,WH2,Bad,False,False,False,True,False,135906,1558.6074643886052,33976.5,277.3591836734694,0
1377,1712,Headphones,4469,3,2,Hyderabad,IND,2023-04-05,No,2.628444781692453,2,379,SAVE10,Not Returned,WH2,Good,True,False,True,False,False,13407,996.1805722614397,3351.75,35.28157894736842,0
874,1880,Laptop,56128,3,2,Hyderabad,IND,2023-04-05,Yes,4.349058842068692,2,231,OFF20,Returned,WH2,Average,False,True,False,True,True,168384,1004.6325925178679,42096.0,725.7931034482758,0
3701,1034,Headphones,88436,4,3,Mumbai,India,,N,3.2494416016662857,2,318,YIrSES,Returned,WH2,Bad,False,False,True,False,True,353744,1033.3224293298788,70748.8,1108.9153605015674,0
989,1071,Headphones,82000,3,3,Mumbai,IND,2023-04-05,No,3.2905998850681137,1,308,YIrSES,Returned,WH1,Bad,False,False,True,False,False,246000,1013.504764600979,61500.0,796.1165048543689,0
507,1880,Mobile,56283,1,0,Hyderabad,India,2023-04-05,N,2.832640519225994,0,279,SAVE10,Returned,WH2,Good,False,True,True,False,False,56283,790.3067048640522,28141.5,201.01071428571427,0
3365,1378,Dress,75564,4,0,Delhi,IN,2023-04-05,N,2.8753759192819,0,34,SAVE10,Not Returned,WH1,Good,True,False,False,True,False,302256,97.7627812555846,60451.2,8635.885714285714,0
1819,1818,Mobile,20794,2,0,Delhi,India,,No,3.508790248193125,0,360,YIrSES,Not Returned,WH1,Good,True,False,True,False,False,41588,1263.164489349525,13862.666666666666,115.202216066482,0
4145,1841,Laptop,21383,3,1,Hyderabad,India,2023-04-05,No,3.344908117354588,2,386,YIrSES,Not Returned,WH1,Average,False,False,False,True,False,64149,1291.134533298871,16037.25,165.75968992248062,0
3846,1407,Shoes,91044,3,2,Delhi,IN,,Yes,3.874507985462476,0,312,OFF20,Not Returned,WH2,Average,False,False,False,True,True,273132,1208.8464914642925,68283.0,872.626198083067,0
3829,1728,Laptop,85530,1,2,Hyderabad,IND,,Yes,1.956387260601323,1,296,OFF20,Returned,WH1,Average,False,True,True,False,True,85530,579.0906291379916,42765.0,287.979797979798,0
1507,1391,Laptop,70434,4,1,Delhi,IND,,N,3.0261742508156746,2,256,OFF20,Returned,WH3,Bad,False,False,True,False,True,281736,774.7006082088127,56347.2,1096.249027237354,0
4003,1904,Headphones,26790,4,1,Hyderabad,IND,,Y,4.78924038998648,2,231,YIrSES,Not Returned,WH2,Good,False,False,True,False,True,107160,1106.3145300868769,21432.0,461.8965517241379,0
1621,1887,Dress,5830,3,1,Mumbai,India,,No,2.180184148108269,2,124,SAVE10,Not Returned,WH2,Average,False,False,False,False,True,17490,270.34283436542535,4372.5,139.92,0
3459,1994,Mobile,22556,4,2,Delhi,IN,,No,3.502135369919545,2,292,YIrSES,Not Returned,WH2,Average,False,False,False,False,False,90224,1022.6235280165072,18044.8,307.93174061433444,0
72,1271,Mobile,79268,2,3,Delhi,IN,,Y,4.420387918072407,1,71,YIrSES,Not Returned,WH2,Good,False,True,False,True,True,158536,313.84754218314094,52845.333333333336,2201.8888888888887,0
4438,1181,Mobile,99517,3,1,Mumbai,India,2023-04-05,Y,2.5167541276350462,2,479,SAVE10,Returned,WH3,Good,False,True,False,True,True,298551,1205.5252271371871,74637.75,621.98125,0
1467,1617,Laptop,62589,2,3,Mumbai,India,2023-04-05,Y,2.935814146665911,2,142,YIrSES,Returned,WH3,Good,False,True,False,False,True,125178,416.8856088265594,41726.0,875.3706293706293,0
2655,1603,Headphones,94929,1,3,Delhi,IN,,No,3.342328420888916,2,374,OFF20,Not Returned,WH3,Good,False,True,False,False,True,94929,1250.0308294124545,47464.5,253.144,0
4961,1336,Headphones,32563,3,1,Mumbai,IND,,Yes,4.9822945946666,0,390,SAVE10,Not Returned,WH3,Good,False,False,False,False,False,97689,1943.094891919974,24422.25,249.84398976982098,0
4999,1255,Headphones,87588,2,2,Hyderabad,India,,Yes,2.974399740475828,0,302,YIrSES,Returned,WH3,Good,False,False,False,True,False,175176,898.2687216237,58392.0,578.1386138613861,0
3859,1409,Dress,68616,3,2,Delhi,India,,Y,2.1203342171485606,0,202,SAVE10,Returned,WH3,Bad,False,False,False,True,True,205848,428.30751186400926,51462.0,1014.0295566502463,0
3293,1489,Dress,12094,3,0,Chennai,IN,,Yes,3.642562982917648,1,120,SAVE10,Returned,WH2,Bad,False,True,False,True,False,36282,437.1075579501178,9070.5,299.8512396694215,0
3166,1603,Dress,83452,3,3,Mumbai,IND,,Yes,2.6124595708588534,1,166,OFF20,Not Returned,WH2,Good,False,True,False,False,False,250356,433.66828876256966,62589.0,1499.1377245508982,0
2725,1384,Laptop,43992,2,1,Hyderabad,IND,2023-04-05,N,4.710405817870981,1,150,OFF20,Not Returned,WH3,Good,False,True,False,True,True,87984,706.5608726806472,29328.0,582.6754966887418,0
2281,1442,Laptop,15754,2,1,Mumbai,IND,,Y,4.206765178379892,0,229,YIrSES,Not Returned,WH3,Average,False,True,False,False,True,31508,963.3492258489953,10502.666666666666,136.9913043478261,0
4057,1332,Shoes,54612,3,3,Mumbai,India,,No,1.9635005356927568,2,111,YIrSES,Returned,WH3,Average,False,True,True,False,True,163836,217.948559461896,40959.0,1462.8214285714287,0
4421,1688,Mobile,62201,4,3,Mumbai,India,,N,3.2980320181229623,0,189,YIrSES,Not Returned,WH1,Bad,True,False,False,False,False,248804,623.3280514252399,49760.8,1309.4947368421053,0
467,1845,Mobile,61387,1,3,Mumbai,India,,N,1.0292678333134568,0,405,YIrSES,Returned,WH1,Bad,True,False,False,False,False,61387,416.85347249195,30693.5,151.19950738916256,0
3277,1870,Headphones,3706,4,0,Mumbai,IN,,Y,1.3008336738793602,0,309,OFF20,Returned,WH1,Good,True,False,False,False,True,14824,401.9576052287223,2964.8,47.81935483870968,0
3956,1784,Headphones,70598,1,0,Chennai,India,2023-04-05,No,4.556316423236632,2,150,OFF20,Returned,WH1,Good,True,False,False,False,True,70598,683.4474634854948,35299.0,467.5364238410596,0
690,1191,Headphones,25135,1,3,Mumbai,IN,2023-04-05,No,2.555606061908879,0,312,YIrSES,Returned,WH1,Bad,True,False,False,True,True,25135,797.3490913155703,12567.5,80.3035143769968,0
821,1765,Headphones,52419,4,1,Delhi,India,2023-04-05,N,1.018644361002218,2,199,OFF20,Not Returned,WH1,Average,True,False,False,True,False,209676,202.7102278394414,41935.2,1048.38,0
4831,1672,Dress,67269,1,1,Delhi,IN,,N,1.1832414411152263,2,320,OFF20,Returned,WH2,Average,False,False,False,True,False,67269,378.63726115687246,33634.5,209.5607476635514,0
2489,1846,Laptop,85609,4,1,Chennai,India,2023-04-05,N,3.3653230031368437,2,158,OFF20,Returned,WH2,Average,False,False,False,True,True,342436,531.7210344956213,68487.2,2153.685534591195,0
1972,1085,Mobile,29031,4,0,Mumbai,IND,,Yes,3.848541145752167,1,255,OFF20,Returned,WH2,Good,False,False,False,True,False,116124,981.3779921668026,23224.8,453.609375,0
473,1865,Dress,63478,3,0,Delhi,IN,2023-04-05,No,4.109188821980522,1,143,OFF20,Not Returned,WH1,Average,False,False,False,True,False,190434,587.6140015432147,47608.5,1322.4583333333333,0
3145,1733,Mobile,86372,3,3,Delhi,India,,N,3.779401326088615,1,176,OFF20,Returned,WH1,Bad,False,True,True,False,True,259116,665.1746333915962,64779.0,1463.9322033898304,0
1581,1186,Shoes,74376,1,2,Chennai,India,,N,4.291111847544675,2,71,OFF20,Not Returned,WH2,Average,False,True,True,False,True,74376,304.66894117567193,37188.0,1033.0,0
3820,1314,Laptop,66399,4,2,Chennai,IND,,N,2.651448291127054,0,9,YIrSES,Returned,WH2,Good,False,True,True,False,False,265596,23.863034620143484,53119.2,26559.6,-1
4953,1302,Mobile,60726,2,0,Chennai,IND,,No,4.978775515116256,0,297,SAVE10,Returned,WH1,Bad,True,False,True,False,True,121452,1478.696327989528,40484.0,407.5570469798658,0
1207,1219,Shoes,58140,4,0,Hyderabad,India,,No,1.5892466205634983,2,312,YIrSES,Returned,WH1,Good,True,False,False,True,True,232560,495.84494561581147,46512.0,743.0031948881789,0
444,1014,Headphones,80779,4,1,Chennai,IN,2023-04-05,No,1.5563743561778547,2,101,OFF20,Returned,WH1,Bad,True,False,False,True,False,323116,157.1938099739633,64623.2,3167.8039215686276,0
2138,1666,Shoes,98723,4,3,Chennai,India,2023-04-05,No,4.989758397741486,2,451,OFF20,Returned,WH3,Bad,False,False,False,True,False,394892,2250.3810373814104,78978.4,873.6548672566372,0
979,1022,Shoes,30680,1,3,Delhi,India,,No,2.557291907597928,1,110,SAVE10,Returned,WH2,Bad,False,False,False,False,True,30680,281.3021098357721,15340.0,276.39639639639637,0
1424,1811,Mobile,86143,3,0,Hyderabad,India,,N,1.3005647322453906,1,284,SAVE10,Not Returned,WH2,Bad,False,True,False,False,False,258429,369.36038395769094,64607.25,906.7684210526315,0
792,1632,Shoes,84600,1,2,Hyderabad,India,,N,2.724056750742267,1,156,OFF20,Not Returned,WH3,Bad,False,True,False,False,False,84600,424.9528531157937,42300.0,538.8535031847134,0
882,1082,Laptop,55948,4,0,Delhi,IN,,Y,2.9277621905752333,0,131,SAVE10,Not Returned,WH2,Average,False,False,False,False,False,223792,383.53684696535555,44758.4,1695.3939393939395,0
2803,1715,Mobile,13479,4,0,Hyderabad,India,2023-04-05,No,1.3930531367335948,2,109,SAVE10,Returned,WH3,Bad,True,False,False,True,True,53916,151.84279190396182,10783.2,490.1454545454545,0
1198,1861,Mobile,54274,3,0,Hyderabad,India,,No,2.3838696529613053,0,280,SAVE10,Not Returned,WH3,Bad,True,False,True,False,False,162822,667.4835028291654,40705.5,579.4377224199288,0
3297,1056,Dress,56394,4,1,Hyderabad,India,,Y,1.8932591234272629,2,432,SAVE10,Not Returned,WH1,Bad,True,False,False,True,False,225576,817.8879413205775,45115.2,520.9607390300231,0
1929,1032,Dress,25964,1,2,Delhi,IND,2023-04-05,Yes,3.661265053821906,1,145,SAVE10,Returned,WH2,Bad,True,False,False,True,False,25964,530.8834328041763,12982.0,177.83561643835617,0
1568,1165,Headphones,16300,4,1,Mumbai,IN,,Y,1.0522839117037814,1,317,SAVE10,Returned,WH2,Bad,True,False,False,True,False,65200,333.5740000100987,13040.0,205.0314465408805,0
2757,1899,Shoes,99949,1,3,Delhi,IND,,N,1.353575682746571,2,235,OFF20,Returned,WH1,Bad,True,False,False,True,False,99949,318.0902854454442,49974.5,423.51271186440675,0
2121,1015,Mobile,35003,3,1,Hyderabad,India,,N,3.4247451252744816,1,355,SAVE10,Returned,WH3,Bad,False,True,False,True,True,105009,1215.784519472441,26252.25,294.9691011235955,0
2759,1142,Shoes,13464,4,1,Chennai,India,,Yes,4.548295655517748,1,254,SAVE10,Returned,WH3,Bad,True,False,False,True,True,53856,1155.267096501508,10771.2,211.2,0
3968,1528,Shoes,72483,1,3,Chennai,IN,,N,2.909953489209361,0,119,SAVE10,Returned,WH3,Good,True,False,True,False,True,72483,346.28446521591394,36241.5,604.025,0
3868,1255,Dress,28740,3,3,Mumbai,IN,,N,3.3013927340422238,1,247,OFF20,Returned,WH1,Bad,False,True,True,False,True,86220,815.4440053084293,21555.0,347.66129032258067,0
4221,1867,Shoes,76255,1,3,Mumbai,India,,N,1.237895224766731,1,394,YIrSES,Returned,WH3,Bad,False,True,False,False,True,76255,487.730718558092,38127.5,193.0506329113924,0
849,1862,Shoes,67277,2,1,Chennai,India,,N,2.7641823294620957,1,377,YIrSES,Returned,WH1,Good,False,True,False,True,True,134554,1042.0967382072101,44851.333333333336,355.962962962963,0
4452,1280,Dress,24802,3,2,Chennai,IND,,No,2.5095593079760925,1,17,YIrSES,Not Returned,WH1,Good,False,True,False,True,True,74406,42.66250823559357,18601.5,4133.666666666667,0
2700,1361,Headphones,69095,4,2,Delhi,IN,,N,2.847584388974965,0,287,SAVE10,Not Returned,WH1,Bad,False,True,False,False,False,276380,817.256719635815,55276.0,959.6527777777778,0
3270,1826,Headphones,37556,3,2,Delhi,IND,,Y,1.4537642715225458,1,162,SAVE10,Not Returned,WH3,Average,False,True,False,False,False,112668,235.50981198665244,28167.0,691.2147239263803,0
4385,1488,Laptop,82780,1,2,Mumbai,IND,,Y,4.685043022131372,1,244,OFF20,Not Returned,WH1,Average,False,True,False,False,False,82780,1143.1504974000547,41390.0,337.8775510204082,0
197,1058,Laptop,4248,1,2,Hyderabad,IND,,Yes,3.821015856496402,1,491,SAVE10,Not Returned,WH3,Good,False,True,False,True,True,4248,1876.1187855397334,2124.0,8.634146341463415,0
3729,1751,Shoes,67739,3,2,Delhi,IN,,N,1.7247703001429375,2,26,SAVE10,Returned,WH1,Good,True,False,True,False,False,203217,44.84402780371637,50804.25,7526.555555555556,0
1495,1124,Headphones,88337,2,3,Hyderabad,India,,Y,2.219580360039725,2,16,OFF20,Not Returned,WH3,Good,False,True,False,True,False,176674,35.5132857606356,58891.333333333336,10392.588235294117,0
3313,1495,Mobile,42820,3,1,Hyderabad,India,2023-04-05,Y,4.290567691882487,2,453,YIrSES,Not Returned,WH3,Bad,True,False,True,False,True,128460,1943.6271644227666,32115.0,282.9515418502203,0
4900,1956,Mobile,28147,2,2,Mumbai,IND,2023-04-05,Y,1.0305875320120812,2,348,YIrSES,Returned,WH2,Bad,True,False,True,False,True,56294,358.64446114020427,18764.666666666668,161.30085959885386,0
206,1552,Laptop,19057,1,1,Hyderabad,IND,2023-04-05,N,2.6487183443251068,0,149,OFF20,Returned,WH2,Good,False,True,False,False,True,19057,394.6590333044409,9528.5,127.04666666666667,0
1690,1824,Laptop,85210,3,1,Hyderabad,IND,,N,1.8819398591447265,0,328,YIrSES,Returned,WH3,Average,False,False,True,False,True,255630,617.2762737994703,63907.5,776.9908814589666,0
1909,1974,Headphones,90664,3,3,Delhi,IN,,N,2.724839453705919,1,242,YIrSES,Returned,WH2,Average,False,True,False,True,True,271992,659.4111477968323,67998.0,1119.3086419753085,0
4899,1917,Headphones,1155,4,3,Delhi,India,,Yes,3.785554637306555,0,221,YIrSES,Returned,WH2,Average,True,False,False,True,True,4620,836.6075748447487,924.0,20.81081081081081,0
4585,1014,Headphones,797,3,2,Delhi,India,,Yes,4.005797443427842,0,96,YIrSES,Not Returned,WH3,Good,False,False,False,True,True,2391,384.5565545690729,597.75,24.649484536082475,0
4750,1174,Laptop,77908,1,1,Mumbai,India,,Yes,3.904274261808294,0,406,YIrSES,Not Returned,WH1,Bad,False,True,False,True,True,77908,1585.1353502941674,38954.0,191.42014742014743,0
4352,1187,Dress,35273,2,1,Delhi,India,,N,3.677862079278501,0,129,YIrSES,Returned,WH1,Average,False,True,True,False,True,70546,474.4442082269266,23515.333333333332,542.6615384615385,0
2635,1959,Mobile,58695,4,1,Chennai,IND,,N,2.12838563993771,0,313,YIrSES,Returned,WH2,Average,True,False,True,False,True,234780,666.1847053005033,46956.0,747.7070063694267,0
1225,1812,Mobile,49969,2,2,Mumbai,IND,2023-04-05,N,3.06360980348047,2,316,YIrSES,Returned,WH1,Average,False,False,True,False,True,99938,968.1006978998286,33312.666666666664,315.2618296529968,0
1002,1527,Headphones,44522,1,3,Chennai,India,,Yes,1.901304694443772,2,258,YIrSES,Returned,WH1,Average,True,False,True,False,True,44522,490.5366111664932,22261.0,171.8996138996139,0
4663,1953,Headphones,70370,1,3,Hyderabad,India,,Yes,3.4739969680915217,1,216,YIrSES,Not Returned,WH1,Bad,False,False,False,False,True,70370,750.3833451077687,35185.0,324.2857142857143,0
1479,1160,Mobile,3850,3,3,Hyderabad,India,,No,4.3196568961584845,1,451,YIrSES,Not Returned,WH1,Bad,True,False,True,False,False,11550,1948.1652601674764,2887.5,25.553097345132745,0
525,1027,Laptop,16021,3,3,Chennai,IND,,No,3.9795602796225458,0,198,OFF20,Returned,WH1,Good,False,False,False,False,True,48063,787.952935365264,12015.75,241.52261306532662,0
1287,1305,Laptop,82522,1,2,Chennai,IND,2023-04-05,Y,3.614794837639369,1,2,OFF20,Returned,WH2,Good,False,False,True,False,True,82522,7.229589675278738,41261.0,27507.333333333332,-1
1430,1997,Dress,51171,3,2,Delhi,IND,,Y,3.235272702109723,2,187,OFF20,Not Returned,WH3,Good,True,False,True,False,True,153513,604.9959952945181,38378.25,816.5585106382979,0
1682,1714,Shoes,59996,1,2,Mumbai,IND,,Y,1.1360525296069075,0,45,YIrSES,Returned,WH3,Average,True,False,False,False,False,59996,51.12236383231084,29998.0,1304.2608695652175,0
3307,1224,Mobile,78395,3,2,Mumbai,India,,N,4.68507879375475,1,59,YIrSES,Returned,WH3,Average,True,False,False,False,True,235185,276.41964883153025,58796.25,3919.75,0
2064,1302,Dress,29151,2,2,Hyderabad,India,,No,4.268795801789195,1,343,OFF20,Not Returned,WH3,Good,False,False,False,True,True,58302,1464.1969600136938,19434.0,169.4825581395349,0
2520,1517,Shoes,88998,4,0,Delhi,India,,No,4.0976927272137385,1,172,OFF20,Not Returned,WH3,Bad,False,True,False,True,True,355992,704.803149080763,71198.4,2057.757225433526,0
2573,1559,Dress,55033,4,0,Hyderabad,India,2023-04-05,No,1.8680824667994635,2,294,OFF20,Not Returned,WH3,Bad,True,False,False,True,False,220132,549.2162452390423,44026.4,746.2101694915254,0
511,1111,Dress,17499,3,0,Hyderabad,India,2023-04-05,Yes,2.6923894946250377,0,177,YIrSES,Returned,WH2,Bad,False,False,True,False,False,52497,476.5529405486317,13124.25,294.9269662921348,0
4552,1570,Dress,32528,3,0,Hyderabad,India,,N,3.887574956858729,0,35,SAVE10,Returned,WH3,Bad,False,True,True,False,False,97584,136.06512349005553,24396.0,2710.6666666666665,0
3676,1851,Dress,51097,2,3,Mumbai,IND,2023-04-05,N,3.9670500042006056,0,462,OFF20,Not Returned,WH1,Average,False,True,True,False,False,102194,1832.7771019406798,34064.666666666664,220.72138228941685,0
2421,1023,Mobile,65969,1,3,Chennai,IND,2023-04-05,Yes,2.378503970591027,0,412,OFF20,Returned,WH2,Bad,False,False,False,True,True,65969,979.9436358835031,32984.5,159.7312348668281,0
2109,1790,Dress,36247,4,3,Mumbai,IND,,N,1.2513741402942675,0,485,OFF20,Not Returned,WH2,Average,False,True,False,False,True,144988,606.9164580427198,28997.6,298.3292181069959,0
3134,1741,Headphones,58709,4,3,Mumbai,IN,,N,4.440795253622914,2,187,SAVE10,Returned,WH2,Average,False,False,True,False,True,234836,830.4287124274849,46967.2,1249.127659574468,0
1068,1945,Headphones,78071,2,1,Mumbai,IN,,Yes,3.4895451124964563,2,89,SAVE10,Returned,WH2,Average,False,False,False,True,True,156142,310.5695150121846,52047.333333333336,1734.911111111111,0
217,1428,Headphones,92109,1,3,Chennai,IND,,Yes,2.559092275799128,0,183,OFF20,Not Returned,WH2,Average,False,False,True,False,False,92109,468.31388647124044,46054.5,500.5923913043478,0
1116,1769,Headphones,53983,1,0,Chennai,IN,,Y,2.533703558069779,2,148,YIrSES,Not Returned,WH2,Average,False,False,True,False,True,53983,374.9881265943273,26991.5,362.3020134228188,0
3555,1561,Laptop,9397,1,1,Hyderabad,IND,,Y,3.029491164404503,0,356,SAVE10,Not Returned,WH3,Average,False,True,True,False,True,9397,1078.498854528003,4698.5,26.322128851540615,0
1248,1642,Headphones,51964,2,2,Mumbai,IN,,No,3.090216343396982,0,43,SAVE10,Returned,WH3,Average,False,True,False,False,True,103928,132.87930276607023,34642.666666666664,2362.0,0
4528,1144,Headphones,55460,1,3,Chennai,IND,,Y,2.4918480062156587,0,239,SAVE10,Returned,WH2,Average,False,False,False,False,True,55460,595.5516734855424,27730.0,231.08333333333334,0
435,1602,Headphones,27120,3,2,Delhi,IND,,Yes,4.072028035685914,1,442,YIrSES,Returned,WH1,Average,True,False,False,True,True,81360,1799.836391773174,20340.0,183.65688487584652,0
1410,1044,Headphones,74588,2,2,Hyderabad,IN,2023-04-05,Yes,3.5501406872533807,1,481,YIrSES,Not Returned,WH2,Bad,True,False,False,True,True,149176,1707.617670568876,49725.333333333336,309.49377593361,0
3317,1379,Dress,82613,3,2,Mumbai,India,2023-04-05,N,2.206588446059728,2,267,SAVE10,Not Returned,WH3,Average,False,False,False,True,True,247839,589.1591150979473,61959.75,924.7723880597015,0
28,1420,Headphones,35734,3,2,Chennai,India,2023-04-05,N,2.692272955088856,1,64,YIrSES,Not Returned,WH2,Average,True,False,False,True,True,107202,172.30546912568678,26800.5,1649.2615384615385,0
497,1951,Shoes,94213,3,0,Chennai,IN,,No,2.8273036343459634,1,5,YIrSES,Returned,WH1,Average,False,False,False,False,False,282639,14.136518171729817,70659.75,47106.5,-1
4384,1109,Mobile,44099,3,1,Chennai,IN,,No,4.855106569513814,1,425,SAVE10,Returned,WH3,Bad,False,False,True,False,False,132297,2063.420292043371,33074.25,310.556338028169,0
4879,1700,Dress,69104,2,0,Chennai,IN,,N,1.3925305614499912,0,32,SAVE10,Returned,WH2,Good,False,False,True,False,False,138208,44.56097796639972,46069.333333333336,4188.121212121212,0
2550,1899,Shoes,92234,3,2,Chennai,India,2023-04-05,N,1.4742788769499464,0,445,YIrSES,Returned,WH2,Good,False,False,False,True,False,276702,656.0541002427261,69175.5,620.4080717488789,0
1130,1787,Shoes,45694,4,0,Chennai,IND,,N,2.274048926262465,1,75,SAVE10,Not Returned,WH1,Bad,True,False,False,True,False,182776,170.55366946968488,36555.2,2404.9473684210525,0
398,1495,Mobile,36038,4,3,Chennai,IND,,No,3.248412534338021,2,399,SAVE10,Returned,WH2,Bad,True,False,True,False,False,144152,1296.1166012008705,28830.4,360.38,0
3583,1884,Mobile,97730,3,3,Hyderabad,IND,,No,3.103422968355622,1,381,SAVE10,Returned,WH3,Bad,True,False,False,True,False,293190,1182.404150943492,73297.5,767.5130890052357,0
3958,1546,Shoes,70619,2,1,Mumbai,India,,Yes,1.5826343113336652,0,152,OFF20,Returned,WH2,Good,True,False,False,True,True,141238,240.56041532271712,47079.333333333336,923.124183006536,0
2420,1762,Laptop,13672,1,2,Mumbai,India,2023-04-05,Yes,4.691179904125624,1,35,OFF20,Not Returned,WH1,Bad,True,False,False,True,False,13672,164.19129664439686,6836.0,379.77777777777777,0
4451,1881,Shoes,50922,2,3,Hyderabad,IN,,Yes,3.962258484059878,2,369,OFF20,Returned,WH2,Good,True,False,True,False,False,101844,1462.073380618095,33948.0,275.25405405405405,0
4467,1658,Headphones,3984,3,0,Chennai,India,2023-04-05,Yes,2.0759687028134555,2,14,OFF20,Returned,WH1,Good,True,False,True,False,False,11952,29.063561839388377,2988.0,796.8,0
4308,1950,Shoes,87280,1,0,Chennai,India,,Y,3.788978543193557,1,431,OFF20,Returned,WH1,Good,True,False,False,True,False,87280,1633.049752116423,43640.0,202.03703703703704,0
704,1268,Dress,12301,3,0,Mumbai,IND,,Y,3.58675888000439,1,230,OFF20,Returned,WH2,Bad,True,False,False,False,False,36903,824.9545424010097,9225.75,159.75324675324674,0
4164,1858,Shoes,73695,2,2,Mumbai,IN,,Y,2.7203899931896984,0,79,OFF20,Returned,WH3,Average,True,False,True,False,False,147390,214.91080946198616,49130.0,1842.375,0
3812,1577,Mobile,25069,3,2,Chennai,IND,2023-04-05,Y,2.806885417019483,0,438,YIrSES,Not Returned,WH2,Bad,False,False,False,False,False,75207,1229.4158126545335,18801.75,171.3143507972665,0
4423,1725,Mobile,67129,2,1,Chennai,IND,2023-04-05,N,2.545026535644553,0,11,OFF20,Not Returned,WH3,Bad,False,False,False,False,False,134258,27.995291892090084,44752.666666666664,11188.166666666666,0
3960,1160,Headphones,50031,1,1,Delhi,India,,Yes,3.0300690954200875,0,270,SAVE10,Not Returned,WH1,Bad,True,False,False,False,False,50031,818.1186557634236,25015.5,184.61623616236162,0
753,1331,Dress,66606,4,3,Delhi,IND,,Yes,3.0387302278921244,2,64,OFF20,Not Returned,WH1,Bad,True,False,False,False,True,266424,194.47873458509596,53284.8,4098.830769230769,0
3821,1619,Shoes,73217,3,3,Mumbai,IND,,N,1.919406871062776,1,201,SAVE10,Returned,WH1,Bad,False,False,False,False,True,219651,385.800781083618,54912.75,1087.381188118812,0
1958,1949,Mobile,58917,4,1,Hyderabad,IND,,No,4.484470925222258,2,364,YIrSES,Not Returned,WH1,Bad,False,True,False,False,False,235668,1632.3474167809018,47133.6,645.6657534246575,0
3388,1585,Dress,50148,3,1,Hyderabad,IND,,No,4.471098922750878,2,450,YIrSES,Not Returned,WH2,Bad,False,False,False,False,False,150444,2011.994515237895,37611.0,333.57871396895786,0
325,1679,Dress,24957,3,0,Hyderabad,IN,,No,2.8104114591339995,2,35,YIrSES,Returned,WH1,Bad,True,False,True,False,False,74871,98.36440106968998,18717.75,2079.75,0
694,1527,Mobile,47336,1,1,Hyderabad,IND,,Yes,3.4593090168344443,1,425,OFF20,Returned,WH1,Average,True,False,False,False,False,47336,1470.2063321546389,23668.0,111.11737089201878,0
272,1502,Laptop,50134,1,3,Delhi,IND,,N,4.919008201292607,1,282,SAVE10,Not Returned,WH1,Average,False,False,False,False,False,50134,1387.1603127645153,25067.0,177.15194346289752,0
4977,1691,Headphones,24749,4,3,Mumbai,IND,,Yes,4.407022961076974,2,344,OFF20,Not Returned,WH3,Bad,True,False,False,False,True,98996,1516.015898610479,19799.2,286.9449275362319,0
3273,1002,Headphones,49482,3,3,Mumbai,IN,2023-04-05,No,4.575344762646769,2,17,YIrSES,Returned,WH1,Bad,True,False,False,False,False,148446,77.78086096499507,37111.5,8247.0,0
3191,1026,Dress,14571,1,3,Chennai,IN,,Y,1.2727056395253982,0,170,SAVE10,Not Returned,WH3,Good,True,False,False,False,True,14571,216.3599587193177,7285.5,85.21052631578948,0
831,1710,Dress,67867,2,0,Hyderabad,India,,Y,1.8112519576375816,2,237,YIrSES,Returned,WH1,Good,False,True,False,True,True,135734,429.26671396010687,45244.666666666664,570.3109243697479,0
4448,1983,Laptop,39519,3,1,Mumbai,IND,,No,2.9989839004083434,2,82,OFF20,Returned,WH1,Bad,False,True,False,True,True,118557,245.91667983348415,29639.25,1428.3975903614457,0
670,1920,Headphones,63768,4,3,Hyderabad,IN,2023-04-05,No,4.929494846735195,0,110,YIrSES,Returned,WH1,Good,False,True,False,True,False,255072,542.2444331408715,51014.4,2297.945945945946,0
4272,1317,Shoes,53548,3,3,Delhi,IN,,Yes,4.02427667913362,1,53,YIrSES,Returned,WH3,Good,False,True,False,False,False,160644,213.28666399408186,40161.0,2974.8888888888887,0
1162,1049,Shoes,48302,2,3,Hyderabad,IN,,Y,1.9355836229477887,1,249,YIrSES,Returned,WH1,Good,False,True,False,False,False,96604,481.9603221139994,32201.333333333332,386.416,0
3363,1047,Dress,59303,4,3,Hyderabad,IN,,No,4.357524643956264,1,405,OFF20,Not Returned,WH1,Good,False,False,True,False,False,237212,1764.7974808022868,47442.4,584.2660098522167,0
1778,1414,Shoes,35039,1,2,Mumbai,IN,2023-04-05,No,4.427343337476196,0,456,OFF20,Not Returned,WH2,Good,False,True,True,False,True,35039,2018.8685618891454,17519.5,76.67177242888403,0
2992,1052,Shoes,80502,3,0,Mumbai,IN,2023-04-05,No,4.601620979001849,0,129,YIrSES,Not Returned,WH2,Good,False,True,False,True,False,241506,593.6091062912385,60376.5,1857.7384615384615,0
658,1584,Laptop,28407,2,2,Delhi,India,2023-04-05,No,1.314047663213532,0,36,OFF20,Returned,WH3,Average,True,False,False,False,True,56814,47.305715875687156,18938.0,1535.5135135135135,0
4531,1421,Laptop,89301,4,3,Hyderabad,IN,,Yes,4.520220575345174,1,420,YIrSES,Returned,WH2,Bad,False,False,True,False,True,357204,1898.4926416449732,71440.8,848.4655581947743,0
2728,1486,Shoes,11675,3,2,Hyderabad,IN,2023-04-05,Yes,4.961055904358475,0,248,SAVE10,Returned,WH3,Bad,False,True,True,False,True,35025,1230.3418642809017,8756.25,140.66265060240963,0
1499,1908,Dress,50130,1,2,Mumbai,IN,,N,3.607540459900836,0,125,SAVE10,Returned,WH3,Bad,True,False,False,False,False,50130,450.94255748760446,25065.0,397.85714285714283,0
3584,1972,Dress,37374,1,1,Mumbai,IN,2023-04-05,Yes,2.882211299345373,0,322,OFF20,Returned,WH3,Average,True,False,False,False,True,37374,928.0720383892101,18687.0,115.70897832817337,0
424,1454,Shoes,14259,4,3,Hyderabad,India,,Y,2.432997586279184,2,253,YIrSES,Returned,WH2,Average,True,False,False,True,False,57036,615.5483893286336,11407.2,224.5511811023622,0
4233,1675,Shoes,12158,4,3,Hyderabad,IND,,No,1.1722938024648029,0,299,OFF20,Not Returned,WH2,Good,True,False,False,False,False,48632,350.51584693697606,9726.4,162.10666666666665,0
169,1486,Laptop,35119,1,1,Chennai,IN,,No,1.8895466699425176,1,254,YIrSES,Returned,WH2,Average,False,True,True,False,False,35119,479.9448541653995,17559.5,137.72156862745098,0
4126,1854,Laptop,5806,3,2,Chennai,India,2023-04-05,N,2.5389206110823346,0,212,YIrSES,Returned,WH3,Average,True,False,True,False,True,17418,538.251169549455,4354.5,81.77464788732394,0
3778,1675,Laptop,84823,1,2,Chennai,IND,2023-04-05,N,1.4454920179835882,2,413,YIrSES,Returned,WH1,Bad,True,False,False,True,False,84823,596.988203427222,42411.5,204.88647342995168,0
2244,1611,Dress,39161,4,1,Hyderabad,IND,2023-04-05,Yes,4.818077450986621,0,6,OFF20,Returned,WH3,Average,True,False,True,False,True,156644,28.908464705919727,31328.8,22377.714285714286,-1
46,1099,Shoes,3442,4,1,Delhi,IN,,No,1.5154463873250004,1,51,SAVE10,Not Returned,WH2,Average,False,False,True,False,True,13768,77.28776575357502,2753.6,264.7692307692308,0
2842,1204,Mobile,99696,3,1,Chennai,IND,,No,2.746600258525578,1,143,OFF20,Not Returned,WH2,Bad,True,False,True,False,True,299088,392.7638369691577,74772.0,2077.0,0
3706,1562,Mobile,51034,2,1,Delhi,IND,,N,4.78823141281647,1,138,YIrSES,Not Returned,WH2,Good,True,False,True,False,True,102068,660.7759349686728,34022.666666666664,734.3021582733813,0
1199,1875,Shoes,47947,2,0,Delhi,IND,,N,1.5559122750575043,2,87,YIrSES,Not Returned,WH1,Bad,False,True,True,False,True,95894,135.36436793000289,31964.666666666668,1089.7045454545455,0
540,1286,Laptop,8843,4,0,Chennai,IND,,N,3.699629904722591,2,323,SAVE10,Not Returned,WH2,Bad,False,True,True,False,True,35372,1194.9804592253968,7074.4,109.17283950617283,0
456,1892,Dress,25865,2,0,Hyderabad,IND,,N,3.796596398278387,2,87,OFF20,Returned,WH3,Bad,False,True,True,False,False,51730,330.3038866502196,17243.333333333332,587.8409090909091,0
1361,1299,Headphones,14852,3,0,Mumbai,IN,2023-04-05,N,4.661819577063036,2,263,OFF20,Not Returned,WH3,Good,True,False,False,True,False,44556,1226.0585487675785,11139.0,168.77272727272728,0
2968,1173,Dress,53468,2,0,Hyderabad,IN,,Y,1.456465060812604,2,287,SAVE10,Not Returned,WH3,Bad,False,True,True,False,False,106936,418.00547245321735,35645.333333333336,371.30555555555554,0
442,1618,Laptop,52267,2,3,Delhi,IN,,Y,3.5392203319780853,1,227,OFF20,Not Returned,WH3,Good,True,False,True,False,False,104534,803.4030153590254,34844.666666666664,458.4824561403509,0
3635,1056,Dress,84849,1,3,Chennai,IN,,N,1.0934380786512348,2,349,SAVE10,Returned,WH3,Average,False,False,True,False,False,84849,381.60988944928096,42424.5,242.4257142857143,0
4431,1361,Dress,21643,4,1,Hyderabad,IN,,N,3.708503617483186,0,161,YIrSES,Not Returned,WH3,Bad,False,False,True,False,True,86572,597.0690824147929,17314.4,534.395061728395,0
162,1925,Headphones,84197,3,1,Mumbai,IND,,N,3.7687524219590154,1,107,YIrSES,Not Returned,WH2,Bad,False,False,False,True,True,252591,403.25650914961466,63147.75,2338.8055555555557,0
3840,1869,Mobile,6338,3,3,Mumbai,IND,2023-04-05,N,2.6915857882042964,1,473,YIrSES,Not Returned,WH3,Good,False,False,False,True,True,19014,1273.120077820632,4753.5,40.11392405063291,0
503,1233,Headphones,93597,2,1,Delhi,IN,,N,3.3763269735312837,1,309,YIrSES,Not Returned,WH1,Good,True,False,False,False,True,187194,1043.2850348211666,62398.0,603.8516129032258,0
3900,1952,Headphones,26622,2,1,Chennai,IN,,Y,1.0413758434615523,1,421,YIrSES,Not Returned,WH1,Average,False,True,False,True,True,53244,438.4192300973135,17748.0,126.17061611374407,0
3832,1749,Dress,6279,4,2,Chennai,IN,2023-04-05,Y,1.650714211693554,1,419,OFF20,Not Returned,WH3,Bad,True,False,False,True,False,25116,691.6492546995992,5023.2,59.8,0
2206,1761,Shoes,16908,3,2,Chennai,IN,2023-04-05,N,1.1608007566600578,0,265,OFF20,Returned,WH3,Average,True,False,True,False,False,50724,307.6122005149153,12681.0,190.69172932330827,0
1949,1861,Shoes,77276,1,1,Delhi,IN,2023-04-05,Yes,4.035065575732765,1,175,SAVE10,Returned,WH1,Bad,False,False,False,False,False,77276,706.1364757532339,38638.0,439.0681818181818,0
777,1534,Shoes,92819,2,3,Mumbai,IND,,Y,4.267497508034866,0,358,OFF20,Returned,WH1,Bad,False,True,False,False,True,185638,1527.764107876482,61879.333333333336,517.0974930362117,0
486,1994,Shoes,80262,3,2,Hyderabad,IND,,Y,1.8512547941909188,0,1,OFF20,Not Returned,WH3,Good,False,True,True,False,True,240786,1.8512547941909188,60196.5,120393.0,-1
1658,1135,Mobile,40851,3,3,Hyderabad,IND,,Yes,3.8988352317604313,0,422,YIrSES,Not Returned,WH1,Good,False,True,True,False,True,122553,1645.308467802902,30638.25,289.72340425531917,0
1999,1145,Laptop,70207,2,0,Hyderabad,IND,,Y,2.8089278908656845,2,260,SAVE10,Not Returned,WH3,Good,False,True,True,False,True,140414,730.3212516250779,46804.666666666664,537.9846743295019,0
2192,1685,Dress,31096,1,1,Mumbai,IN,,Y,1.7500236512635996,2,422,OFF20,Not Returned,WH1,Good,False,True,True,False,False,31096,738.5099808332391,15548.0,73.5130023640662,0
1107,1395,Dress,59732,2,2,Mumbai,IND,2023-04-05,No,3.930505052731429,0,114,OFF20,Not Returned,WH1,Average,True,False,True,False,False,119464,448.0775760113829,39821.333333333336,1038.817391304348,0
4038,1693,Shoes,59790,1,1,Mumbai,IND,2023-04-05,N,1.5002121796611458,2,301,SAVE10,Returned,WH3,Good,True,False,False,False,False,59790,451.5638660780049,29895.0,197.98013245033113,0
85,1244,Shoes,1484,4,2,Mumbai,IN,,Yes,3.594008275865027,0,165,SAVE10,Returned,WH2,Good,True,False,True,False,False,5936,593.0113655177295,1187.2,35.75903614457831,0
4169,1729,Shoes,43860,1,2,Hyderabad,IN,,Y,4.883635766569059,0,423,OFF20,Returned,WH3,Bad,True,False,True,False,False,43860,2065.777929258712,21930.0,103.44339622641509,0
3099,1470,Shoes,35380,4,0,Mumbai,IN,,Yes,2.9631225150137617,1,224,OFF20,Returned,WH2,Good,False,True,False,True,False,141520,663.7394433630826,28304.0,628.9777777777778,0
3790,1029,Shoes,74073,3,1,Chennai,India,,No,2.487297914809784,1,18,OFF20,Returned,WH2,Average,False,True,False,True,False,222219,44.77136246657611,55554.75,11695.736842105263,0
1143,1175,Mobile,1972,3,3,Hyderabad,India,,Y,3.892107055763989,1,170,OFF20,Returned,WH2,Good,False,True,False,True,False,5916,661.6581994798781,1479.0,34.59649122807018,0
2019,1865,Mobile,71003,4,3,Chennai,India,,Y,3.114626333108757,1,362,SAVE10,Not Returned,WH2,Bad,True,False,False,True,False,284012,1127.49473258537,56802.4,782.4022038567493,0
61,1106,Mobile,98911,3,0,Chennai,India,,Y,3.7448557478635545,2,275,YIrSES,Not Returned,WH2,Average,True,False,False,False,False,296733,1029.8353306624774,74183.25,1075.1195652173913,0
3233,1211,Laptop,1780,1,1,Delhi,IND,2023-04-05,Yes,2.282933611503512,2,447,OFF20,Not Returned,WH2,Average,True,False,False,True,False,1780,1020.4713243420699,890.0,3.9732142857142856,0
2624,1625,Dress,12288,3,0,Chennai,IND,2023-04-05,No,1.0072675292001936,0,465,SAVE10,Not Returned,WH2,Good,False,True,True,False,True,36864,468.37940107809004,9216.0,79.10729613733906,0
3577,1338,Dress,73850,3,0,Chennai,IND,,Yes,1.1739887469886892,0,384,YIrSES,Not Returned,WH2,Bad,False,False,False,False,True,221550,450.81167884365664,55387.5,575.4545454545455,0
493,1366,Dress,24450,4,0,Delhi,India,,Yes,3.2227722947909263,0,410,YIrSES,Returned,WH2,Good,False,True,False,False,False,97800,1321.3366408642798,19560.0,237.95620437956205,0
3965,1470,Shoes,74989,1,0,Mumbai,IND,,N,3.451342011116859,0,386,YIrSES,Not Returned,WH2,Good,False,True,False,False,True,74989,1332.2180162911075,37494.5,193.77002583979328,0
1340,1291,Mobile,18814,3,1,Delhi,IND,,No,1.4916339915298469,2,145,YIrSES,Not Returned,WH3,Good,False,True,False,False,True,56442,216.2869287718278,14110.5,386.5890410958904,0
2634,1076,Mobile,74170,1,1,Mumbai,IND,,No,1.4962608045419294,2,286,OFF20,Not Returned,WH3,Average,False,True,False,False,False,74170,427.93059009899184,37085.0,258.4320557491289,0
4876,1487,Headphones,82897,2,0,Mumbai,India,,No,3.5029863887851467,1,235,OFF20,Not Returned,WH1,Good,True,False,False,True,False,165794,823.2018013645095,55264.666666666664,702.5169491525423,0
481,1165,Mobile,76584,1,0,Chennai,India,,Y,4.471914580679835,1,152,YIrSES,Not Returned,WH1,Good,False,False,False,True,False,76584,679.7310162633349,38292.0,500.54901960784315,0
335,1215,Mobile,28961,3,0,Chennai,IND,2023-04-05,Y,2.9827923027398757,1,142,SAVE10,Returned,WH2,Good,False,False,True,False,True,86883,423.55650698906237,21720.75,607.5734265734266,0
2621,1389,Laptop,78034,1,1,Delhi,India,,Y,2.7338852935302147,1,304,YIrSES,Not Returned,WH2,Bad,False,False,False,False,True,78034,831.1011292331852,39017.0,255.84918032786885,0
4612,1980,Shoes,767,2,2,Delhi,India,2023-04-05,Y,4.891720222827965,1,351,YIrSES,Not Returned,WH1,Average,True,False,False,True,False,1534,1716.9937982126157,511.3333333333333,4.357954545454546,0
3515,1954,Shoes,60394,2,2,Delhi,IND,2023-04-05,No,2.9343410940725887,1,432,OFF20,Not Returned,WH3,Good,False,True,False,True,False,120788,1267.6353526393584,40262.666666666664,278.95612009237874,0
1843,1446,Mobile,86600,4,2,Mumbai,IN,2023-04-05,No,1.9461679597288328,2,449,SAVE10,Not Returned,WH1,Good,True,False,False,False,True,346400,873.8294139182459,69280.0,769.7777777777778,0
2404,1450,Laptop,99300,3,3,Hyderabad,India,,No,2.601296441081549,2,70,OFF20,Not Returned,WH3,Bad,False,False,True,False,True,297900,182.09075087570844,74475.0,4195.774647887324,0
765,1872,Laptop,62848,2,2,Delhi,India,2023-04-05,N,1.005609080234362,1,141,YIrSES,Not Returned,WH3,Good,False,True,False,False,True,125696,141.79088031304505,41898.666666666664,885.1830985915493,0
3003,1181,Shoes,61947,1,2,Delhi,IND,2023-04-05,Yes,1.7674917892115989,1,112,SAVE10,Not Returned,WH2,Average,False,True,False,True,False,61947,197.95908039169908,30973.5,548.2035398230089,0
1166,1852,Mobile,1990,2,1,Delhi,IN,,Y,3.715445489938776,2,74,OFF20,Returned,WH2,Average,True,False,False,True,False,3980,274.94296625546946,1326.6666666666667,53.06666666666667,0
4186,1715,Headphones,58641,1,2,Delhi,IN,2023-04-05,No,3.467539612574888,2,315,YIrSES,Returned,WH3,Average,False,True,False,True,True,58641,1092.2749779610897,29320.5,185.5727848101266,0
2187,1319,Headphones,40294,4,2,Hyderabad,IN,2023-04-05,Y,4.491424723884691,2,349,SAVE10,Returned,WH2,Good,False,True,True,False,False,161176,1567.5072286357572,32235.2,460.5028571428571,0
1762,1674,Headphones,39722,2,3,Mumbai,India,2023-04-05,Y,3.0897062466151937,0,291,YIrSES,Not Returned,WH2,Bad,False,True,False,True,True,79444,899.1045177650213,26481.333333333332,272.06849315068496,0
1227,1837,Dress,91924,3,3,Mumbai,IN,2023-04-05,Y,4.396073308786944,2,19,OFF20,Returned,WH1,Good,False,True,False,False,True,275772,83.52539286695193,68943.0,13788.6,2
4341,1395,Dress,97844,3,1,Delhi,India,2023-04-05,N,4.945456108195284,2,115,OFF20,Returned,WH2,Good,False,True,True,False,True,293532,568.7274524424577,73383.0,2530.448275862069,0
1512,1531,Mobile,85599,2,1,Delhi,IND,2023-04-05,No,1.0889361106652982,2,487,OFF20,Returned,WH2,Good,True,False,True,False,True,171198,530.3118858940002,57066.0,350.8155737704918,0
1800,1484,Mobile,3670,4,2,Mumbai,India,2023-04-05,Yes,2.98485521147614,1,349,YIrSES,Returned,WH2,Good,False,True,True,False,True,14680,1041.7144688051728,2936.0,41.94285714285714,0
848,1374,Mobile,77713,3,0,Chennai,IN,,Yes,1.7022810536780808,1,11,OFF20,Not Returned,WH3,Average,False,False,False,False,True,233139,18.725091590458888,58284.75,19428.25,-1
3964,1828,Dress,82438,1,0,Delhi,IND,,Yes,3.1887526062501927,1,432,OFF20,Not Returned,WH2,Average,False,False,False,False,False,82438,1377.5411259000832,41219.0,190.3879907621247,0
570,1864,Headphones,41820,4,0,Delhi,IND,,N,3.230508929069373,1,419,SAVE10,Returned,WH2,Average,False,False,True,False,False,167280,1353.5832412800673,33456.0,398.2857142857143,0
1901,1725,Mobile,2502,3,3,Delhi,India,2023-04-05,N,2.247077142565226,1,26,SAVE10,Not Returned,WH2,Good,False,False,False,False,False,7506,58.42400570669587,1876.5,278.0,0
2511,1787,Shoes,88091,4,3,Delhi,IND,2023-04-05,Y,2.279849126712892,0,459,SAVE10,Not Returned,WH2,Good,True,False,False,True,True,352364,1046.4507491612176,70472.8,766.008695652174,0
4762,1799,Shoes,5425,1,0,Delhi,IND,2023-04-05,No,3.3720265886353515,0,166,OFF20,Not Returned,WH2,Average,False,True,False,False,False,5425,559.7564137134683,2712.5,32.48502994011976,0
1471,1937,Dress,9793,2,0,Delhi,India,2023-04-05,No,4.496310044836575,0,307,SAVE10,Not Returned,WH2,Average,False,True,True,False,True,19586,1380.3671837648285,6528.666666666667,63.59090909090909,0
1566,1952,Headphones,70752,2,2,Mumbai,IND,,N,1.1976631189657565,1,467,OFF20,Not Returned,WH2,Good,False,True,False,True,True,141504,559.3086765570083,47168.0,302.35897435897436,0
4680,1906,Headphones,12628,3,0,Hyderabad,IN,,Yes,1.2348503058354487,0,189,OFF20,Not Returned,WH1,Average,False,True,False,False,True,37884,233.38670780289982,9471.0,199.38947368421051,0
3694,1109,Headphones,52859,4,3,Hyderabad,IN,,No,1.6914683004851212,0,51,YIrSES,Returned,WH1,Good,False,False,True,False,True,211436,86.26488332474118,42287.2,4066.076923076923,0
4190,1688,Headphones,3836,2,1,Mumbai,India,,No,4.666897724527848,1,279,OFF20,Returned,WH3,Good,False,False,True,False,False,7672,1302.0644651432697,2557.3333333333335,27.4,0
378,1385,Laptop,70978,4,3,Delhi,India,,Yes,1.891837801750269,0,133,OFF20,Returned,WH1,Bad,False,False,True,False,True,283912,251.61442763278578,56782.4,2118.7462686567164,0
2903,1017,Laptop,37847,1,3,Delhi,IND,,Yes,1.637408897378767,1,249,OFF20,Returned,WH3,Average,False,False,False,True,True,37847,407.714815447313,18923.5,151.388,0
4480,1962,Dress,10844,2,3,Delhi,IND,,No,1.0641912347998512,0,322,SAVE10,Returned,WH3,Bad,False,False,True,False,True,21688,342.6695776055521,7229.333333333333,67.14551083591331,0
3232,1133,Shoes,46445,4,0,Chennai,IN,,Y,3.569919510953506,2,241,YIrSES,Returned,WH2,Bad,False,False,True,False,False,185780,860.3506021397949,37156.0,767.6859504132232,0
1284,1799,Headphones,872,3,0,Hyderabad,IND,,Y,2.025456328324348,2,242,YIrSES,Not Returned,WH3,Bad,False,False,False,False,True,2616,490.1604314544922,654.0,10.765432098765432,0
1767,1453,Shoes,7988,2,2,Hyderabad,IND,,Y,1.9329731526456,2,233,YIrSES,Not Returned,WH3,Bad,True,False,False,True,False,15976,450.3827445664248,5325.333333333333,68.27350427350427,0
314,1757,Headphones,98060,2,2,Hyderabad,India,,Yes,1.5386349025294397,1,180,YIrSES,Returned,WH3,Bad,True,False,False,False,False,196120,276.95428245529916,65373.333333333336,1083.53591160221,0
2916,1792,Headphones,68432,2,1,Mumbai,India,,Yes,2.094029454861144,1,73,OFF20,Returned,WH3,Good,True,False,False,True,False,136864,152.8641502048635,45621.333333333336,1849.5135135135135,0
223,1440,Headphones,22892,4,1,Mumbai,India,2023-04-05,N,4.037639274204189,1,395,OFF20,Returned,WH3,Average,False,True,True,False,False,91568,1594.8675133106544,18313.6,231.23232323232324,0
3732,1797,Shoes,53253,2,0,Chennai,IN,2023-04-05,Y,1.6587581053335465,1,328,OFF20,Not Returned,WH2,Average,True,False,False,True,False,106506,544.0726585494033,35502.0,323.72644376899694,0
4687,1045,Shoes,24711,1,3,Chennai,IND,2023-04-05,Y,3.7316482319362025,1,141,OFF20,Returned,WH3,Bad,True,False,False,True,True,24711,526.1624007030046,12355.5,174.0211267605634,0
3377,1441,Shoes,3760,3,2,Mumbai,IND,,Y,4.961908250547776,1,337,OFF20,Returned,WH2,Good,False,True,True,False,True,11280,1672.1630804346005,2820.0,33.37278106508876,0
2821,1797,Shoes,2383,1,2,Hyderabad,India,,No,4.484660298668119,2,46,SAVE10,Not Returned,WH3,Good,False,False,True,False,False,2383,206.2943737387335,1191.5,50.702127659574465,0
4956,1616,Dress,34140,1,2,Mumbai,IN,2023-04-05,Yes,2.342746285852032,1,25,SAVE10,Returned,WH2,Good,False,False,True,False,False,34140,58.568657146300794,17070.0,1313.076923076923,0
2953,1010,Laptop,67149,4,3,Hyderabad,IN,,No,4.467364253662417,2,286,YIrSES,Returned,WH1,Average,False,True,False,True,True,268596,1277.6661765474514,53719.2,935.8745644599303,0
2329,1947,Laptop,85675,1,3,Chennai,India,,Y,2.2703757497596797,2,376,SAVE10,Returned,WH1,Good,False,True,False,True,True,85675,853.6612819096396,42837.5,227.25464190981432,0
4817,1582,Dress,89503,1,0,Chennai,IND,,No,3.664707851430392,2,472,YIrSES,Not Returned,WH2,Average,False,True,False,False,True,89503,1729.742105875145,44751.5,189.22410147991545,0
3863,1776,Laptop,89034,2,0,Delhi,IND,2023-04-05,Y,3.387779495672498,0,195,OFF20,Not Returned,WH3,Good,False,True,False,True,False,178068,660.6170016561371,59356.0,908.5102040816327,0
1522,1916,Dress,51686,1,1,Mumbai,IND,2023-04-05,Y,2.0732307366633176,1,358,YIrSES,Not Returned,WH2,Good,False,False,False,False,False,51686,742.2166037254677,25843.0,143.97214484679665,0
3681,1821,Laptop,2507,4,1,Delhi,IND,,N,1.685949683594179,1,214,YIrSES,Returned,WH2,Bad,True,False,False,False,True,10028,360.7932322891543,2005.6,46.64186046511628,0
4927,1629,Headphones,46892,2,1,Hyderabad,India,,N,2.757158311345667,0,328,YIrSES,Not Returned,WH3,Bad,False,True,True,False,False,93784,904.3479261213788,31261.333333333332,285.05775075987845,0
3772,1604,Headphones,20213,3,1,Hyderabad,IN,,N,1.6884955796456111,1,68,SAVE10,Returned,WH3,Average,False,True,True,False,True,60639,114.81769941590156,15159.75,878.8260869565217,0
417,1081,Mobile,35126,2,2,Hyderabad,IND,,No,4.188477763778395,2,311,OFF20,Not Returned,WH3,Average,False,True,True,False,True,70252,1302.6165845350808,23417.333333333332,225.16666666666666,0
2920,1951,Headphones,56317,2,2,Mumbai,IND,,Yes,1.7991511295291325,2,187,OFF20,Not Returned,WH2,Bad,False,True,False,True,True,112634,336.4412612219478,37544.666666666664,599.1170212765958,0
3161,1975,Shoes,92110,2,1,Mumbai,IND,2023-04-05,Yes,4.784665741683808,2,274,YIrSES,Returned,WH2,Average,False,False,False,False,True,184220,1310.9984132213633,61406.666666666664,669.8909090909091,0
4234,1172,Headphones,6955,2,1,Delhi,IND,,Yes,1.548070976149296,2,203,SAVE10,Returned,WH1,Good,False,True,False,False,False,13910,314.2584081583071,4636.666666666667,68.18627450980392,0
1414,1175,Mobile,68084,1,0,Mumbai,IN,,Yes,1.91168842917622,2,120,SAVE10,Returned,WH1,Bad,True,False,False,True,False,68084,229.4026115011464,34042.0,562.6776859504132,0
1299,1806,Headphones,13889,1,3,Chennai,India,,Y,2.191922316515049,0,426,SAVE10,Returned,WH3,Bad,True,False,False,True,False,13889,933.7589068354109,6944.5,32.52693208430913,0
4963,1572,Laptop,91734,4,2,Chennai,India,,Y,1.406794834858613,1,253,SAVE10,Returned,WH1,Bad,False,True,False,True,True,366936,355.91909321922907,73387.2,1444.6299212598426,0
4113,1955,Laptop,4060,2,1,Hyderabad,IN,2023-04-05,Y,3.4311498811185035,1,94,OFF20,Returned,WH1,Good,True,False,True,False,True,8120,322.5280888251393,2706.6666666666665,85.47368421052632,0
4061,1104,Shoes,3089,2,2,Delhi,India,2023-04-05,No,2.0362064840602674,0,198,OFF20,Returned,WH3,Good,True,False,True,False,True,6178,403.1688838439329,2059.3333333333335,31.045226130653266,0
523,1216,Shoes,49213,3,3,Delhi,India,2023-04-05,Yes,3.4391518523412943,0,352,YIrSES,Returned,WH3,Good,True,False,True,False,False,147639,1210.5814520241356,36909.75,418.24079320113316,0
485,1770,Mobile,72415,2,0,Delhi,India,,No,4.230780905304575,0,25,YIrSES,Returned,WH1,Good,False,False,True,False,True,144830,105.76952263261437,48276.666666666664,5570.384615384615,0
3111,1648,Headphones,65403,2,2,Chennai,IN,,Yes,4.465351906380938,0,270,SAVE10,Returned,WH3,Average,False,True,True,False,False,130806,1205.6450147228534,43602.0,482.6789667896679,0
677,1999,Mobile,95435,1,1,Chennai,IND,,Yes,3.538888854664841,1,333,OFF20,Returned,WH1,Average,False,True,False,False,False,95435,1178.449988603392,47717.5,285.73353293413174,0
4858,1545,Dress,37603,4,2,Chennai,IND,2023-04-05,Yes,4.649119233214517,2,56,SAVE10,Returned,WH2,Average,True,False,False,True,False,150412,260.3506770600129,30082.4,2638.8070175438597,0
277,1612,Laptop,70543,4,2,Delhi,IND,,Y,4.099348132519572,2,397,SAVE10,Returned,WH2,Average,False,True,False,True,False,282172,1627.4412086102702,56434.4,708.9748743718593,0
184,1364,Laptop,83179,1,2,Mumbai,India,2023-04-05,No,4.343514544310905,1,80,YIrSES,Returned,WH1,Bad,False,True,False,True,True,83179,347.4811635448724,41589.5,1026.9012345679012,0
3399,1949,Dress,15344,3,1,Chennai,IN,,N,3.4429865616005864,1,185,OFF20,Returned,WH1,Bad,False,True,False,True,False,46032,636.9525138961085,11508.0,247.48387096774192,0
2810,1979,Mobile,46338,4,1,Delhi,IN,2023-04-05,Y,3.487774959981301,1,103,SAVE10,Returned,WH3,Bad,False,False,False,True,False,185352,359.24082087807403,37070.4,1782.2307692307693,0
4775,1488,Shoes,13510,4,1,Chennai,IN,,Y,4.491037263543288,0,347,SAVE10,Returned,WH2,Average,False,False,False,False,True,54040,1558.389930449521,10808.0,155.28735632183907,0
1219,1315,Shoes,41290,1,1,Delhi,IN,,Y,2.3136503640043378,1,376,OFF20,Returned,WH1,Bad,False,False,True,False,True,41290,869.932536865631,20645.0,109.52254641909815,0
4851,1239,Dress,86766,4,3,Chennai,IND,,Yes,3.155055710147034,0,214,SAVE10,Returned,WH2,Bad,False,True,False,True,True,347064,675.1819219714653,69412.8,1614.2511627906977,0
3638,1490,Dress,30032,4,3,Chennai,IND,,No,4.30808709002147,2,273,OFF20,Not Returned,WH2,Average,False,True,False,False,True,120128,1176.1077755758613,24025.6,438.42335766423355,0
1945,1345,Mobile,4512,4,3,Delhi,IN,,N,2.4108926754716147,1,325,YIrSES,Not Returned,WH1,Average,True,False,True,False,True,18048,783.5401195282748,3609.6,55.36196319018405,0
3559,1227,Mobile,13700,2,0,Delhi,IN,,N,2.097704325758569,2,24,SAVE10,Not Returned,WH2,Good,False,True,True,False,False,27400,50.34490381820565,9133.333333333334,1096.0,0
802,1813,Headphones,62399,2,0,Chennai,IND,,N,3.787693791861722,0,289,SAVE10,Not Returned,WH1,Good,False,True,False,True,False,124798,1094.6435058480376,41599.333333333336,430.3379310344828,0
487,1493,Headphones,16175,4,0,Chennai,IND,2023-04-05,No,2.458738863830277,0,107,OFF20,Returned,WH1,Average,False,False,False,True,False,64700,263.08505842983965,12940.0,599.074074074074,0
3795,1386,Headphones,85043,4,2,Hyderabad,IND,2023-04-05,No,1.2513938632491328,2,290,OFF20,Returned,WH3,Average,True,False,False,False,True,340172,362.9042203422485,68034.4,1168.975945017182,0
4203,1716,Mobile,3457,4,0,Hyderabad,IN,2023-04-05,N,4.927126052833227,1,236,OFF20,Returned,WH3,Good,True,False,False,False,True,13828,1162.8017484686416,2765.6,58.345991561181435,0
2777,1193,Shoes,65259,4,0,Delhi,India,2023-04-05,Yes,2.624929953265259,2,363,OFF20,Returned,WH2,Good,True,False,False,True,True,261036,952.849573035289,52207.2,717.1318681318681,0
4259,1502,Headphones,37691,1,1,Hyderabad,IN,2023-04-05,N,4.026595145183332,1,395,YIrSES,Returned,WH3,Bad,True,False,False,True,False,37691,1590.5050823474162,18845.5,95.17929292929293,0
2555,1729,Dress,21772,3,1,Delhi,IND,,Yes,3.257934345928255,1,357,YIrSES,Returned,WH1,Bad,False,True,False,True,False,65316,1163.0825614963871,16329.0,182.44692737430168,0
2061,1752,Headphones,79406,2,3,Mumbai,IND,2023-04-05,No,3.938576330753359,1,6,SAVE10,Returned,WH2,Bad,False,True,False,True,True,158812,23.631457984520154,52937.333333333336,22687.428571428572,1
347,1383,Headphones,29392,1,0,Hyderabad,IND,2023-04-05,Yes,4.848556445293148,1,158,SAVE10,Not Returned,WH2,Bad,False,True,False,True,True,29392,766.0719183563175,14696.0,184.85534591194968,0
880,1677,Shoes,67498,4,0,Mumbai,IND,,Y,1.4117223565294812,1,373,SAVE10,Not Returned,WH3,Bad,False,True,True,False,False,269992,526.5724389854964,53998.4,721.903743315508,0
479,1333,Headphones,66383,3,1,Mumbai,IN,,Y,4.278126794347406,1,399,SAVE10,Not Returned,WH3,Average,False,True,False,False,False,199149,1706.972590944615,49787.25,497.8725,0
689,1939,Dress,87704,1,0,Hyderabad,IN,,N,2.931728620681332,1,445,SAVE10,Returned,WH3,Bad,False,True,False,False,True,87704,1304.619236203193,43852.0,196.6457399103139,0
769,1358,Mobile,87467,3,3,Mumbai,IND,,Yes,1.957065123736924,1,17,YIrSES,Returned,WH3,Bad,False,True,True,False,False,262401,33.27010710352771,65600.25,14577.833333333334,2
187,1932,Mobile,2428,3,2,Mumbai,IN,2023-04-05,Y,3.781678272082752,2,492,SAVE10,Returned,WH3,Good,False,True,True,False,False,7284,1860.585709864714,1821.0,14.774847870182557,0
1294,1507,Dress,51717,3,2,Mumbai,IN,,Y,4.759894184372289,0,426,SAVE10,Returned,WH1,Average,True,False,True,False,False,155151,2027.714922542595,38787.75,363.3512880562061,0
835,1217,Shoes,75300,2,2,Hyderabad,India,2023-04-05,Y,3.4377168021312583,2,113,YIrSES,Returned,WH3,Average,True,False,True,False,False,150600,388.4619986408322,50200.0,1321.0526315789473,0
1558,1386,Shoes,41699,4,1,Hyderabad,IN,2023-04-05,Y,4.256260413669645,2,8,OFF20,Not Returned,WH3,Good,True,False,False,False,True,166796,34.05008330935716,33359.2,18532.88888888889,-1
3352,1302,Shoes,86261,1,1,Mumbai,IN,,No,2.375022843440928,2,179,OFF20,Not Returned,WH3,Bad,True,False,False,True,False,86261,425.12908897592615,43130.5,479.22777777777776,0
2985,1463,Mobile,74519,3,3,Hyderabad,India,,No,2.84177219513541,2,298,OFF20,Not Returned,WH2,Good,False,False,False,False,False,223557,846.8481141503521,55889.25,747.6822742474916,0
2748,1152,Laptop,1124,3,2,Delhi,India,,N,2.939744205593334,2,396,OFF20,Returned,WH2,Good,False,False,False,True,False,3372,1164.1387054149602,843.0,8.493702770780857,0
4639,1758,Laptop,15912,2,3,Delhi,India,,N,3.939727138198299,2,379,OFF20,Returned,WH3,Average,False,False,False,True,False,31824,1493.1565853771554,10608.0,83.74736842105263,0
1584,1121,Laptop,23103,2,2,Hyderabad,India,,Y,3.746919155605273,2,248,OFF20,Returned,WH1,Good,False,False,False,False,False,46206,929.2359505901078,15402.0,185.56626506024097,0
2232,1121,Laptop,28692,2,2,Delhi,India,,N,3.289884227348629,1,347,SAVE10,Returned,WH1,Good,False,False,False,False,False,57384,1141.5898268899743,19128.0,164.89655172413794,0
2129,1134,Shoes,13688,3,0,Delhi,IND,,Y,3.942696323754437,2,394,OFF20,Not Returned,WH1,Bad,True,False,True,False,True,41064,1553.422351559248,10266.0,103.95949367088608,0
1890,1003,Mobile,38225,2,0,Chennai,IN,,No,4.124016151300518,0,127,SAVE10,Not Returned,WH1,Bad,True,False,False,True,False,76450,523.7500512151657,25483.333333333332,597.265625,0
3769,1074,Shoes,32182,4,2,Chennai,India,,Yes,2.8857954528447056,0,203,SAVE10,Returned,WH2,Average,True,False,True,False,False,128728,585.8164769274753,25745.6,631.0196078431372,0
1826,1654,Laptop,42591,3,1,Chennai,IN,,Y,4.066034662103553,2,450,OFF20,Not Returned,WH2,Average,True,False,True,False,False,127773,1829.7155979465986,31943.25,283.31042128603104,0
4939,1009,Laptop,43792,2,3,Chennai,IN,,No,3.200026631532696,2,158,SAVE10,Returned,WH2,Average,True,False,True,False,False,87584,505.604207782166,29194.666666666668,550.8427672955975,0
4355,1188,Headphones,96025,3,3,Chennai,IN,,N,3.794629520703113,2,148,OFF20,Returned,WH1,Average,True,False,False,True,False,288075,561.6051690640608,72018.75,1933.3892617449665,0
4919,1874,Dress,51041,4,3,Hyderabad,IN,2023-04-05,Y,1.2691615061528934,2,458,OFF20,Returned,WH1,Average,False,False,False,True,False,204164,581.2759698180251,40832.8,444.80174291939,0
2319,1014,Dress,42857,2,3,Hyderabad,IND,,Y,4.731707071659978,2,234,YIrSES,Not Returned,WH2,Good,False,True,True,False,False,85714,1107.2194547684348,28571.333333333332,364.74042553191487,0
4269,1948,Dress,51288,4,2,Delhi,IND,,N,1.9809640064916685,2,207,OFF20,Returned,WH3,Average,True,False,False,True,True,205152,410.05954934377536,41030.4,986.3076923076923,0
910,1789,Dress,98286,1,0,Chennai,IN,,N,3.847408915487218,1,237,OFF20,Returned,WH3,Good,False,True,True,False,True,98286,911.8359129704708,49143.0,412.96638655462186,0
4824,1137,Dress,71607,2,2,Mumbai,India,2023-04-05,Yes,1.5237465057794846,2,76,YIrSES,Not Returned,WH3,Good,False,False,True,False,True,143214,115.80473443924083,47738.0,1859.922077922078,0
933,1969,Mobile,21464,3,2,Hyderabad,India,,No,4.9901205112207325,1,56,OFF20,Not Returned,WH3,Average,True,False,False,False,True,64392,279.44674862836104,16098.0,1129.6842105263158,0
4454,1143,Headphones,47853,2,1,Hyderabad,IN,,Y,4.46225542263817,1,251,SAVE10,Not Returned,WH1,Average,False,False,False,False,True,95706,1120.0261110821805,31902.0,379.7857142857143,0
844,1827,Laptop,92537,3,2,Hyderabad,IN,,No,2.665306912229347,1,250,SAVE10,Returned,WH1,Bad,False,False,False,True,True,277611,666.3267280573367,69402.75,1106.019920318725,0
4000,1717,Laptop,11410,2,2,Hyderabad,IND,,Y,2.054911588067465,2,235,YIrSES,Not Returned,WH1,Average,False,True,False,True,False,22820,482.9042231958543,7606.666666666667,96.69491525423729,0
3512,1122,Laptop,48717,3,0,Hyderabad,India,,Y,4.145608671313649,2,159,YIrSES,Returned,WH2,Average,False,True,True,False,True,146151,659.1517787388702,36537.75,913.44375,0
2592,1774,Dress,11848,2,1,Hyderabad,India,,Y,1.9664808358024697,2,184,YIrSES,Returned,WH2,Good,False,False,False,True,True,23696,361.8324737876544,7898.666666666667,128.08648648648648,0
1876,1321,Mobile,19514,1,1,Mumbai,IN,2023-04-05,No,4.587962360385093,2,324,SAVE10,Not Returned,WH2,Good,False,True,True,False,True,19514,1486.4998047647703,9757.0,60.043076923076924,0
2487,1775,Mobile,87760,2,1,Mumbai,IN,,No,4.496775447536381,0,72,SAVE10,Not Returned,WH3,Good,False,True,False,False,False,175520,323.7678322226194,58506.666666666664,2404.3835616438355,0
3723,1295,Mobile,2397,4,1,Mumbai,IN,,No,1.8643112054927065,0,457,SAVE10,Returned,WH3,Good,False,True,True,False,False,9588,851.9902209101668,1917.6,20.934497816593886,0
1310,1243,Laptop,71591,2,1,Chennai,IN,,No,4.560182472047072,0,52,SAVE10,Returned,WH3,Average,False,True,False,True,False,143182,237.12948854644773,47727.333333333336,2701.5471698113206,0
1875,1624,Mobile,40627,1,2,Mumbai,IN,2023-04-05,Yes,3.506396587353409,0,172,SAVE10,Returned,WH2,Good,False,True,False,False,False,40627,603.1002130247864,20313.5,234.83815028901734,0
2731,1267,Laptop,33750,2,2,Hyderabad,IN,2023-04-05,Yes,3.771506442244149,0,50,OFF20,Not Returned,WH2,Good,False,True,False,False,False,67500,188.57532211220743,22500.0,1323.5294117647059,0
4052,1990,Dress,47718,1,3,Delhi,IN,2023-04-05,Yes,4.348454313463487,0,304,SAVE10,Not Returned,WH1,Average,False,True,False,False,False,47718,1321.9301112929002,23859.0,156.45245901639345,0
198,1493,Shoes,33420,4,0,Delhi,IND,2023-04-05,Yes,1.2098223801409422,1,437,SAVE10,Returned,WH2,Average,False,True,False,False,False,133680,528.6923801215918,26736.0,305.2054794520548,0
562,1551,Shoes,88725,1,2,Hyderabad,India,2023-04-05,Y,3.521399677973134,1,437,OFF20,Not Returned,WH3,Average,False,True,False,False,True,88725,1538.8516592742594,44362.5,202.56849315068493,0
314,1757,Headphones,98060,2,2,Hyderabad,India,,Yes,1.5386349025294397,1,180,OFF20,Returned,WH3,Bad,False,True,False,False,False,196120,276.95428245529916,65373.333333333336,1083.53591160221,0
571,1297,Mobile,31733,2,2,Delhi,India,2023-04-05,Yes,3.610805375675125,1,453,SAVE10,Returned,WH3,Bad,False,True,True,False,False,63466,1635.6948351808317,21155.333333333332,139.79295154185021,0
607,1071,Mobile,50143,3,2,Chennai,India,2023-04-05,Y,1.7042075890313266,0,64,OFF20,Returned,WH1,Bad,False,True,False,False,False,150429,109.0692856980049,37607.25,2314.2923076923075,0
1427,1251,Mobile,97126,1,2,Mumbai,IND,2023-04-05,Yes,1.171724098181289,0,418,OFF20,Not Returned,WH1,Average,False,True,True,False,True,97126,489.78067303977883,48563.0,231.80429594272076,0
1578,1692,Headphones,74884,1,3,Chennai,India,2023-04-05,Y,4.7770973571027495,1,391,OFF20,Not Returned,WH2,Average,False,True,False,False,True,74884,1867.8450666271751,37442.0,191.03061224489795,0
1392,1884,Headphones,4798,1,2,Hyderabad,India,,No,3.2690877223704398,2,359,OFF20,Not Returned,WH3,Good,False,True,False,False,False,4798,1173.6024923309878,2399.0,13.327777777777778,0
51,1865,Dress,7772,3,3,Delhi,IND,,Yes,2.166171493260201,2,210,OFF20,Returned,WH3,Good,False,False,False,True,True,23316,454.8960135846422,5829.0,110.50236966824644,0
2175,1887,Mobile,2083,2,3,Chennai,India,,No,1.2301299188979224,2,317,YIrSES,Not Returned,WH3,Average,False,False,False,True,True,4166,389.95118429064144,1388.6666666666667,13.10062893081761,0
4405,1395,Mobile,76208,3,2,Mumbai,India,,Y,4.739761543508804,1,407,SAVE10,Returned,WH2,Good,False,True,False,True,True,228624,1929.0829482080833,57156.0,560.3529411764706,0
212,1490,Shoes,96530,3,2,Delhi,IND,,No,4.125390015270444,1,312,YIrSES,Not Returned,WH2,Average,True,False,True,False,True,289590,1287.1216847643784,72397.5,925.2076677316294,0
4094,1242,Dress,17738,1,1,Mumbai,IND,,No,1.248726727883041,2,226,YIrSES,Not Returned,WH2,Good,True,False,True,False,True,17738,282.21224050156724,8869.0,78.14096916299559,0
1527,1789,Shoes,69156,4,2,Delhi,India,,Yes,4.223037007136211,2,352,OFF20,Not Returned,WH2,Good,False,False,True,False,False,276624,1486.5090265119463,55324.8,783.6373937677054,0
2736,1830,Mobile,69837,4,2,Delhi,IN,,No,4.913590839468476,2,285,OFF20,Returned,WH2,Good,False,False,False,False,False,279348,1400.3733892485157,55869.6,976.7412587412588,0
3423,1062,Dress,15563,3,2,Hyderabad,IN,,N,1.2320668964001715,2,424,OFF20,Not Returned,WH2,Good,False,False,True,False,True,46689,522.3963640736728,11672.25,109.8564705882353,0
3674,1374,Mobile,48799,1,3,Delhi,IND,,Y,4.7458008094682125,2,320,SAVE10,Not Returned,WH3,Good,False,False,True,False,False,48799,1518.656259029828,24399.5,152.02180685358255,0
836,1506,Shoes,97721,3,2,Delhi,IND,2023-04-05,N,2.628386601412873,2,371,SAVE10,Returned,WH1,Good,False,False,True,False,False,293163,975.131429124176,73290.75,788.0725806451613,0
1981,1651,Dress,27479,3,2,Hyderabad,IND,2023-04-05,Y,3.538842121908245,0,446,SAVE10,Not Returned,WH1,Average,True,False,False,False,False,82437,1578.3235863710772,20609.25,184.4228187919463,0
1939,1230,Headphones,30941,3,1,Delhi,IN,2023-04-05,Y,1.3301936356312596,2,323,SAVE10,Returned,WH1,Good,False,True,False,False,False,92823,429.65254430889684,23205.75,286.49074074074076,0
770,1808,Dress,48808,2,2,Delhi,IND,,No,4.978254474656666,1,422,YIrSES,Returned,WH1,Bad,True,False,True,False,True,97616,2100.823388305113,32538.666666666668,230.77068557919623,0
3175,1071,Headphones,81220,4,2,Chennai,India,,Y,1.1607982364291525,1,315,OFF20,Returned,WH1,Good,False,False,False,True,True,324880,365.65144447518304,64976.0,1028.1012658227849,0
4506,1262,Headphones,91647,2,1,Delhi,India,,Y,1.1515746514161551,1,137,SAVE10,Not Returned,WH3,Good,False,True,False,True,True,183294,157.76572724401325,61098.0,1328.2173913043478,0
1183,1788,Laptop,23241,2,1,Delhi,India,2023-04-05,Y,3.1869549016353145,2,464,OFF20,Not Returned,WH1,Average,False,False,False,True,True,46482,1478.747074358786,15494.0,99.96129032258065,0
218,1763,Headphones,75725,3,1,Chennai,India,2023-04-05,N,4.944875984902184,0,371,SAVE10,Returned,WH1,Bad,True,False,False,True,True,227175,1834.5489903987104,56793.75,610.6854838709677,0
1004,1159,Laptop,79034,4,0,Mumbai,India,,No,4.8887742785401125,0,108,SAVE10,Returned,WH2,Good,True,False,True,False,True,316136,527.9876220823321,63227.2,2900.330275229358,0
2707,1652,Laptop,46852,4,0,Mumbai,India,2023-04-05,Y,1.9556707695796132,0,97,YIrSES,Returned,WH3,Bad,True,False,True,False,True,187408,189.70006464922247,37481.6,1912.3265306122448,0
1820,1485,Laptop,66871,3,0,Chennai,India,,Y,4.267972351473038,0,208,YIrSES,Not Returned,WH3,Average,True,False,True,False,True,200613,887.7382491063918,50153.25,959.8708133971292,0
3737,1898,Headphones,75935,1,2,Delhi,IN,2023-04-05,Y,4.962791838636008,1,219,YIrSES,Not Returned,WH3,Bad,True,False,True,False,True,75935,1086.8514126612858,37967.5,345.15909090909093,0
1252,1425,Dress,35860,3,0,Mumbai,IN,2023-04-05,Y,1.5799878182119422,1,291,YIrSES,Not Returned,WH3,Average,False,False,False,False,True,107580,459.77645509967516,26895.0,368.4246575342466,0
601,1935,Dress,61460,2,3,Chennai,India,,Yes,2.6660982910812256,1,239,OFF20,Not Returned,WH2,Good,False,False,False,False,False,122920,637.1974915684129,40973.333333333336,512.1666666666666,0
4849,1507,Dress,5779,1,3,Hyderabad,India,,Yes,2.334381267580556,1,423,OFF20,Not Returned,WH2,Average,True,False,False,False,False,5779,987.4432761865752,2889.5,13.629716981132075,0
2861,1307,Mobile,90476,1,2,Hyderabad,IN,,Y,4.334058178120232,1,486,OFF20,Returned,WH3,Bad,True,False,False,False,True,90476,2106.3522745664327,45238.0,185.78234086242298,0
101,1530,Mobile,50241,3,0,Hyderabad,IN,,No,2.586503075642423,1,86,YIrSES,Not Returned,WH3,Bad,False,False,True,False,True,150723,222.4392645052484,37680.75,1732.448275862069,0
2623,1365,Shoes,37767,4,3,Hyderabad,IN,2023-04-05,Yes,4.880784584749799,1,371,YIrSES,Returned,WH2,Bad,False,True,False,False,True,151068,1810.7710809421753,30213.6,406.0967741935484,0
3962,1573,Laptop,10011,1,0,Hyderabad,IN,2023-04-05,Yes,4.634434987873635,2,254,OFF20,Not Returned,WH2,Average,False,True,True,False,False,10011,1177.1464869199033,5005.5,39.258823529411764,0
96,1434,Mobile,56836,4,0,Mumbai,IN,,Yes,3.494714776505744,0,430,OFF20,Not Returned,WH2,Average,False,True,False,True,True,227344,1502.7273538974698,45468.8,527.4802784222737,0
3433,1470,Laptop,93906,4,0,Hyderabad,IND,2023-04-05,No,4.354540687931742,1,230,SAVE10,Not Returned,WH2,Average,False,False,False,False,True,375624,1001.5443582243006,75124.8,1626.077922077922,0
3072,1598,Headphones,46633,4,0,Chennai,IND,,N,1.5912273559784285,0,151,SAVE10,Not Returned,WH3,Average,False,False,False,False,False,186532,240.2753307527427,37306.4,1227.1842105263158,0
43,1176,Headphones,10927,4,0,Delhi,IND,,N,4.617323062524003,0,491,OFF20,Not Returned,WH2,Bad,False,False,False,False,False,43708,2267.1056236992854,8741.6,88.83739837398375,0
2168,1374,Shoes,86666,1,3,Hyderabad,IN,,N,2.761441412761303,0,182,OFF20,Not Returned,WH3,Bad,False,False,False,False,False,86666,502.58233712255713,43333.0,473.58469945355193,0
2586,1712,Shoes,51792,4,3,Hyderabad,IN,,N,1.2979892504195665,0,22,OFF20,Not Returned,WH3,Average,False,False,False,False,False,207168,28.555763509230463,41433.6,9007.304347826086,0
4550,1648,Laptop,22082,1,3,Hyderabad,IND,,Y,3.254392000338847,1,374,SAVE10,Not Returned,WH2,Bad,False,False,False,True,True,22082,1217.1426081267286,11041.0,58.885333333333335,0
2534,1993,Laptop,45346,2,0,Hyderabad,IND,,Y,1.14226781287364,0,13,YIrSES,Not Returned,WH2,Good,False,False,False,True,True,90692,14.849481567357321,30230.666666666668,6478.0,0
4163,1091,Headphones,54136,3,3,Mumbai,IN,,N,4.688548786966912,0,183,YIrSES,Returned,WH1,Average,False,False,False,True,False,162408,858.0044280149449,40602.0,882.6521739130435,0
13,1214,Laptop,20391,2,2,Mumbai,IND,,N,2.4861103309391366,1,460,SAVE10,Not Returned,WH2,Average,False,True,True,False,True,40782,1143.6107522320028,13594.0,88.46420824295011,0
422,1629,Dress,87554,3,2,Mumbai,India,,Y,2.5669732306362705,1,17,SAVE10,Not Returned,WH3,Bad,False,False,True,False,True,262662,43.6385449208166,65665.5,14592.333333333334,2
2283,1518,Mobile,18365,3,2,Mumbai,IND,2023-04-05,Y,4.514151740461309,2,33,YIrSES,Not Returned,WH2,Average,False,False,True,False,True,55095,148.9670074352232,13773.75,1620.4411764705883,0
2499,1999,Mobile,62802,2,0,Chennai,India,,N,1.2958894158740568,2,193,YIrSES,Not Returned,WH2,Bad,False,False,False,False,False,125604,250.10665726369297,41868.0,647.4432989690722,0
1235,1144,Mobile,48822,2,0,Delhi,IN,,Y,3.140598617113584,2,269,OFF20,Returned,WH3,Good,False,False,False,True,False,97644,844.8210280035541,32548.0,361.64444444444445,0
4784,1366,Mobile,85080,4,1,Delhi,IND,,N,2.914272900933136,2,274,OFF20,Returned,WH3,Bad,True,False,False,False,False,340320,798.5107748556793,68064.0,1237.5272727272727,0
4698,1906,Mobile,80423,1,1,Mumbai,IND,,Yes,4.566481253656315,0,130,YIrSES,Not Returned,WH3,Good,True,False,False,True,True,80423,593.642562975321,40211.5,613.9160305343512,0
676,1450,Dress,32203,4,1,Chennai,IND,,No,4.279892983371429,1,295,YIrSES,Not Returned,WH2,Average,True,False,False,False,True,128812,1262.5684300945716,25762.4,435.1756756756757,0
1482,1848,Headphones,49023,4,0,Chennai,India,2023-04-05,Y,1.2473592745298585,0,416,YIrSES,Returned,WH2,Good,False,True,False,True,True,196092,518.9014582044211,39218.4,470.24460431654677,0
284,1194,Mobile,54872,1,3,Chennai,IND,,No,3.529823237212248,2,106,YIrSES,Returned,WH2,Good,False,True,False,False,True,54872,374.16126314449826,27436.0,512.8224299065421,0
262,1281,Mobile,44377,4,2,Delhi,IN,,No,4.987093292709368,2,234,YIrSES,Returned,WH2,Average,False,True,False,False,True,177508,1166.979830493992,35501.6,755.3531914893617,0
2185,1208,Headphones,72119,3,3,Mumbai,IN,2023-04-05,N,2.1011759736570226,1,99,YIrSES,Not Returned,WH2,Good,True,False,False,True,False,216357,208.01642139204523,54089.25,2163.57,0
4337,1397,Mobile,87714,3,1,Hyderabad,IND,2023-04-05,N,4.527001915618036,1,394,SAVE10,Not Returned,WH2,Average,False,False,False,True,False,263142,1783.6387547535062,65785.5,666.1822784810126,0
4656,1132,Shoes,93256,4,1,Hyderabad,IN,,N,1.028431689346938,1,450,YIrSES,Not Returned,WH1,Good,True,False,False,True,False,373024,462.79426020612215,74604.8,827.1042128603104,0
4149,1886,Mobile,38133,3,0,Hyderabad,IND,,Y,4.101735549470607,1,259,SAVE10,Not Returned,WH3,Bad,False,False,False,True,False,114399,1062.3495073128872,28599.75,439.99615384615385,0
1928,1051,Shoes,74395,1,3,Chennai,India,2023-04-05,Y,2.970096825691194,2,196,SAVE10,Not Returned,WH3,Bad,False,False,True,False,False,74395,582.1389778354741,37197.5,377.6395939086294,0
287,1069,Laptop,61246,1,2,Mumbai,India,2023-04-05,Y,1.0070109431528396,2,209,SAVE10,Not Returned,WH2,Bad,True,False,False,True,True,61246,210.46528711894348,30623.0,291.64761904761906,0
1346,1539,Laptop,46892,1,1,Chennai,India,,No,3.257196908756039,2,306,YIrSES,Not Returned,WH2,Good,True,False,True,False,True,46892,996.7022540793479,23446.0,152.74267100977198,0
3581,1518,Shoes,19153,4,0,Mumbai,IND,,No,3.394939059220309,0,108,YIrSES,Not Returned,WH3,Average,False,True,False,False,False,76612,366.6534183957934,15322.4,702.8623853211009,0
651,1623,Mobile,11330,2,0,Delhi,IND,,Yes,3.784522690668061,0,290,OFF20,Returned,WH3,Bad,True,False,True,False,True,22660,1097.5115802937376,7553.333333333333,77.86941580756013,0
2717,1171,Headphones,54702,4,1,Delhi,India,2023-04-05,Y,1.4072646390459558,1,3,OFF20,Returned,WH2,Good,False,True,True,False,True,218808,4.221793917137868,43761.6,54702.0,-1
2001,1870,Dress,23190,3,1,Delhi,India,2023-04-05,Y,3.7002934875588096,1,313,SAVE10,Returned,WH2,Bad,True,False,False,False,True,69570,1158.1918616059074,17392.5,221.56050955414014,0
2565,1483,Dress,24625,3,1,Mumbai,IN,,Y,3.8062042094720754,0,160,SAVE10,Not Returned,WH1,Good,False,False,True,False,True,73875,608.992673515532,18468.75,458.85093167701865,0
386,1570,Laptop,96529,2,0,Mumbai,IN,,Y,4.879303952975628,0,214,SAVE10,Not Returned,WH1,Bad,False,True,False,False,False,193058,1044.1710459367844,64352.666666666664,897.9441860465116,0
1542,1941,Laptop,81013,3,0,Hyderabad,India,2023-04-05,N,2.594808448427335,1,445,OFF20,Returned,WH2,Good,False,True,False,False,False,243039,1154.689759550164,60759.75,544.9304932735427,0
3629,1477,Laptop,60992,1,2,Mumbai,India,2023-04-05,Y,3.733249186221684,2,150,YIrSES,Returned,WH2,Good,True,False,False,False,False,60992,559.9873779332527,30496.0,403.9205298013245,0
633,1179,Mobile,14450,3,2,Chennai,India,2023-04-05,Y,2.2146883110521363,1,350,YIrSES,Returned,WH3,Bad,False,False,False,False,False,43350,775.1409088682477,10837.5,123.5042735042735,0
2456,1260,Dress,19787,2,2,Delhi,India,2023-04-05,N,1.6053328895596852,2,50,YIrSES,Not Returned,WH3,Average,True,False,False,False,True,39574,80.26664447798426,13191.333333333334,775.9607843137255,0
3660,1391,Shoes,7271,3,0,Chennai,India,2023-04-05,No,3.4928932247642237,0,157,YIrSES,Returned,WH2,Average,False,True,False,False,True,21813,548.3842362879831,5453.25,138.05696202531647,0
4853,1075,Laptop,72412,4,0,Chennai,IND,,N,4.497674005510991,2,435,YIrSES,Returned,WH1,Average,False,False,False,False,False,289648,1956.488192397281,57929.6,664.3302752293578,0
2940,1737,Shoes,73253,2,0,Mumbai,India,2023-04-05,Y,1.1604283186566593,2,458,YIrSES,Returned,WH2,Average,False,False,False,False,True,146506,531.4761699447499,48835.333333333336,319.18518518518516,0
1559,1177,Shoes,67800,2,0,Delhi,India,2023-04-05,Y,4.826740139579392,0,331,YIrSES,Returned,WH2,Good,False,False,True,False,True,135600,1597.6509862007786,45200.0,408.43373493975906,0
1461,1187,Shoes,83666,4,0,Delhi,India,,N,1.2912830372171933,1,121,YIrSES,Returned,WH3,Bad,True,False,False,True,False,334664,156.24524750328038,66932.8,2743.1475409836066,0
2081,1661,Mobile,63342,2,3,Hyderabad,India,2023-04-05,N,3.400800467850242,1,380,SAVE10,Returned,WH3,Bad,False,True,False,True,True,126684,1292.304177783092,42228.0,332.503937007874,0
1355,1763,Laptop,95774,2,3,Chennai,India,,Yes,1.2875442593676012,1,97,YIrSES,Returned,WH1,Bad,False,True,True,False,True,191548,124.89179315865732,63849.333333333336,1954.5714285714287,0
955,1363,Shoes,27037,2,0,Delhi,India,2023-04-05,Yes,2.374867087285168,2,490,YIrSES,Returned,WH3,Good,True,False,False,False,False,54074,1163.6848727697322,18024.666666666668,110.13034623217922,0
4073,1737,Mobile,25234,2,0,Delhi,IN,2023-04-05,Yes,3.0807915305422653,2,179,YIrSES,Returned,WH2,Bad,False,True,False,False,True,50468,551.4616839670655,16822.666666666668,280.3777777777778,0
1936,1259,Mobile,53459,3,3,Delhi,India,,Yes,4.617617062532177,2,298,OFF20,Returned,WH3,Bad,False,True,True,False,False,160377,1376.0498846345888,40094.25,536.3779264214047,0
3224,1619,Mobile,98409,3,3,Delhi,India,,Yes,2.9256985646337603,0,417,YIrSES,Not Returned,WH3,Bad,False,True,False,False,False,295227,1220.016301452278,73806.75,706.2846889952153,0
3673,1170,Mobile,36312,2,0,Mumbai,IN,,Yes,3.733513544432543,1,390,YIrSES,Returned,WH3,Bad,False,True,False,False,False,72624,1456.0702823286917,24208.0,185.7391304347826,0
4655,1993,Shoes,28314,3,1,Hyderabad,India,2023-04-05,N,4.309014801591872,1,346,YIrSES,Returned,WH2,Average,False,True,False,False,False,84942,1490.919121350788,21235.5,244.78962536023056,0
4771,1203,Shoes,98960,4,2,Delhi,IND,,N,4.315914346675442,1,88,OFF20,Returned,WH3,Bad,False,True,True,False,False,395840,379.8004625074389,79168.0,4447.640449438202,0
1444,1536,Mobile,94400,2,2,Delhi,India,,N,4.024864179183245,2,371,OFF20,Not Returned,WH3,Good,False,True,True,False,False,188800,1493.224610476984,62933.333333333336,507.5268817204301,0
3020,1321,Dress,92273,4,2,Chennai,IND,2023-04-05,N,1.9747921072420351,0,37,OFF20,Returned,WH3,Bad,False,False,False,True,False,369092,73.0673079679553,73818.4,9712.947368421053,0
3611,1610,Dress,93335,2,3,Hyderabad,IND,2023-04-05,Yes,4.45653659403047,0,54,OFF20,Not Returned,WH3,Average,False,True,False,True,True,186670,240.65297607764538,62223.333333333336,3394.0,0
3456,1792,Shoes,37854,4,0,Mumbai,IN,2023-04-05,Yes,1.2774612982705222,2,234,OFF20,Returned,WH2,Average,False,True,False,False,True,151416,298.9259437953022,30283.2,644.3234042553191,0
293,1322,Laptop,3118,4,0,Mumbai,IN,2023-04-05,Yes,1.6378782718360925,2,136,OFF20,Not Returned,WH2,Average,False,True,False,False,True,12472,222.7514449697086,2494.4,91.03649635036497,0
4517,1861,Laptop,8898,2,1,Delhi,IND,,Yes,1.0096175214687455,2,474,YIrSES,Not Returned,WH2,Average,False,False,False,False,True,17796,478.55870517618536,5932.0,37.46526315789474,0
3240,1230,Laptop,54321,4,2,Mumbai,IND,,Yes,1.906235030768668,2,206,SAVE10,Not Returned,WH1,Average,True,False,True,False,True,217284,392.6844163383456,43456.8,1049.6811594202898,0
2660,1859,Dress,34778,4,3,Chennai,IN,,Y,4.459218033534815,0,110,SAVE10,Returned,WH2,Average,True,False,False,False,True,139112,490.5139836888296,27822.4,1253.2612612612613,0
1758,1542,Dress,93613,2,1,Chennai,India,2023-04-05,Y,1.2172850117291802,0,147,OFF20,Returned,WH3,Bad,False,True,False,True,True,187226,178.94089672418949,62408.666666666664,1265.0405405405406,0
3367,1270,Headphones,67836,3,1,Chennai,India,,Yes,1.1325337047869213,0,262,SAVE10,Returned,WH2,Good,False,True,False,True,True,203508,296.72383065417336,50877.0,773.7946768060837,0
163,1385,Mobile,30681,1,0,Mumbai,IND,2023-04-05,Yes,1.4835697557395116,1,295,OFF20,Not Returned,WH2,Bad,False,False,True,False,True,30681,437.6530779431559,15340.5,103.65202702702703,0
2608,1265,Headphones,68135,1,0,Mumbai,IN,,No,4.049189373416946,1,438,OFF20,Not Returned,WH2,Bad,True,False,True,False,False,68135,1773.5449455566225,34067.5,155.20501138952164,0
4608,1318,Dress,70465,4,2,Chennai,India,,No,4.7497463599472365,1,43,OFF20,Not Returned,WH1,Bad,True,False,True,False,False,281860,204.23909347773116,56372.0,6405.909090909091,0
3451,1634,Dress,58211,2,0,Mumbai,India,,No,4.720458357351989,1,381,OFF20,Not Returned,WH2,Good,True,False,False,True,False,116422,1798.4946341511077,38807.333333333336,304.7696335078534,0
3572,1464,Dress,82978,4,1,Delhi,India,2023-04-05,Y,4.452288773366307,2,428,OFF20,Returned,WH2,Bad,True,False,False,False,False,331912,1905.5795950007796,66382.4,773.6876456876457,0
2233,1592,Dress,55996,1,2,Mumbai,IND,2023-04-05,N,2.179103130236448,2,374,OFF20,Not Returned,WH2,Good,False,False,True,False,True,55996,814.9845707084315,27998.0,149.32266666666666,0
3208,1032,Dress,49735,3,2,Chennai,IN,,Y,1.3619553107412523,2,27,OFF20,Not Returned,WH3,Good,False,True,True,False,True,149205,36.77279339001381,37301.25,5328.75,0
2273,1061,Headphones,46730,3,2,Hyderabad,India,,N,2.5753558238127225,2,149,OFF20,Not Returned,WH3,Good,False,False,False,True,True,140190,383.7280177480957,35047.5,934.6,0
3236,1708,Mobile,84340,1,0,Mumbai,IND,,N,2.3859714841246027,1,94,SAVE10,Not Returned,WH1,Average,False,True,False,True,True,84340,224.28131950771265,42170.0,887.7894736842105,0
4967,1723,Mobile,68072,3,2,Hyderabad,IN,,N,3.908461088939566,1,164,YIrSES,Returned,WH1,Average,False,False,False,False,True,204216,640.9876185860888,51054.0,1237.6727272727273,0
1412,1289,Laptop,3150,2,0,Hyderabad,India,,N,2.185146934100197,1,193,YIrSES,Not Returned,WH1,Average,True,False,True,False,True,6300,421.733358281338,2100.0,32.47422680412371,0
2137,1830,Headphones,87226,3,3,Chennai,IND,2023-04-05,N,1.4629689724696848,2,88,YIrSES,Not Returned,WH1,Average,True,False,False,False,False,261678,128.74126957733228,65419.5,2940.2022471910113,0
2929,1308,Laptop,18429,4,0,Hyderabad,IND,,No,1.423750009798729,0,180,YIrSES,Returned,WH3,Good,False,True,False,False,False,73716,256.27500176377123,14743.2,407.2707182320442,0
4745,1318,Mobile,49777,4,1,Delhi,IN,,Y,3.6768899959580663,0,259,YIrSES,Returned,WH3,Good,False,False,False,True,False,199108,952.3145089531391,39821.6,765.8,0
4116,1344,Laptop,13481,4,1,Chennai,India,,N,3.0049317644006983,0,79,OFF20,Returned,WH3,Average,False,False,False,True,False,53924,237.38960938765516,10784.8,674.05,0
2029,1425,Laptop,35996,1,0,Mumbai,India,,Y,1.4507025299896306,1,285,YIrSES,Returned,WH3,Good,False,True,False,True,False,35996,413.4502210470447,17998.0,125.86013986013987,0
1003,1863,Headphones,53166,4,1,Delhi,India,,Yes,1.7109484574707734,0,447,SAVE10,Returned,WH3,Good,False,True,False,True,False,212664,764.7939604894357,42532.8,474.69642857142856,0
4287,1220,Headphones,18703,1,1,Chennai,IND,,No,4.342902879279563,2,375,SAVE10,Not Returned,WH3,Good,False,True,True,False,True,18703,1628.5885797298363,9351.5,49.74202127659574,0
2649,1733,Mobile,49601,1,1,Hyderabad,IN,2023-04-05,N,1.2355596447901496,2,231,SAVE10,Returned,WH3,Bad,False,True,True,False,True,49601,285.4142779465246,24800.5,213.79741379310346,0
909,1230,Shoes,20973,3,1,Delhi,India,2023-04-05,No,2.7805348596070005,2,418,YIrSES,Returned,WH3,Bad,False,True,True,False,True,62919,1162.2635713157263,15729.75,150.16467780429593,0
845,1844,Dress,14291,2,3,Hyderabad,India,,N,2.8977724537888947,0,433,OFF20,Returned,WH1,Good,False,True,False,True,True,28582,1254.7354724905913,9527.333333333334,65.85714285714286,0
1260,1751,Headphones,61162,2,2,Mumbai,IN,2023-04-05,Y,1.7119126078703868,1,464,OFF20,Not Returned,WH2,Average,False,True,True,False,True,122324,794.3274500518595,40774.666666666664,263.06236559139785,0
89,1967,Headphones,63757,4,2,Mumbai,India,,Y,1.6159530001294402,1,83,YIrSES,Returned,WH1,Bad,True,False,True,False,True,255028,134.12409901074355,51005.6,3036.0476190476193,0
698,1049,Headphones,59418,4,0,Delhi,India,,No,1.5399833179259677,1,225,YIrSES,Not Returned,WH2,Bad,True,False,True,False,True,237672,346.49624653334274,47534.4,1051.646017699115,0
1576,1586,Headphones,43773,1,1,Mumbai,IND,,No,2.4541445101866044,1,408,OFF20,Returned,WH2,Bad,True,False,False,True,True,43773,1001.2909601561346,21886.5,107.02444987775061,0
4434,1610,Mobile,90127,3,3,Hyderabad,IND,,No,1.785658178608153,1,431,OFF20,Not Returned,WH3,Good,True,False,False,True,True,270381,769.618674980114,67595.25,625.8819444444445,0
4582,1233,Mobile,79608,2,3,Hyderabad,India,,Y,2.335094968606378,1,185,SAVE10,Not Returned,WH2,Bad,True,False,False,True,False,159216,431.99256919217993,53072.0,856.0,0
3043,1915,Mobile,4581,3,2,Hyderabad,IN,,Y,4.043264398641739,0,480,OFF20,Returned,WH1,Good,True,False,False,True,False,13743,1940.7669113480347,3435.75,28.571725571725572,0
1178,1419,Shoes,19984,2,0,Hyderabad,India,,Yes,4.261019844614466,1,16,OFF20,Returned,WH1,Good,False,True,False,True,False,39968,68.17631751383145,13322.666666666666,2351.0588235294117,0
1011,1763,Dress,28426,1,0,Hyderabad,IND,,Y,2.8758386421668134,1,56,OFF20,Not Returned,WH1,Good,False,True,False,False,False,28426,161.04696396134156,14213.0,498.70175438596493,0
2413,1522,Laptop,64982,3,0,Hyderabad,IND,,No,2.639984871073745,0,236,OFF20,Not Returned,WH1,Good,False,True,False,False,True,194946,623.0364295734038,48736.5,822.5569620253165,0
594,1049,Mobile,26082,2,3,Mumbai,IND,,Yes,1.375693702749699,1,400,OFF20,Not Returned,WH3,Good,False,True,True,False,True,52164,550.2774810998795,17388.0,130.0847880299252,0
160,1768,Dress,32360,1,1,Hyderabad,IND,2023-04-05,Y,1.4616641385689682,0,437,OFF20,Not Returned,WH2,Good,False,False,True,False,True,32360,638.747228554639,16180.0,73.88127853881278,0
2304,1444,Headphones,175,3,1,Mumbai,IND,2023-04-05,N,1.7318359059505777,0,42,YIrSES,Not Returned,WH2,Average,True,False,True,False,False,525,72.73710804992426,131.25,12.209302325581396,0
1019,1571,Headphones,7736,1,1,Hyderabad,IND,,N,1.943441699225179,0,294,OFF20,Not Returned,WH2,Average,False,True,True,False,True,7736,571.3718595722027,3868.0,26.223728813559323,0
1752,1985,Dress,22704,4,2,Hyderabad,IN,,N,2.8825670459303696,2,172,OFF20,Returned,WH3,Bad,True,False,True,False,True,90816,495.8015319000236,18163.2,524.9479768786127,0
2747,1456,Laptop,40180,2,1,Chennai,India,2023-04-05,Y,2.4213949048246053,2,124,OFF20,Not Returned,WH1,Bad,True,False,True,False,True,80360,300.25296819825104,26786.666666666668,642.88,0
2443,1158,Headphones,26079,4,0,Hyderabad,IND,2023-04-05,No,4.247337266424773,2,193,SAVE10,Returned,WH1,Average,False,True,False,False,True,104316,819.7360924199811,20863.2,537.7113402061856,0
3491,1278,Dress,44285,3,0,Chennai,IN,,N,1.0821135598515506,2,471,SAVE10,Returned,WH2,Bad,False,False,True,False,True,132855,509.67548669008033,33213.75,281.4724576271187,0
2815,1350,Headphones,38055,4,1,Delhi,India,,N,1.11134572387102,2,365,SAVE10,Not Returned,WH3,Bad,False,False,False,False,False,152220,405.6411892129223,30444.0,415.9016393442623,0
4676,1792,Mobile,47527,3,1,Delhi,IND,2023-04-05,N,2.0337047002634767,2,180,SAVE10,Not Returned,WH3,Average,False,False,False,False,True,142581,366.0668460474258,35645.25,787.7403314917127,0
3157,1500,Mobile,8425,2,2,Mumbai,IND,2023-04-05,N,4.8584980114915455,1,342,OFF20,Not Returned,WH1,Good,False,False,False,False,True,16850,1661.6063199301086,5616.666666666667,49.12536443148688,0
2931,1433,Dress,17663,1,0,Mumbai,IND,,Y,1.9201161440239825,2,287,OFF20,Not Returned,WH2,Bad,False,False,False,True,True,17663,551.0733333348829,8831.5,61.329861111111114,0
2939,1726,Dress,41368,2,1,Mumbai,IND,,Y,2.994487488675932,2,125,YIrSES,Not Returned,WH2,Bad,True,False,False,True,True,82736,374.3109360844915,27578.666666666668,656.6349206349206,0
2054,1867,Shoes,8324,1,2,Mumbai,India,2023-04-05,No,1.6132311763016751,1,490,OFF20,Not Returned,WH1,Bad,True,False,False,True,False,8324,790.4832763878208,4162.0,16.95315682281059,0
228,1017,Mobile,44752,3,3,Delhi,IN,2023-04-05,Yes,1.791109674346263,2,182,YIrSES,Returned,WH3,Bad,True,False,False,False,False,134256,325.98196073101985,33564.0,733.639344262295,0
4012,1821,Dress,38558,1,2,Chennai,IN,,Yes,2.758490400991823,2,474,OFF20,Not Returned,WH3,Bad,False,True,False,False,False,38558,1307.524450070124,19279.0,81.17473684210526,0
2493,1562,Dress,89125,4,1,Hyderabad,IN,,No,4.077791538346281,2,34,YIrSES,Returned,WH2,Bad,False,True,True,False,True,356500,138.64491230377354,71300.0,10185.714285714286,0
3385,1536,Headphones,90421,3,1,Mumbai,IN,2023-04-05,No,2.767785615048818,1,161,OFF20,Returned,WH2,Bad,False,True,True,False,True,271263,445.6134840228597,67815.75,1674.462962962963,0
4267,1522,Dress,18964,4,2,Hyderabad,India,2023-04-05,Y,2.9248334346240648,0,435,OFF20,Returned,WH1,Bad,False,False,True,False,False,75856,1272.302544061468,15171.2,173.9816513761468,0
2910,1362,Laptop,59565,4,0,Delhi,IND,,No,3.4051729529314536,2,111,YIrSES,Returned,WH1,Bad,True,False,False,False,True,238260,377.97419777539136,47652.0,2127.3214285714284,0
890,1343,Mobile,50799,3,0,Hyderabad,India,,Y,3.833044206385658,2,378,YIrSES,Returned,WH2,Good,True,False,True,False,True,152397,1448.8907100137787,38099.25,402.1029023746702,0
3012,1147,Shoes,75864,4,1,Chennai,India,,Y,1.608132995088178,1,209,YIrSES,Returned,WH2,Average,False,True,True,False,True,303456,336.0997959734292,60691.2,1445.0285714285715,0
1442,1704,Laptop,53311,4,2,Hyderabad,India,,Yes,3.5875557695459124,2,1,OFF20,Not Returned,WH1,Bad,False,False,True,False,False,213244,3.5875557695459124,42648.8,106622.0,-1
182,1141,Dress,32268,3,2,Mumbai,IND,,N,1.125388678476463,2,232,OFF20,Not Returned,WH3,Bad,False,False,False,False,True,96804,261.0901734065394,24201.0,415.46781115879827,0
4403,1917,Shoes,13504,4,0,Hyderabad,IND,2023-04-05,N,3.2004305794575734,2,92,OFF20,Not Returned,WH3,Good,False,True,False,False,True,54016,294.4396133100968,10803.2,580.8172043010753,0
2879,1936,Dress,95515,4,3,Delhi,India,2023-04-05,N,3.620541991170946,0,320,YIrSES,Not Returned,WH2,Average,False,True,False,True,True,382060,1158.5734371747028,76412.0,1190.2180685358255,0
2482,1095,Dress,90473,1,1,Chennai,India,,No,1.014283191636654,0,149,SAVE10,Not Returned,WH1,Average,False,True,False,False,False,90473,151.12819555386145,45236.5,603.1533333333333,0
2626,1947,Headphones,88499,1,1,Delhi,IND,,No,1.140188471078599,0,305,SAVE10,Returned,WH3,Good,False,False,False,True,False,88499,347.7574836789727,44249.5,289.2124183006536,0
3458,1817,Laptop,51218,1,1,Chennai,IN,2023-04-05,Yes,2.8671355774086376,0,14,SAVE10,Returned,WH1,Bad,False,False,False,False,True,51218,40.13989808372092,25609.0,3414.5333333333333,0
1416,1887,Headphones,61200,1,0,Hyderabad,India,2023-04-05,Yes,2.302690986895463,2,120,SAVE10,Not Returned,WH1,Bad,False,False,True,False,True,61200,276.32291842745553,30600.0,505.78512396694214,0
4175,1497,Mobile,76114,2,3,Hyderabad,India,2023-04-05,Yes,2.2540133091367105,0,180,YIrSES,Not Returned,WH2,Average,True,False,True,False,False,152228,405.7223956446079,50742.666666666664,841.0386740331492,0
4614,1389,Mobile,99368,2,3,Delhi,India,2023-04-05,Yes,4.685507781881944,2,23,SAVE10,Returned,WH2,Average,True,False,False,True,True,198736,107.76667898328472,66245.33333333333,8280.666666666666,0
3661,1224,Mobile,66637,2,3,Chennai,India,,Y,2.4872446649201594,1,191,OFF20,Returned,WH2,Bad,True,False,False,False,True,133274,475.0637309997504,44424.666666666664,694.1354166666666,0
4993,1983,Mobile,37088,4,3,Chennai,IND,,Y,2.091716971571791,0,351,OFF20,Returned,WH1,Average,False,False,True,False,True,148352,734.1926570216987,29670.4,421.45454545454544,0
3058,1983,Mobile,9891,3,3,Delhi,IND,2023-04-05,Y,4.381605468917196,0,1,OFF20,Returned,WH2,Average,False,False,False,False,True,29673,4.381605468917196,7418.25,14836.5,-1
1778,1414,Shoes,35039,1,2,Mumbai,IN,2023-04-05,No,4.427343337476196,0,456,OFF20,Not Returned,WH2,Good,False,True,False,False,True,35039,2018.8685618891454,17519.5,76.67177242888403,0
2156,1125,Shoes,66440,1,2,Hyderabad,IN,,No,1.0928392374545033,2,53,OFF20,Not Returned,WH3,Average,True,False,False,False,True,66440,57.92047958508867,33220.0,1230.3703703703704,0
3088,1656,Shoes,24560,2,2,Chennai,IND,,N,1.731877585072239,1,285,SAVE10,Not Returned,WH3,Bad,True,False,False,False,True,49120,493.5851117455881,16373.333333333334,171.74825174825176,0
2436,1298,Headphones,4590,2,2,Chennai,IN,,N,4.429250162881666,1,404,SAVE10,Not Returned,WH2,Good,True,False,True,False,False,9180,1789.417065804193,3060.0,22.666666666666668,0
236,1130,Headphones,67348,4,0,Chennai,IND,,N,3.075161154732203,2,157,SAVE10,Returned,WH2,Bad,False,True,True,False,True,269392,482.8003012929559,53878.4,1705.012658227848,0
4021,1807,Headphones,34069,4,3,Mumbai,IN,,Y,2.9685862673425603,2,361,SAVE10,Returned,WH3,Good,True,False,False,False,True,136276,1071.6596425106643,27255.2,376.45303867403317,0
1197,1377,Mobile,12346,1,1,Mumbai,IN,,Yes,3.43259982974086,0,414,YIrSES,Not Returned,WH2,Average,True,False,False,False,True,12346,1421.096329512716,6173.0,29.749397590361447,0
1674,1376,Mobile,80563,3,0,Mumbai,IN,,Yes,2.273479171057705,0,301,YIrSES,Not Returned,WH2,Average,True,False,False,False,False,241689,684.3172304883692,60422.25,800.294701986755,0
2079,1748,Shoes,16880,3,0,Chennai,IN,,No,1.315811935032055,0,321,SAVE10,Not Returned,WH2,Bad,True,False,True,False,False,50640,422.3756311452896,12660.0,157.26708074534162,0
618,1891,Mobile,398,1,0,Chennai,India,,No,4.345046125974469,0,216,SAVE10,Not Returned,WH2,Average,False,True,True,False,False,398,938.5299632104853,199.0,1.8341013824884793,0
1809,1961,Shoes,13372,3,0,Delhi,India,,No,3.299165876786156,1,109,YIrSES,Not Returned,WH1,Bad,True,False,True,False,True,40116,359.609080569691,10029.0,364.6909090909091,0
667,1443,Laptop,8817,3,1,Delhi,IN,2023-04-05,Y,2.260348239697054,1,414,OFF20,Not Returned,WH2,Average,False,False,True,False,False,26451,935.7841712345803,6612.75,63.737349397590364,0
82,1390,Dress,45472,4,1,Mumbai,IN,,Yes,4.3206516283971865,1,488,SAVE10,Not Returned,WH2,Good,False,True,False,False,False,181888,2108.477994657827,36377.6,371.95910020449895,0
4972,1345,Shoes,14766,1,0,Mumbai,IN,,N,2.510873269216268,1,487,YIrSES,Returned,WH2,Average,False,True,False,True,False,14766,1222.7952821083225,7383.0,30.258196721311474,0
364,1143,Dress,30859,2,0,Chennai,India,2023-04-05,N,3.856105773265633,1,464,OFF20,Not Returned,WH2,Average,True,False,False,True,False,61718,1789.2330787952537,20572.666666666668,132.7268817204301,0
3762,1394,Headphones,3221,2,2,Hyderabad,India,2023-04-05,No,3.839162326149789,0,116,OFF20,Not Returned,WH3,Average,True,False,True,False,True,6442,445.3428298333755,2147.3333333333335,55.05982905982906,0
2309,1904,Headphones,86936,1,2,Hyderabad,IND,,N,1.1687052986206603,0,459,OFF20,Returned,WH1,Average,True,False,True,False,True,86936,536.4357320668831,43468.0,188.9913043478261,0
4924,1087,Laptop,36723,1,0,Hyderabad,IN,,N,3.2830250123684976,1,259,SAVE10,Returned,WH2,Average,True,False,True,False,False,36723,850.3034782034409,18361.5,141.2423076923077,0
4396,1580,Headphones,98193,4,1,Chennai,IN,,Y,1.2307086372932226,0,283,SAVE10,Returned,WH2,Bad,False,False,True,False,True,392772,348.290544353982,78554.4,1383.0,0
3979,1208,Headphones,42799,4,3,Hyderabad,India,,Yes,2.738013868528007,0,109,OFF20,Returned,WH1,Bad,False,False,False,False,True,171196,298.4435116695528,34239.2,1556.3272727272727,0
3934,1086,Dress,58156,3,3,Mumbai,IND,,Y,2.243359470271903,0,221,SAVE10,Returned,WH1,Bad,True,False,False,False,True,174468,495.78244293009055,43617.0,785.8918918918919,0
1448,1101,Shoes,20630,1,0,Chennai,IN,,N,3.380800379662573,1,254,YIrSES,Not Returned,WH1,Bad,False,False,False,False,True,20630,858.7232964342936,10315.0,80.90196078431373,0
4545,1618,Dress,84130,2,1,Hyderabad,IND,,N,3.547653592864326,1,10,YIrSES,Returned,WH1,Bad,False,True,False,False,True,168260,35.47653592864326,56086.666666666664,15296.363636363636,-1
1006,1014,Dress,13080,1,2,Mumbai,IND,,Y,2.497448974055504,1,360,SAVE10,Returned,WH1,Good,True,False,True,False,False,13080,899.0816306599814,6540.0,36.232686980609415,0
930,1496,Shoes,99468,2,2,Chennai,IND,,No,2.7478276782600664,0,268,YIrSES,Not Returned,WH3,Average,True,False,True,False,True,198936,736.4178177736978,66312.0,739.539033457249,0
4225,1481,Shoes,82264,4,3,Delhi,India,,N,4.720090195389989,1,342,SAVE10,Not Returned,WH2,Bad,True,False,False,False,True,329056,1614.2708468233764,65811.2,959.3469387755102,0
1904,1650,Laptop,14237,3,2,Delhi,IN,,Yes,4.8541912379094665,1,323,SAVE10,Not Returned,WH2,Average,True,False,False,False,True,42711,1567.9037698447578,10677.75,131.82407407407408,0
4420,1201,Headphones,36886,3,3,Hyderabad,India,,Y,4.961762809369224,1,15,SAVE10,Not Returned,WH1,Average,False,False,False,False,True,110658,74.42644214053837,27664.5,6916.125,0
470,1966,Headphones,65291,3,2,Mumbai,India,2023-04-05,Yes,1.8180372725544929,0,466,OFF20,Returned,WH1,Average,False,True,False,False,True,195873,847.2053690103937,48968.25,419.42826552462526,0
1119,1173,Shoes,65933,3,2,Delhi,India,2023-04-05,Yes,3.549891928305896,1,458,OFF20,Returned,WH1,Bad,False,True,False,True,True,197799,1625.8505031641002,49449.75,430.93464052287584,0
1050,1082,Laptop,98924,1,2,Hyderabad,India,,N,4.725113331723536,1,7,YIrSES,Returned,WH1,Bad,False,True,False,True,True,98924,33.075793322064754,49462.0,12365.5,-1
3696,1182,Laptop,64323,3,1,Delhi,IN,2023-04-05,N,3.792989593873177,1,413,YIrSES,Not Returned,WH1,Bad,True,False,False,True,True,192969,1566.504702269622,48242.25,466.10869565217394,0
3356,1806,Headphones,43949,1,2,Delhi,India,2023-04-05,N,1.0122936276003762,2,180,YIrSES,Not Returned,WH1,Bad,True,False,True,False,False,43949,182.21285296806772,21974.5,242.8121546961326,0
322,1454,Shoes,73889,4,3,Hyderabad,IN,2023-04-05,N,3.028460165935454,1,498,YIrSES,Not Returned,WH3,Average,False,False,True,False,False,295556,1508.1731626358562,59111.2,592.2965931863728,0
1081,1565,Headphones,79838,2,2,Mumbai,IN,2023-04-05,No,4.214257734128606,1,121,YIrSES,Not Returned,WH3,Average,False,True,True,False,False,159676,509.9251858295613,53225.333333333336,1308.8196721311476,0
4028,1382,Shoes,7464,2,0,Delhi,IND,,Yes,4.105073299199972,1,24,OFF20,Not Returned,WH3,Average,True,False,False,False,False,14928,98.52175918079934,4976.0,597.12,0
388,1769,Dress,62154,2,0,Delhi,IND,,Yes,3.6439376256198655,1,164,SAVE10,Returned,WH2,Bad,True,False,False,False,True,124308,597.6057706016579,41436.0,753.3818181818182,0
230,1750,Dress,23811,2,1,Chennai,IND,2023-04-05,N,4.709007783345501,0,240,YIrSES,Returned,WH3,Good,True,False,False,True,True,47622,1130.1618680029203,15874.0,197.60165975103735,0
394,1510,Dress,16078,3,1,Mumbai,IND,2023-04-05,Yes,1.3537774050984803,0,120,YIrSES,Not Returned,WH1,Average,False,False,False,True,False,48234,162.45328861181764,12058.5,398.6280991735537,0
2868,1896,Shoes,73620,3,1,Mumbai,IND,,Y,2.373060399007512,0,116,YIrSES,Returned,WH1,Average,False,False,False,False,False,220860,275.2750062848714,55215.0,1887.6923076923076,0
3212,1785,Mobile,86869,3,3,Mumbai,India,,No,4.119911237688337,0,154,OFF20,Returned,WH1,Good,False,False,False,False,False,260607,634.4663306040038,65151.75,1681.3354838709677,0
1602,1949,Mobile,85241,4,2,Mumbai,IN,,N,2.5880780587155443,0,163,OFF20,Not Returned,WH1,Bad,False,False,False,False,False,340964,421.85672357063373,68192.8,2079.048780487805,0
3916,1145,Laptop,17566,1,2,Delhi,IN,,Y,1.171715187131142,1,433,SAVE10,Not Returned,WH1,Bad,False,False,False,False,True,17566,507.35267602778447,8783.0,40.474654377880185,0
2831,1074,Headphones,5812,4,2,Delhi,IN,,Y,4.392876694293912,0,129,SAVE10,Not Returned,WH1,Good,False,True,False,True,True,23248,566.6810935639147,4649.6,178.83076923076922,0
4923,1199,Shoes,64004,2,3,Delhi,IN,,Y,1.3976959154667288,2,252,SAVE10,Not Returned,WH1,Bad,False,True,False,True,True,128008,352.21937069761566,42669.333333333336,505.9604743083004,0
1833,1876,Shoes,5994,3,0,Delhi,IN,,N,3.754613115866849,0,164,OFF20,Not Returned,WH1,Good,False,False,True,False,True,17982,615.7565510021632,4495.5,108.98181818181818,0
3713,1321,Dress,4907,2,3,Delhi,IN,,N,1.5825381866613673,0,43,YIrSES,Not Returned,WH3,Average,False,False,False,True,False,9814,68.04914202643879,3271.3333333333335,223.04545454545453,0
2636,1081,Dress,57484,3,3,Delhi,IN,,No,3.4409362637306677,0,223,YIrSES,Returned,WH1,Good,False,True,False,True,True,172452,767.3287868119389,43113.0,769.875,0
4127,1404,Dress,74767,4,0,Mumbai,IN,,Yes,4.073272988873189,0,348,OFF20,Returned,WH3,Good,False,True,True,False,True,299068,1417.4990001278697,59813.6,856.9283667621777,0
2269,1788,Mobile,12585,4,0,Delhi,IN,2023-04-05,Y,1.365803820395474,0,495,OFF20,Returned,WH3,Good,True,False,True,False,True,50340,676.0728910957597,10068.0,101.49193548387096,0
3532,1176,Laptop,86766,3,0,Hyderabad,IND,2023-04-05,Yes,2.219689604316788,0,211,SAVE10,Not Returned,WH2,Good,False,True,False,False,True,260298,468.35450651084227,65074.5,1227.8207547169811,0
3961,1100,Shoes,37010,2,2,Hyderabad,India,2023-04-05,Yes,1.9445217563308352,1,150,SAVE10,Not Returned,WH2,Bad,False,True,False,False,False,74020,291.67826344962526,24673.333333333332,490.19867549668874,0
3658,1330,Mobile,74305,4,3,Hyderabad,IND,2023-04-05,Y,4.899071677909598,1,228,OFF20,Returned,WH2,Bad,True,False,False,False,False,297220,1116.9883425633884,59444.0,1297.9039301310045,0
2575,1209,Headphones,52798,1,2,Mumbai,IND,2023-04-05,Y,4.709763248157702,1,356,OFF20,Returned,WH1,Average,False,False,True,False,True,52798,1676.6757163441418,26399.0,147.8935574229692,0
1434,1852,Laptop,11315,3,2,Mumbai,IND,2023-04-05,N,4.22474006134337,0,295,OFF20,Returned,WH1,Good,False,True,False,False,True,33945,1246.2983180962942,8486.25,114.67905405405405,0
3188,1660,Dress,98063,3,2,Chennai,IND,2023-04-05,N,1.069313127944879,0,83,SAVE10,Returned,WH3,Bad,False,False,False,False,True,294189,88.75298961942497,73547.25,3502.25,0
2987,1926,Laptop,27062,3,3,Mumbai,India,,N,1.414961933002968,0,281,SAVE10,Not Returned,WH3,Bad,False,False,False,True,True,81186,397.60430317383396,20296.5,287.8936170212766,0
1332,1418,Dress,60265,4,2,Chennai,IN,,N,3.266939338830168,0,395,SAVE10,Not Returned,WH1,Good,False,False,False,True,True,241060,1290.4410388379165,48212.0,608.7373737373738,0
2284,1000,Mobile,52940,2,0,Chennai,IN,2023-04-05,Yes,4.943374509847796,0,65,SAVE10,Not Returned,WH1,Bad,False,False,False,True,True,105880,321.31934314010675,35293.333333333336,1604.2424242424242,0
4123,1018,Dress,57858,2,3,Delhi,IN,,Yes,1.9029546126876864,0,221,YIrSES,Returned,WH3,Average,True,False,False,True,False,115716,420.5529694039787,38572.0,521.2432432432432,0
804,1532,Dress,67160,2,3,Chennai,IN,2023-04-05,Yes,1.45314242336504,0,124,YIrSES,Not Returned,WH3,Average,True,False,False,False,True,134320,180.18966049726498,44773.333333333336,1074.56,0
3156,1737,Shoes,37929,2,3,Chennai,IN,,Y,4.106794005486323,1,240,YIrSES,Not Returned,WH2,Good,False,False,False,False,True,75858,985.6305613167176,25286.0,314.76348547717845,0
608,1105,Laptop,69848,3,2,Delhi,IND,,Y,3.860750215902749,2,359,OFF20,Not Returned,WH1,Bad,True,False,True,False,True,209544,1386.009327509087,52386.0,582.0666666666667,0
1937,1355,Laptop,44701,3,2,Delhi,IND,,No,3.664743138004491,2,296,OFF20,Returned,WH3,Average,True,False,True,False,True,134103,1084.7639688493293,33525.75,451.52525252525254,0
4885,1498,Laptop,90628,4,0,Delhi,IND,2023-04-05,No,2.5842120042279024,2,110,SAVE10,Returned,WH3,Bad,False,False,True,False,False,362512,284.2633204650693,72502.4,3265.873873873874,0
646,1958,Headphones,6797,1,1,Mumbai,IN,2023-04-05,No,4.6679480240146445,2,353,SAVE10,Not Returned,WH2,Bad,False,False,True,False,False,6797,1647.7856524771696,3398.5,19.20056497175141,0
341,1044,Shoes,52422,1,0,Mumbai,IN,2023-04-05,Y,4.52774688031995,2,10,YIrSES,Returned,WH3,Good,False,False,True,False,False,52422,45.2774688031995,26211.0,4765.636363636364,0
4665,1900,Headphones,61752,2,0,Mumbai,IN,2023-04-05,N,1.139119485011343,0,316,YIrSES,Returned,WH3,Good,False,False,True,False,False,123504,359.9617572635844,41168.0,389.602523659306,0
4406,1065,Laptop,80917,1,3,Mumbai,IND,2023-04-05,Y,2.678059071184271,1,435,SAVE10,Not Returned,WH3,Bad,False,True,False,False,False,80917,1164.955695965158,40458.5,185.5894495412844,0
1988,1986,Laptop,24543,4,1,Mumbai,IN,2023-04-05,Yes,4.467308234129771,1,159,SAVE10,Returned,WH3,Average,True,False,False,False,False,98172,710.3020092266336,19634.4,613.575,0
2799,1665,Headphones,48977,3,2,Mumbai,IN,,No,1.429413356689997,2,450,SAVE10,Returned,WH3,Good,False,False,False,False,False,146931,643.2360105104987,36732.75,325.78935698447896,0
2236,1203,Mobile,58598,3,1,Mumbai,IND,,N,2.723780196253203,0,159,SAVE10,Returned,WH3,Good,False,True,False,False,True,175794,433.08105120425927,43948.5,1098.7125,0
1091,1191,Dress,38486,1,1,Chennai,India,2023-04-05,No,3.0298438021525893,2,90,SAVE10,Not Returned,WH2,Average,True,False,False,False,False,38486,272.685942193733,19243.0,422.9230769230769,0
3453,1664,Mobile,41479,3,0,Chennai,India,2023-04-05,No,2.458982429040634,2,453,YIrSES,Returned,WH2,Good,False,False,True,False,True,124437,1113.919040355407,31109.25,274.09030837004406,0
4772,1517,Headphones,53069,4,0,Chennai,IND,2023-04-05,Y,4.652251329046042,0,365,OFF20,Not Returned,WH3,Good,False,False,False,True,False,212276,1698.0717351018052,42455.2,579.9890710382514,0
4729,1200,Headphones,60047,3,2,Chennai,India,2023-04-05,Yes,4.615890109743869,0,334,YIrSES,Returned,WH3,Bad,False,False,False,False,False,180141,1541.7072966544524,45035.25,537.7343283582089,0
632,1295,Shoes,13113,4,0,Chennai,IN,,No,2.0065923158409373,2,355,YIrSES,Returned,WH3,Average,True,False,False,False,False,52452,712.3402721235327,10490.4,147.3370786516854,0
1304,1905,Shoes,16911,1,2,Mumbai,IN,,Yes,1.886443437461252,2,385,SAVE10,Not Returned,WH3,Average,True,False,False,False,False,16911,726.280723422582,8455.5,43.810880829015545,0
716,1964,Dress,26143,3,2,Mumbai,IND,,No,3.297650414985365,1,278,YIrSES,Not Returned,WH2,Average,True,False,False,True,False,78429,916.7468153659315,19607.25,281.10752688172045,0
3714,1924,Mobile,72279,4,1,Hyderabad,India,,No,1.6650463237399946,1,313,YIrSES,Not Returned,WH2,Bad,False,False,False,True,False,289116,521.1594993306184,57823.2,920.7515923566879,0
4059,1933,Shoes,51242,1,2,Hyderabad,India,,Yes,4.961481597108184,2,208,OFF20,Returned,WH2,Bad,True,False,False,True,True,51242,1031.9881721985023,25621.0,245.17703349282297,0
303,1293,Shoes,94908,2,3,Hyderabad,India,,Yes,4.312231274237822,0,236,SAVE10,Not Returned,WH1,Average,True,False,True,False,False,189816,1017.6865807201261,63272.0,800.9113924050633,0
2503,1573,Laptop,19506,1,0,Delhi,India,,Yes,2.817797503618054,0,91,OFF20,Returned,WH2,Good,True,False,False,False,True,19506,256.4195728292429,9753.0,212.02173913043478,0
3914,1535,Laptop,90298,4,2,Mumbai,India,2023-04-05,No,1.832902372191433,0,307,YIrSES,Not Returned,WH2,Good,True,False,False,True,False,361192,562.7010282627699,72238.4,1172.7012987012988,0
1961,1334,Laptop,7090,3,3,Mumbai,India,,Yes,1.1147592202503027,2,303,YIrSES,Returned,WH3,Average,True,False,False,False,True,21270,337.77204373584175,5317.5,69.96710526315789,0
2117,1841,Laptop,85484,4,0,Hyderabad,IND,,Yes,2.817513913326467,1,216,YIrSES,Returned,WH3,Bad,True,False,False,False,True,341936,608.5830052785168,68387.2,1575.741935483871,0
2565,1483,Laptop,24625,3,0,Mumbai,IN,,Y,3.8062042094720754,0,160,SAVE10,Not Returned,WH1,Good,False,False,True,False,True,73875,608.992673515532,18468.75,458.85093167701865,0
3591,1202,Dress,30056,4,1,Mumbai,India,,Yes,2.609911277831084,1,230,YIrSES,Not Returned,WH1,Bad,False,False,True,False,True,120224,600.2795939011493,24044.8,520.4502164502164,0
3534,1376,Headphones,18201,2,1,Mumbai,India,,No,1.7897686798601682,1,497,OFF20,Not Returned,WH2,Average,True,False,False,False,True,36402,889.5150338905036,12134.0,73.09638554216868,0
2334,1168,Headphones,12331,3,1,Mumbai,IN,,Y,2.5710609093722363,1,113,OFF20,Not Returned,WH2,Bad,True,False,True,False,False,36993,290.52988275906273,9248.25,324.5,0
509,1731,Dress,45296,1,3,Mumbai,IND,,N,2.357355993561093,1,486,OFF20,Not Returned,WH2,Bad,False,True,False,False,True,45296,1145.6750128706913,22648.0,93.01026694045174,0
1034,1711,Mobile,46620,2,3,Chennai,IND,,N,4.948364387613772,0,96,YIrSES,Not Returned,WH3,Good,False,False,True,False,False,93240,475.0429812109221,31080.0,961.2371134020618,0
905,1241,Headphones,37496,4,1,Mumbai,IN,2023-04-05,Yes,4.279528766690383,2,392,YIrSES,Not Returned,WH3,Good,False,False,False,False,False,149984,1677.5752765426303,29996.8,381.63867684478373,0
2258,1255,Laptop,55113,4,1,Delhi,IND,2023-04-05,No,4.803549521624704,1,378,OFF20,Not Returned,WH3,Average,False,True,True,False,True,220452,1815.741719174138,44090.4,581.6675461741424,0
957,1894,Laptop,16364,2,1,Hyderabad,IND,2023-04-05,No,2.8393714701591204,1,29,YIrSES,Returned,WH2,Bad,True,False,True,False,False,32728,82.34177263461449,10909.333333333334,1090.9333333333334,0
1593,1632,Headphones,77712,2,1,Hyderabad,India,2023-04-05,Yes,1.186721501112742,0,455,SAVE10,Not Returned,WH3,Average,False,False,True,False,False,155424,539.9582830062976,51808.0,340.8421052631579,0
4990,1103,Laptop,45391,1,3,Mumbai,IND,,Yes,1.807091436261616,2,485,SAVE10,Not Returned,WH3,Average,False,False,False,True,False,45391,876.4393465868837,22695.5,93.39711934156378,0
4117,1686,Mobile,9849,2,3,Hyderabad,IND,,Y,4.230292571992364,0,8,SAVE10,Not Returned,WH2,Good,True,False,True,False,False,19698,33.84234057593891,6566.0,2188.6666666666665,0
964,1625,Dress,15655,3,2,Mumbai,IND,,Y,2.873292125763699,2,425,OFF20,Returned,WH3,Average,False,True,True,False,False,46965,1221.1491534495722,11741.25,110.24647887323944,0
2787,1157,Mobile,82061,4,2,Delhi,IND,,N,4.396525734004888,1,4,YIrSES,Returned,WH1,Average,False,True,True,False,False,328244,17.586102936019554,65648.8,65648.8,-1
238,1814,Mobile,36317,4,0,Delhi,IN,2023-04-05,No,4.2226467650828745,1,140,YIrSES,Not Returned,WH1,Average,False,True,True,False,True,145268,591.1705471116024,29053.6,1030.2695035460993,0
2031,1105,Headphones,48441,1,0,Mumbai,India,2023-04-05,Yes,2.7475022567646312,1,410,SAVE10,Not Returned,WH1,Good,False,False,False,True,True,48441,1126.475925273499,24220.5,117.86131386861314,0
1813,1586,Headphones,47777,1,0,Mumbai,IN,2023-04-05,N,3.631897238744532,1,236,SAVE10,Not Returned,WH3,Good,False,False,False,True,True,47777,857.1277483437095,23888.5,201.59071729957805,0
4293,1433,Laptop,82620,3,2,Hyderabad,India,2023-04-05,N,4.529451115364997,0,125,SAVE10,Not Returned,WH3,Average,False,False,False,True,True,247860,566.1813894206246,61965.0,1967.142857142857,0
2290,1475,Laptop,92842,3,2,Hyderabad,India,,N,1.1218474192171923,2,240,OFF20,Not Returned,WH1,Average,True,False,False,False,True,278526,269.24338061212615,69631.5,1155.7095435684648,0
3942,1706,Headphones,77581,4,3,Hyderabad,India,,Y,1.7669779628769602,2,94,OFF20,Not Returned,WH3,Average,True,False,False,False,True,310324,166.09592851043425,62064.8,3266.5684210526315,0
1729,1834,Headphones,69310,3,3,Hyderabad,India,,N,2.6493353555756367,2,137,YIrSES,Not Returned,WH3,Bad,False,False,False,False,False,207930,362.95894371386225,51982.5,1506.7391304347825,0
4568,1972,Mobile,83904,2,1,Hyderabad,India,,No,1.1151691031632676,0,89,YIrSES,Returned,WH3,Bad,True,False,False,False,False,167808,99.25005018153081,55936.0,1864.5333333333333,0
2429,1720,Mobile,90455,4,2,Chennai,India,2023-04-05,Yes,1.746347970452931,2,287,OFF20,Not Returned,WH2,Bad,True,False,True,False,False,361820,501.2018675199912,72364.0,1256.3194444444443,0
269,1718,Laptop,15385,3,2,Delhi,IND,2023-04-05,Y,1.7157574697292386,0,107,YIrSES,Not Returned,WH3,Average,True,False,True,False,True,46155,183.58604926102853,11538.75,427.3611111111111,0
2897,1073,Shoes,71447,1,0,Mumbai,IND,,No,1.3183727042607805,0,444,YIrSES,Returned,WH2,Average,True,False,False,False,True,71447,585.3574806917866,35723.5,160.55505617977528,0
4832,1952,Shoes,26518,1,2,Hyderabad,India,,Y,4.309222560971257,1,205,YIrSES,Returned,WH3,Good,True,False,False,True,True,26518,883.3906249991077,13259.0,128.72815533980582,0
4409,1665,Dress,95620,4,0,Hyderabad,IN,,Y,3.2310059024374747,1,434,YIrSES,Not Returned,WH3,Bad,True,False,False,True,False,382480,1402.256561657864,76496.0,879.264367816092,0
2722,1285,Headphones,60817,4,2,Hyderabad,IND,,N,4.696272881098206,1,482,SAVE10,Not Returned,WH1,Good,False,True,False,False,False,243268,2263.6035286893357,48653.6,503.66045548654245,0
1577,1067,Laptop,40380,3,1,Hyderabad,IND,,N,1.725372020825514,2,499,YIrSES,Not Returned,WH1,Bad,True,False,False,False,True,121140,860.9606383919315,30285.0,242.28,0
1052,1858,Dress,70611,4,0,Chennai,IN,2023-04-05,No,4.108900831254134,2,258,YIrSES,Returned,WH1,Bad,False,True,False,False,True,282444,1060.0964144635666,56488.8,1090.5173745173745,0
2050,1570,Laptop,75968,4,1,Chennai,IND,,N,2.607497545220602,1,465,SAVE10,Not Returned,WH3,Bad,False,True,False,False,True,303872,1212.4863585275798,60774.4,652.0858369098712,0
4280,1442,Shoes,48869,4,2,Hyderabad,IND,,No,4.646833477520705,1,271,SAVE10,Not Returned,WH1,Bad,False,False,False,False,True,195476,1259.291872408111,39095.2,718.6617647058823,0
3230,1892,Laptop,67717,4,1,Hyderabad,IND,,No,2.239200710095889,2,382,SAVE10,Returned,WH1,Good,False,False,False,True,True,270868,855.3746712566297,54173.6,707.2271540469974,0
202,1390,Mobile,51052,1,1,Hyderabad,IND,,No,4.758962937605469,2,116,OFF20,Returned,WH3,Good,True,False,False,True,True,51052,552.0397007622345,25526.0,436.34188034188037,0
208,1970,Mobile,24605,3,1,Mumbai,India,,Y,1.4094964286476075,1,355,OFF20,Not Returned,WH3,Bad,True,False,False,True,True,73815,500.3712321699007,18453.75,207.34550561797752,0
2326,1660,Mobile,37013,1,0,Chennai,India,,Y,4.474307479006422,1,352,OFF20,Returned,WH2,Bad,False,True,True,False,True,37013,1574.9562326102605,18506.5,104.85269121813032,0
4020,1094,Shoes,60052,2,3,Chennai,India,2023-04-05,No,4.316623643661936,1,65,YIrSES,Returned,WH2,Good,False,True,False,True,True,120104,280.58053683802586,40034.666666666664,1819.7575757575758,0
4072,1154,Shoes,72050,3,3,Hyderabad,India,2023-04-05,No,4.970091137499657,0,365,YIrSES,Not Returned,WH3,Average,False,False,False,False,True,216150,1814.0832651873748,54037.5,590.5737704918033,0
4432,1190,Shoes,62951,1,3,Chennai,IN,2023-04-05,N,3.0940756357683825,0,390,YIrSES,Returned,WH3,Bad,False,True,False,True,True,62951,1206.6894979496692,31475.5,161.0,0
615,1652,Dress,8661,1,1,Mumbai,IN,,Yes,4.774021894205341,0,13,SAVE10,Returned,WH1,Good,False,True,False,True,False,8661,62.06228462466944,4330.5,618.6428571428571,0
2318,1659,Headphones,21699,3,3,Mumbai,India,,Yes,3.134284819035422,0,182,SAVE10,Returned,WH3,Average,False,True,False,False,True,65097,570.4398370644468,16274.25,355.72131147540983,0
3552,1139,Dress,16548,3,3,Mumbai,India,,Yes,1.7849711460948754,0,439,SAVE10,Returned,WH1,Good,False,False,True,False,True,49644,783.6023331356503,12411.0,112.82727272727273,0
3850,1335,Mobile,78609,2,2,Delhi,IND,,Yes,1.7904827070238634,0,7,YIrSES,Returned,WH1,Good,False,False,True,False,True,157218,12.533378949167044,52406.0,19652.25,1
2622,1281,Mobile,40076,4,2,Hyderabad,India,2023-04-05,N,1.3089854452588412,2,342,YIrSES,Returned,WH2,Good,True,False,False,True,True,160304,447.6730222785237,32060.8,467.3586005830904,0
2634,1076,Mobile,74170,1,1,Mumbai,India,,N,1.4962608045419294,2,286,OFF20,Not Returned,WH2,Average,False,True,False,True,False,74170,427.93059009899184,37085.0,258.4320557491289,0
3966,1054,Mobile,22501,3,1,Hyderabad,IND,,Yes,2.680912991864556,1,96,OFF20,Returned,WH2,Average,False,True,False,True,True,67503,257.3676472189974,16875.75,695.9072164948453,0
1156,1739,Mobile,87446,1,1,Chennai,India,2023-04-05,No,1.792145811713251,0,231,OFF20,Returned,WH2,Good,False,False,False,True,True,87446,413.98568250576096,43723.0,376.92241379310343,0
1391,1707,Headphones,25578,2,1,Hyderabad,IND,2023-04-05,N,3.745977780691175,0,264,SAVE10,Returned,WH1,Good,False,False,False,True,True,51156,988.9381341024703,17052.0,193.04150943396226,0
105,1940,Headphones,60838,3,1,Hyderabad,IN,,Y,1.3996696713641614,1,45,SAVE10,Returned,WH1,Bad,False,False,False,True,True,182514,62.98513521138727,45628.5,3967.695652173913,0
889,1521,Laptop,84497,4,2,Mumbai,IN,,N,3.3602262165258265,2,11,SAVE10,Not Returned,WH3,Bad,False,False,False,False,True,337988,36.96248838178409,67597.6,28165.666666666668,-1
1122,1117,Laptop,86511,1,3,Mumbai,India,,Yes,2.48139561188517,2,218,SAVE10,Not Returned,WH2,Bad,False,True,False,False,True,86511,540.9442433909671,43255.5,395.027397260274,0
4945,1757,Headphones,82150,2,1,Mumbai,India,,Yes,1.1872878519111412,2,258,YIrSES,Returned,WH3,Bad,False,False,False,False,False,164300,306.32026579307444,54766.666666666664,634.3629343629343,0
2013,1753,Mobile,71405,3,2,Hyderabad,India,,Yes,1.3972735314137077,2,196,YIrSES,Returned,WH1,Bad,False,False,False,False,False,214215,273.86561215708673,53553.75,1087.3857868020305,0
2316,1965,Headphones,15557,3,2,Delhi,IND,,Yes,3.992623652042566,2,222,SAVE10,Returned,WH1,Average,False,True,True,False,True,46671,886.3624507534497,11667.75,209.28699551569505,0
3126,1686,Headphones,84987,3,0,Mumbai,IND,,No,2.218618327513408,2,289,SAVE10,Not Returned,WH2,Bad,False,True,False,True,True,254961,641.180696651375,63740.25,879.1758620689656,0
2025,1911,Headphones,61591,4,0,Mumbai,IND,2023-04-05,No,2.8403875340898623,1,76,OFF20,Not Returned,WH2,Bad,True,False,False,True,True,246364,215.86945259082952,49272.8,3199.5324675324673,0
3083,1628,Laptop,61697,3,0,Chennai,IND,,Y,1.6074959093438097,1,293,OFF20,Not Returned,WH3,Bad,True,False,False,False,True,185091,470.99630143773624,46272.75,629.5612244897959,0
1948,1283,Dress,36323,3,2,Delhi,IND,2023-04-05,Y,3.222607691423068,0,94,OFF20,Not Returned,WH1,Average,False,False,True,False,True,108969,302.9251229937684,27242.25,1147.042105263158,0
2567,1047,Headphones,78619,2,1,Hyderabad,IN,2023-04-05,Y,1.1730806393941688,2,57,OFF20,Returned,WH2,Bad,False,True,False,True,False,157238,66.86559644546763,52412.666666666664,2711.0,0
2302,1520,Dress,94211,2,3,Hyderabad,India,2023-04-05,Yes,2.92647708674964,1,26,OFF20,Returned,WH3,Good,False,False,False,False,True,188422,76.08840425549064,62807.333333333336,6978.592592592592,0
2461,1191,Laptop,30204,1,3,Hyderabad,India,,N,3.9197424987084224,0,424,SAVE10,Returned,WH3,Good,False,True,False,False,True,30204,1661.9708194523712,15102.0,71.06823529411764,0
3034,1314,Shoes,10939,3,3,Hyderabad,IN,,Yes,4.173113207868642,0,130,OFF20,Returned,WH2,Good,True,False,False,True,False,32817,542.5047170229235,8204.25,250.5114503816794,0
468,1241,Mobile,66080,1,1,Hyderabad,IN,,N,3.051434400452652,1,403,YIrSES,Not Returned,WH1,Average,False,False,False,True,False,66080,1229.7280633824187,33040.0,163.56435643564356,0
1769,1778,Laptop,63722,1,3,Hyderabad,IN,,Yes,4.366723338776163,1,150,YIrSES,Not Returned,WH1,Good,False,True,False,True,False,63722,655.0085008164244,31861.0,422.0,0
1384,1783,Headphones,2793,1,2,Hyderabad,IND,,Yes,4.39040973555173,2,454,SAVE10,Returned,WH3,Good,False,True,True,False,False,2793,1993.2460199404852,1396.5,6.138461538461539,0
2359,1336,Mobile,71715,4,2,Hyderabad,IN,,N,3.9552536098904025,0,115,YIrSES,Returned,WH2,Average,False,True,False,True,False,286860,454.8541651373963,57372.0,2472.9310344827586,0
3524,1790,Laptop,69413,4,2,Hyderabad,IND,,Y,3.94583893864214,2,385,OFF20,Not Returned,WH2,Good,False,True,True,False,False,277652,1519.147991377224,55530.4,719.3056994818653,0
3351,1480,Laptop,40377,2,0,Hyderabad,IND,,Y,2.7425249566287566,2,139,YIrSES,Not Returned,WH2,Average,False,False,False,True,False,80754,381.21096897139716,26918.0,576.8142857142857,0
408,1851,Dress,13999,3,0,Hyderabad,IND,,N,1.9215516043995189,0,17,OFF20,Returned,WH3,Average,True,False,True,False,False,41997,32.66637727479182,10499.25,2333.1666666666665,0
2807,1386,Headphones,13055,4,3,Mumbai,IND,,No,4.04088766466107,1,459,OFF20,Returned,WH3,Bad,False,True,False,False,False,52220,1854.767438079431,10444.0,113.52173913043478,0
3901,1944,Laptop,81871,4,3,Chennai,IND,2023-04-05,Y,3.079836284636663,0,39,OFF20,Returned,WH2,Bad,False,True,False,True,False,327484,120.11361510082986,65496.8,8187.1,0
4623,1542,Dress,57475,4,3,Hyderabad,IND,2023-04-05,N,1.343113248024765,0,263,YIrSES,Returned,WH1,Average,False,True,False,True,False,229900,353.2387842305132,45980.0,870.8333333333334,0
2696,1234,Dress,2351,3,2,Hyderabad,IND,2023-04-05,N,3.3717455631489512,0,239,YIrSES,Returned,WH1,Average,True,False,False,True,False,7053,805.8471895925993,1763.25,29.3875,0
1575,1396,Dress,46852,3,3,Delhi,India,,N,4.7717692868843145,0,440,OFF20,Not Returned,WH1,Average,False,False,False,True,True,140556,2099.5784862290984,35139.0,318.72108843537416,0
326,1978,Shoes,16978,2,3,Delhi,India,,Y,4.152454422675159,1,400,YIrSES,Returned,WH1,Average,True,False,False,True,False,33956,1660.9817690700638,11318.666666666666,84.6783042394015,0
942,1856,Laptop,91754,2,1,Chennai,IND,,N,1.1240429946148898,1,374,OFF20,Returned,WH2,Bad,False,True,False,True,True,183508,420.3920799859688,61169.333333333336,489.3546666666667,0
1671,1491,Headphones,111,3,2,Chennai,IND,,No,2.122638743601999,0,213,SAVE10,Not Returned,WH2,Good,False,False,False,True,True,333,452.1220523872258,83.25,1.5560747663551402,0
2466,1099,Headphones,24040,4,3,Delhi,IN,2023-04-05,Yes,2.053701057177117,0,350,SAVE10,Not Returned,WH1,Average,False,True,True,False,True,96160,718.7953700119909,19232.0,273.960113960114,0
3977,1017,Mobile,25633,3,3,Chennai,IND,2023-04-05,No,1.0018710323819016,0,280,SAVE10,Not Returned,WH3,Average,False,True,True,False,True,76899,280.52388906693244,19224.75,273.66192170818505,0
1303,1201,Shoes,85401,3,1,Mumbai,IN,,No,1.1908623878740592,0,452,OFF20,Not Returned,WH3,Average,True,False,True,False,False,256203,538.2697993190748,64050.75,565.5695364238411,0
3707,1100,Mobile,41982,1,3,Hyderabad,IND,,Yes,1.3692594466295067,1,418,OFF20,Not Returned,WH2,Average,False,False,True,False,False,41982,572.3504486911338,20991.0,100.19570405727923,0
864,1745,Mobile,4080,4,0,Hyderabad,IND,,Yes,3.2082562910568746,1,218,OFF20,Not Returned,WH2,Bad,False,False,False,True,False,16320,699.3998714503987,3264.0,74.52054794520548,0
4011,1190,Mobile,64427,4,3,Hyderabad,India,2023-04-05,No,4.589379721146516,1,134,YIrSES,Not Returned,WH2,Average,True,False,False,True,False,257708,614.9768826336332,51541.6,1908.9481481481482,0
4314,1141,Mobile,60510,2,3,Mumbai,India,2023-04-05,No,3.890217034277617,0,191,YIrSES,Not Returned,WH3,Average,False,True,False,False,False,121020,743.0314535470249,40340.0,630.3125,0
2406,1250,Laptop,26669,1,0,Chennai,India,,Y,3.116242090652978,1,147,YIrSES,Not Returned,WH3,Good,False,True,False,False,False,26669,458.0875873259878,13334.5,180.19594594594594,0
1271,1886,Dress,83006,3,1,Mumbai,IN,,Yes,4.612898509026293,1,457,SAVE10,Not Returned,WH2,Good,True,False,True,False,False,249018,2108.0946186250158,62254.5,543.707423580786,0
739,1788,Dress,50029,2,3,Hyderabad,India,,N,4.046890589421293,0,483,SAVE10,Not Returned,WH2,Bad,True,False,False,False,False,100058,1954.6481546904847,33352.666666666664,206.73140495867767,0
3779,1147,Shoes,56375,4,1,Delhi,IND,,Yes,4.445674837007774,0,427,SAVE10,Returned,WH1,Good,True,False,False,False,False,225500,1898.3031554023194,45100.0,526.8691588785047,0
4195,1760,Dress,2201,3,0,Delhi,IN,,Y,1.264449758524472,0,177,OFF20,Returned,WH2,Average,False,True,False,True,True,6603,223.80760725883155,1650.75,37.09550561797753,0
200,1008,Laptop,10001,3,3,Delhi,IND,2023-04-05,No,3.4672064089435466,1,41,SAVE10,Not Returned,WH2,Average,False,False,False,True,False,30003,142.15546276668542,7500.75,714.3571428571429,0
574,1810,Laptop,17435,4,3,Mumbai,IND,2023-04-05,No,3.1399749454686137,1,194,SAVE10,Returned,WH2,Good,False,True,False,False,False,69740,609.155139420911,13948.0,357.64102564102564,0
705,1874,Mobile,43300,1,3,Mumbai,IN,,Y,3.758890366998685,1,453,SAVE10,Not Returned,WH3,Bad,True,False,False,False,False,43300,1702.7773362504042,21650.0,95.37444933920705,0
772,1648,Mobile,76843,4,1,Chennai,IN,,No,3.569993400342145,1,83,SAVE10,Not Returned,WH3,Bad,True,False,False,False,False,307372,296.309452228398,61474.4,3659.190476190476,0
3475,1863,Headphones,95301,1,3,Chennai,India,,N,1.514413601896659,0,18,YIrSES,Returned,WH1,Good,False,False,True,False,False,95301,27.259444834139863,47650.5,5015.8421052631575,0
4692,1214,Mobile,41719,2,3,Delhi,IN,,Y,4.074411078296578,0,221,OFF20,Returned,WH1,Bad,False,False,False,False,True,83438,900.4448483035437,27812.666666666668,375.84684684684686,0
2556,1710,Laptop,81792,3,3,Delhi,India,,No,1.7289145329123872,1,287,OFF20,Returned,WH2,Bad,False,True,False,True,False,245376,496.1984709458551,61344.0,852.0,0
92,1186,Mobile,10952,3,0,Chennai,IN,,Y,2.569498506079312,2,485,OFF20,Returned,WH2,Bad,True,False,False,True,False,32856,1246.2067754484663,8214.0,67.60493827160494,0
4154,1679,Laptop,69687,4,3,Chennai,IN,,N,3.9370810236732936,2,17,YIrSES,Returned,WH2,Bad,True,False,True,False,False,278748,66.930377402446,55749.6,15486.0,-1
2067,1212,Laptop,71045,4,0,Chennai,India,,Yes,3.189018663366776,0,395,OFF20,Returned,WH1,Bad,True,False,False,True,False,284180,1259.6623720298765,56836.0,717.6262626262626,0
1415,1160,Dress,26770,1,3,Chennai,India,,Y,2.1642445270001294,0,404,YIrSES,Returned,WH2,Bad,True,False,False,False,True,26770,874.3547889080522,13385.0,66.09876543209876,0
4291,1893,Mobile,41751,3,0,Mumbai,IND,,Y,1.6750909139561525,1,55,YIrSES,Not Returned,WH1,Average,False,False,False,True,False,125253,92.13000026758839,31313.25,2236.660714285714,0
4746,1875,Dress,25463,3,1,Mumbai,IND,2023-04-05,Y,2.849682415633462,1,252,SAVE10,Not Returned,WH1,Average,False,True,True,False,True,76389,718.1199687396324,19097.25,301.9328063241107,0
4083,1707,Laptop,92080,3,0,Delhi,India,,Y,3.647720934183988,2,272,SAVE10,Not Returned,WH1,Good,True,False,True,False,True,276240,992.1800940980447,69060.0,1011.8681318681319,0
3169,1171,Headphones,31024,3,2,Hyderabad,IND,2023-04-05,No,3.3645312133333567,2,96,SAVE10,Not Returned,WH3,Good,True,False,False,False,True,93072,322.9949964800022,23268.0,959.5051546391752,0
1681,1660,Headphones,17688,2,0,Mumbai,India,,Y,2.180129203696142,2,468,SAVE10,Not Returned,WH2,Good,True,False,False,True,False,35376,1020.3004673297945,11792.0,75.42857142857143,0
1455,1362,Mobile,98490,4,0,Mumbai,India,,No,1.8544999063509449,2,191,SAVE10,Returned,WH3,Bad,True,False,False,False,False,393960,354.20948211303045,78792.0,2051.875,0
613,1660,Laptop,83519,4,2,Mumbai,IND,,Yes,4.99744731231462,1,374,OFF20,Returned,WH3,Average,False,True,True,False,False,334076,1869.0452948056677,66815.2,890.8693333333333,0
2361,1125,Shoes,61735,4,1,Chennai,IND,,No,4.619121127105166,1,25,YIrSES,Returned,WH1,Bad,False,True,True,False,True,246940,115.47802817762916,49388.0,9497.692307692309,0
3405,1899,Shoes,53777,2,0,Delhi,IND,2023-04-05,N,1.635978178922972,1,420,SAVE10,Returned,WH2,Bad,True,False,False,True,False,107554,687.1108351476482,35851.333333333336,255.47268408551068,0
4273,1249,Laptop,70248,3,1,Mumbai,IND,2023-04-05,Y,1.9147963619614103,0,392,SAVE10,Not Returned,WH1,Bad,False,False,False,True,False,210744,750.6001738888729,52686.0,536.2442748091603,0
260,1187,Dress,93708,1,0,Hyderabad,IN,2023-04-05,No,1.7227621105228992,0,346,OFF20,Returned,WH3,Bad,True,False,False,True,True,93708,596.0756902409231,46854.0,270.05187319884726,0
436,1467,Dress,19083,1,3,Mumbai,India,,Y,1.8450005049358689,2,158,OFF20,Returned,WH3,Bad,True,False,False,True,False,19083,291.5100797798673,9541.5,120.01886792452831,0
1031,1269,Mobile,61923,3,2,Chennai,India,,No,3.655735649737262,2,457,SAVE10,Returned,WH3,Bad,True,False,False,True,False,185769,1670.671191929929,46442.25,405.60917030567686,0
42,1957,Laptop,79125,3,0,Delhi,IN,2023-04-05,No,3.1216735166558034,1,263,OFF20,Returned,WH1,Bad,False,False,False,True,False,237375,821.0001348804763,59343.75,899.1477272727273,0
1449,1245,Laptop,52223,4,1,Chennai,India,,No,2.0753540330977254,1,276,SAVE10,Not Returned,WH1,Bad,False,True,False,True,True,208892,572.7977131349722,41778.4,754.1227436823104,0
4006,1494,Dress,46989,4,1,Chennai,IND,,Yes,1.2423312152437678,2,364,YIrSES,Returned,WH1,Average,True,False,False,False,True,187956,452.20856234873145,37591.2,514.9479452054794,0
4494,1839,Mobile,80186,4,3,Delhi,IN,,N,4.416423214694143,0,152,OFF20,Returned,WH2,Average,False,False,True,False,True,320744,671.2963286335098,64148.8,2096.3660130718954,0
1868,1724,Headphones,75350,4,3,Mumbai,IN,,No,3.3886138988937,2,480,SAVE10,Returned,WH1,Bad,True,False,False,True,False,301400,1626.5346714689758,60280.0,626.6112266112266,0
1344,1658,Mobile,85982,1,0,Delhi,IND,2023-04-05,N,1.9894289453905796,0,302,SAVE10,Returned,WH2,Good,True,False,False,True,True,85982,600.8075415079551,42991.0,283.76897689768975,0
3474,1580,Headphones,23771,2,2,Hyderabad,IND,2023-04-05,No,3.220250346488041,0,229,SAVE10,Returned,WH2,Good,True,False,False,True,True,47542,737.4373293457614,15847.333333333334,206.70434782608694,0
1660,1886,Dress,71005,3,3,Mumbai,India,,Y,1.892432985316919,0,254,YIrSES,Not Returned,WH2,Good,True,False,False,True,False,213015,480.6779782704974,53253.75,835.3529411764706,0
2222,1737,Dress,73199,1,3,Mumbai,India,2023-04-05,Yes,1.7136037097722956,0,496,OFF20,Not Returned,WH2,Good,False,True,False,False,True,73199,849.9474400470586,36599.5,147.28169014084506,0
4917,1566,Shoes,89728,3,3,Mumbai,India,2023-04-05,Yes,4.958795905155287,1,320,OFF20,Not Returned,WH3,Good,False,True,False,False,True,269184,1586.814689649692,67296.0,838.5794392523364,0
3545,1237,Dress,33153,4,1,Chennai,IN,2023-04-05,Yes,4.346982630294398,2,414,OFF20,Returned,WH3,Bad,False,True,False,False,True,132612,1799.6508089418805,26522.4,319.54698795180724,0
1462,1007,Laptop,56722,3,1,Mumbai,IN,2023-04-05,Yes,3.999109535759158,2,464,YIrSES,Returned,WH1,Bad,False,True,True,False,True,170166,1855.5868245922493,42541.5,365.9483870967742,0
3471,1666,Laptop,47530,4,0,Mumbai,India,2023-04-05,Yes,1.995101366586986,0,353,YIrSES,Not Returned,WH3,Average,False,True,False,False,True,190120,704.270782405206,38024.0,537.0621468926554,0
3217,1122,Dress,22066,1,0,Mumbai,IN,,Yes,1.0839445129576903,0,77,YIrSES,Returned,WH2,Average,False,True,False,False,False,22066,83.46372749774216,11033.0,282.8974358974359,0
4708,1379,Mobile,99344,1,0,Chennai,IN,,N,2.709517289916901,2,23,YIrSES,Returned,WH2,Average,True,False,False,True,True,99344,62.318897668088724,49672.0,4139.333333333333,0
4268,1792,Mobile,48868,2,0,Chennai,IN,,Yes,3.162790401685396,2,104,SAVE10,Returned,WH2,Average,False,False,False,False,False,97736,328.93020177528115,32578.666666666668,930.8190476190476,0
3324,1874,Dress,14813,4,0,Chennai,India,,Y,1.9467711728885584,2,298,YIrSES,Returned,WH3,Bad,False,False,False,False,True,59252,580.1378095207904,11850.4,198.16722408026754,0
1693,1223,Shoes,27583,1,0,Chennai,IND,2023-04-05,No,4.333160107030645,2,367,OFF20,Returned,WH1,Bad,False,False,False,False,False,27583,1590.2697592802467,13791.5,74.9538043478261,0
334,1506,Shoes,25164,2,1,Chennai,IND,,N,4.11056974477105,1,186,SAVE10,Returned,WH3,Good,False,True,False,False,False,50328,764.5659725274153,16776.0,269.1336898395722,0
385,1419,Headphones,6402,3,1,Delhi,India,2023-04-05,N,3.9059317554437434,0,20,YIrSES,Returned,WH1,Average,True,False,True,False,False,19206,78.11863510887487,4801.5,914.5714285714286,0
1345,1494,Laptop,35351,4,0,Mumbai,India,2023-04-05,Yes,1.354715631776812,1,126,YIrSES,Not Returned,WH2,Average,False,False,False,True,False,141404,170.69416960387832,28280.8,1113.4173228346456,0
1469,1929,Mobile,76382,4,2,Hyderabad,India,2023-04-05,Yes,1.213902089937588,1,346,SAVE10,Not Returned,WH2,Average,True,False,False,True,False,305528,420.0101231184055,61105.6,880.4841498559077,0
16,1113,Laptop,59390,3,2,Hyderabad,IN,,Yes,3.884482909893544,2,424,SAVE10,Not Returned,WH3,Bad,False,False,False,True,True,178170,1647.0207537948627,44542.5,419.22352941176473,0
3357,1073,Dress,49297,3,3,Mumbai,IN,,N,3.0608841264016493,2,13,SAVE10,Not Returned,WH3,Good,False,False,False,False,False,147891,39.79149364322144,36972.75,10563.642857142857,0
2955,1054,Laptop,14973,1,3,Chennai,IND,,Y,4.334961391406731,1,38,YIrSES,Returned,WH3,Average,False,True,True,False,True,14973,164.72853287345578,7486.5,383.9230769230769,0
2396,1192,Shoes,18782,3,3,Mumbai,IND,,No,1.375622026393323,2,202,YIrSES,Returned,WH1,Average,False,False,False,False,False,56346,277.87564933145126,14086.5,277.5665024630542,0
4185,1121,Headphones,57651,4,1,Mumbai,IND,,No,4.577879928944928,2,101,YIrSES,Not Returned,WH2,Good,False,False,False,True,False,230604,462.36587282343777,46120.8,2260.823529411765,0
154,1271,Headphones,91524,4,2,Mumbai,India,,N,3.56098944664398,0,45,YIrSES,Returned,WH1,Good,False,True,False,False,False,366096,160.2445250989791,73219.2,7958.608695652174,0
1137,1365,Shoes,21952,1,2,Mumbai,India,,Y,3.589084347137468,0,451,SAVE10,Not Returned,WH1,Good,True,False,False,True,True,21952,1618.677040558998,10976.0,48.56637168141593,0
2417,1312,Dress,37636,4,2,Chennai,India,,N,2.541101247703947,0,1,SAVE10,Not Returned,WH1,Bad,False,False,True,False,False,150544,2.541101247703947,30108.8,75272.0,-1
2234,1652,Dress,21827,3,0,Hyderabad,India,,N,2.5364154283412663,0,264,SAVE10,Not Returned,WH3,Bad,True,False,True,False,False,65481,669.6136730820944,16370.25,247.09811320754716,0
4685,1786,Dress,11214,4,2,Hyderabad,IND,,N,2.1400868087960614,0,240,YIrSES,Not Returned,WH3,Average,False,True,True,False,False,44856,513.6208341110547,8971.2,186.12448132780082,0
2011,1023,Shoes,46606,2,2,Delhi,IND,2023-04-05,N,1.2873158866944323,0,484,SAVE10,Returned,WH3,Good,False,True,False,True,True,93212,623.0608891601053,31070.666666666668,192.1896907216495,0
4822,1519,Mobile,39344,3,2,Delhi,India,,N,2.633827978597742,1,227,YIrSES,Returned,WH2,Bad,False,False,False,True,True,118032,597.8789511416875,29508.0,517.6842105263158,0
2367,1820,Mobile,43992,2,0,Hyderabad,IND,,No,3.662330899938896,0,441,SAVE10,Not Returned,WH1,Bad,False,False,False,True,False,87984,1615.0879268730532,29328.0,199.05882352941177,0
874,1880,Laptop,56128,3,2,Hyderabad,IND,2023-04-05,Yes,4.349058842068692,0,231,OFF20,Returned,WH2,Average,False,True,False,True,True,168384,1004.6325925178679,42096.0,725.7931034482758,0
2348,1306,Dress,76425,2,0,Hyderabad,India,2023-04-05,Yes,4.011731671989221,0,482,YIrSES,Returned,WH2,Bad,False,True,False,True,True,152850,1933.6546658988045,50950.0,316.45962732919253,0
2211,1486,Headphones,26068,1,3,Delhi,IN,,Yes,2.924392953630458,0,28,YIrSES,Returned,WH3,Bad,False,True,False,True,False,26068,81.88300270165281,13034.0,898.8965517241379,0
155,1315,Shoes,31608,1,3,Delhi,IN,,Y,1.0130536978462137,2,30,SAVE10,Not Returned,WH2,Good,True,False,False,True,False,31608,30.39161093538641,15804.0,1019.6129032258065,0
3783,1117,Shoes,76973,4,0,Chennai,India,,Yes,1.5976120406297087,0,462,OFF20,Returned,WH2,Good,False,False,False,False,False,307892,738.0967627709255,61578.4,664.9935205183585,0
758,1596,Laptop,23543,1,1,Chennai,IND,,Yes,2.746635392280868,0,280,YIrSES,Not Returned,WH1,Good,False,False,False,False,True,23543,769.0579098386431,11771.5,83.7829181494662,0
2091,1136,Headphones,34555,4,0,Delhi,IN,2023-04-05,No,3.7419528953583,0,204,YIrSES,Not Returned,WH2,Average,False,False,False,False,True,138220,763.3583906530931,27644.0,674.2439024390244,0
3094,1708,Shoes,48669,2,2,Hyderabad,India,2023-04-05,No,1.619572442415426,0,201,YIrSES,Not Returned,WH3,Average,False,True,False,False,True,97338,325.5340609255006,32446.0,481.8712871287129,0
3594,1224,Laptop,74013,3,1,Delhi,IN,,No,3.9209604880858304,1,73,YIrSES,Not Returned,WH2,Good,False,True,False,False,True,222039,286.23011563026563,55509.75,3000.527027027027,0
2084,1715,Dress,51571,3,1,Mumbai,IND,,Y,4.819800806719011,1,281,YIrSES,Not Returned,WH3,Average,True,False,True,False,True,154713,1354.364026688042,38678.25,548.6276595744681,0
4457,1310,Dress,76681,2,3,Hyderabad,IND,,Yes,4.655874813690163,1,369,YIrSES,Not Returned,WH3,Average,True,False,False,False,True,153362,1718.0178062516702,51120.666666666664,414.4918918918919,0
945,1237,Headphones,62423,1,0,Hyderabad,IN,,N,3.078855939885638,0,330,OFF20,Not Returned,WH1,Average,True,False,False,False,False,62423,1016.0224601622606,31211.5,188.58912386706947,0
3535,1946,Headphones,44349,1,0,Chennai,India,2023-04-05,No,2.212358844259913,0,363,OFF20,Not Returned,WH1,Average,False,False,False,False,True,44349,803.0862604663484,22174.5,121.83791208791209,0
4985,1792,Headphones,48567,3,3,Delhi,India,2023-04-05,N,4.694294653832874,1,72,OFF20,Not Returned,WH3,Good,False,True,False,False,True,145701,337.98921507596697,36425.25,1995.9041095890411,0
419,1589,Shoes,32795,2,2,Chennai,India,,N,1.1075196448097082,1,171,SAVE10,Returned,WH1,Bad,False,False,False,False,True,65590,189.38585926246012,21863.333333333332,381.33720930232556,0
2682,1690,Shoes,89875,2,3,Hyderabad,India,,Yes,1.99301090820172,2,199,SAVE10,Returned,WH2,Bad,False,True,False,False,True,179750,396.6091707321423,59916.666666666664,898.75,0
1309,1112,Shoes,64956,3,3,Chennai,IND,,N,2.0761789171670486,2,421,SAVE10,Returned,WH2,Good,False,True,False,True,True,194868,874.0713241273274,48717.0,461.77251184834125,0
360,1752,Shoes,51734,3,2,Hyderabad,IND,,Y,1.4824556371474409,0,367,YIrSES,Not Returned,WH2,Good,False,True,True,False,True,155202,544.0612188331108,38800.5,421.7445652173913,0
1459,1339,Mobile,6355,4,2,Chennai,IND,,N,2.1399027572203515,0,232,YIrSES,Returned,WH2,Bad,False,False,False,False,False,25420,496.4574396751216,5084.0,109.09871244635193,0
4604,1392,Headphones,79065,4,2,Mumbai,India,,N,4.708223830219811,0,271,OFF20,Not Returned,WH2,Average,True,False,False,False,False,316260,1275.9286579895688,63252.0,1162.7205882352941,0
166,1926,Dress,76883,4,1,Mumbai,India,,Y,4.6393103880025,0,87,OFF20,Not Returned,WH2,Average,True,False,False,False,True,307532,403.62000375621756,61506.4,3494.681818181818,0
374,1516,Mobile,15627,1,2,Mumbai,IND,,Yes,1.8060502247907908,2,221,YIrSES,Not Returned,WH1,Average,True,False,False,False,True,15627,399.13709967876474,7813.5,70.39189189189189,0
4932,1945,Mobile,97757,2,0,Mumbai,IND,,No,2.807497349312238,2,108,YIrSES,Returned,WH2,Good,False,True,False,False,True,195514,303.2097137257217,65171.333333333336,1793.7064220183486,0
3345,1389,Laptop,77961,3,0,Delhi,IND,2023-04-05,No,1.5740101165838083,1,213,SAVE10,Returned,WH2,Good,True,False,True,False,True,233883,335.26415483235115,58470.75,1092.911214953271,0
1664,1998,Headphones,75635,3,1,Mumbai,IND,,No,1.673265320965324,2,257,SAVE10,Returned,WH2,Good,True,False,True,False,False,226905,430.02918748808827,56726.25,879.4767441860465,0
2474,1066,Laptop,87692,1,2,Hyderabad,IN,,Y,2.343052921641767,2,266,OFF20,Returned,WH2,Good,False,True,False,True,True,87692,623.25207715671,43846.0,328.4344569288389,0
4262,1534,Mobile,80026,3,1,Mumbai,India,,Yes,1.070460212838182,1,188,OFF20,Not Returned,WH2,Good,False,True,True,False,True,240078,201.2465200135782,60019.5,1270.2539682539682,0
1298,1125,Laptop,78287,1,1,Hyderabad,IN,2023-04-05,N,2.7971193413707014,0,470,OFF20,Not Returned,WH3,Good,False,True,True,False,True,78287,1314.6460904442297,39143.5,166.21443736730362,0
2669,1046,Shoes,35218,3,1,Hyderabad,IND,,N,1.4506142209085158,2,382,SAVE10,Not Returned,WH3,Bad,False,False,False,True,True,105654,554.134632387053,26413.5,275.85900783289816,0
4464,1794,Laptop,12354,1,2,Delhi,IN,2023-04-05,No,2.3591051410585804,0,306,SAVE10,Not Returned,WH1,Average,True,False,False,False,False,12354,721.8861731639256,6177.0,40.241042345276874,0
4071,1887,Mobile,76282,4,3,Delhi,IN,,No,3.345205288291538,0,261,SAVE10,Returned,WH2,Bad,True,False,False,False,False,305128,873.0985802440914,61025.6,1164.6106870229007,0
2523,1718,Shoes,73968,2,3,Chennai,IN,2023-04-05,Y,3.969872821203643,2,143,OFF20,Returned,WH3,Bad,False,True,True,False,True,147936,567.691813432121,49312.0,1027.3333333333333,0
3481,1463,Laptop,81138,2,1,Mumbai,IND,2023-04-05,N,1.297217537854142,2,184,SAVE10,Not Returned,WH3,Bad,False,True,False,True,True,162276,238.68802696516212,54092.0,877.1675675675675,0
263,1795,Laptop,85645,1,0,Hyderabad,IN,2023-04-05,No,2.735754547182681,0,396,YIrSES,Not Returned,WH1,Bad,False,False,False,True,True,85645,1083.3588006843418,42822.5,215.73047858942064,0
4132,1784,Headphones,58184,4,0,Delhi,IN,2023-04-05,N,2.149269355564824,0,275,YIrSES,Not Returned,WH3,Bad,True,False,False,True,True,232736,591.0490727803266,46547.2,843.2463768115942,0
897,1920,Shoes,20995,4,3,Delhi,India,2023-04-05,N,2.4467066886353224,1,384,YIrSES,Not Returned,WH3,Good,False,False,False,True,False,83980,939.5353684359638,16796.0,218.12987012987014,0
998,1727,Headphones,3638,3,3,Hyderabad,India,2023-04-05,N,3.337759614610285,1,325,YIrSES,Not Returned,WH3,Bad,False,False,False,True,True,10914,1084.7718747483427,2728.5,33.47852760736196,0
3794,1665,Headphones,5183,3,0,Hyderabad,IN,2023-04-05,Y,4.794802978169944,1,328,SAVE10,Not Returned,WH3,Bad,False,True,True,False,True,15549,1572.6953768397416,3887.25,47.26139817629179,0
2288,1144,Dress,51251,3,3,Hyderabad,IN,2023-04-05,Yes,1.6451732841001396,1,406,SAVE10,Not Returned,WH1,Bad,False,False,True,False,False,153753,667.9403533446567,38438.25,377.7714987714988,0
376,1544,Headphones,68856,3,0,Hyderabad,IND,2023-04-05,Yes,1.1050474550625702,1,22,OFF20,Not Returned,WH3,Good,False,False,True,False,False,206568,24.311044011376545,51642.0,8981.217391304348,0
644,1152,Shoes,91340,2,0,Mumbai,IN,,N,4.857265893101598,2,359,OFF20,Returned,WH3,Bad,True,False,True,False,False,182680,1743.7584556234738,60893.333333333336,507.44444444444446,0
1164,1298,Dress,65281,2,0,Chennai,IN,,Y,3.971449752255106,2,443,SAVE10,Not Returned,WH2,Bad,True,False,True,False,True,130562,1759.3522402490119,43520.666666666664,294.05855855855856,0
1030,1337,Shoes,62691,3,0,Chennai,IN,,No,3.939170252801789,1,84,SAVE10,Not Returned,WH3,Bad,True,False,False,True,True,188073,330.8903012353503,47018.25,2212.6235294117646,0
1521,1002,Shoes,48760,2,1,Chennai,India,,N,4.892854653986877,1,275,SAVE10,Returned,WH1,Good,True,False,True,False,False,97520,1345.5350298463911,32506.666666666668,353.3333333333333,0
2268,1522,Headphones,81780,1,2,Hyderabad,IN,,N,4.945618196696986,1,413,YIrSES,Returned,WH1,Average,True,False,False,True,True,81780,2042.5403152358554,40890.0,197.53623188405797,0
4001,1079,Shoes,92973,2,2,Mumbai,IN,,N,3.999664065786904,2,225,YIrSES,Not Returned,WH2,Good,True,False,True,False,True,185946,899.9244148020534,61982.0,822.7699115044247,0
1425,1626,Mobile,16009,4,1,Mumbai,IN,,Yes,3.7192736179998898,2,136,YIrSES,Returned,WH3,Average,True,False,False,True,True,64036,505.821212047985,12807.2,467.4160583941606,0
4595,1149,Mobile,79917,4,1,Hyderabad,IN,2023-04-05,Yes,3.555190714099545,1,425,YIrSES,Not Returned,WH3,Bad,True,False,False,True,False,319668,1510.9560534923066,63933.6,750.3943661971831,0
4394,1083,Laptop,71014,4,3,Chennai,IN,2023-04-05,No,1.14686365632926,1,98,YIrSES,Not Returned,WH3,Average,True,False,True,False,False,284056,112.39263832026748,56811.2,2869.252525252525,0
2528,1301,Laptop,80319,3,0,Hyderabad,IN,2023-04-05,Yes,2.278394726175403,1,348,YIrSES,Not Returned,WH3,Good,True,False,False,True,True,240957,792.8813647090402,60239.25,690.4212034383954,0
2552,1203,Laptop,5029,2,3,Chennai,IN,,Yes,2.3525535423693773,0,128,SAVE10,Not Returned,WH3,Good,True,False,False,True,False,10058,301.1268534232803,3352.6666666666665,77.96899224806202,0
430,1286,Dress,18589,1,1,Chennai,IN,,Yes,2.7354408481176997,2,35,YIrSES,Returned,WH3,Bad,False,True,False,True,True,18589,95.74042968411949,9294.5,516.3611111111111,0
4147,1306,Dress,25390,2,1,Hyderabad,IN,,No,4.907165624080285,2,218,SAVE10,Not Returned,WH2,Good,False,True,False,True,True,50780,1069.762106049502,16926.666666666668,231.87214611872147,0
289,1393,Headphones,45875,3,0,Hyderabad,India,2023-04-05,Yes,3.14797516758588,0,428,OFF20,Returned,WH1,Average,False,False,True,False,True,137625,1347.3333717267567,34406.25,320.8041958041958,0
2578,1650,Mobile,36278,2,3,Delhi,India,,N,3.594895412140927,1,460,OFF20,Returned,WH1,Good,False,True,False,False,False,72556,1653.6518895848264,24185.333333333332,157.3882863340564,0
3335,1942,Shoes,42442,3,0,Delhi,India,2023-04-05,N,1.9382157355435496,0,409,SAVE10,Returned,WH1,Bad,False,False,False,False,False,127326,792.7302358373119,31831.5,310.55121951219513,0
1451,1190,Laptop,41881,4,3,Mumbai,IND,,Yes,1.1862476151269847,0,106,YIrSES,Returned,WH1,Good,False,False,False,True,False,167524,125.74224720346038,33504.8,1565.6448598130842,0
648,1821,Shoes,57982,2,2,Mumbai,IND,,N,1.4329582738548097,0,100,OFF20,Not Returned,WH1,Good,False,False,False,True,False,115964,143.29582738548098,38654.666666666664,1148.1584158415842,0
3883,1118,Laptop,55397,4,1,Mumbai,IN,,Yes,2.0084934302023485,0,443,OFF20,Returned,WH3,Bad,True,False,False,True,True,221588,889.7625895796403,44317.6,499.07207207207205,0
1373,1414,Laptop,85209,1,3,Mumbai,IN,2023-04-05,N,3.901166475542607,0,464,OFF20,Returned,WH3,Average,False,True,False,True,True,85209,1810.1412446517697,42604.5,183.24516129032259,0
20,1544,Headphones,58433,3,1,Mumbai,IND,,Y,2.679411926456324,0,411,YIrSES,Not Returned,WH2,Average,True,False,False,False,False,175299,1101.2383017735492,43824.75,425.4830097087379,0
927,1752,Dress,18216,1,3,Hyderabad,IND,,Y,3.937592681957885,1,425,YIrSES,Returned,WH1,Average,True,False,False,True,False,18216,1673.476889832101,9108.0,42.76056338028169,0
1794,1598,Mobile,68957,2,2,Mumbai,IN,,Y,4.747965524745407,2,413,OFF20,Returned,WH2,Average,False,True,False,True,True,137914,1960.9097617198531,45971.333333333336,333.1256038647343,0
2783,1734,Shoes,91580,2,2,Delhi,India,2023-04-05,Y,1.845603259015466,0,3,OFF20,Returned,WH1,Bad,True,False,False,True,True,183160,5.536809777046399,61053.333333333336,45790.0,-1
3189,1320,Dress,39705,4,2,Chennai,IND,2023-04-05,Y,3.3533263516999354,2,78,YIrSES,Returned,WH3,Bad,False,True,False,False,True,158820,261.559455432595,31764.0,2010.379746835443,0
3536,1460,Dress,42539,4,1,Chennai,IND,2023-04-05,Y,2.02620676980357,2,13,YIrSES,Not Returned,WH3,Bad,True,False,False,True,False,170156,26.34068800744641,34031.2,12154.0,-1
4495,1905,Headphones,41855,4,2,Chennai,IND,,Y,4.623994796232577,2,317,OFF20,Returned,WH2,Average,False,True,False,False,False,167420,1465.806350405727,33484.0,526.4779874213837,0
2209,1879,Headphones,9983,3,1,Hyderabad,India,2023-04-05,No,2.1823869525609227,2,425,YIrSES,Not Returned,WH3,Average,False,False,False,True,True,29949,927.5144548383921,7487.25,70.30281690140845,0
1476,1612,Mobile,59857,2,1,Delhi,India,,No,3.0018904691059207,0,29,SAVE10,Not Returned,WH3,Average,False,False,False,False,True,119714,87.0548236040717,39904.666666666664,3990.4666666666667,0
1264,1326,Mobile,12131,4,1,Chennai,IN,,Y,2.559774691306961,0,272,OFF20,Not Returned,WH2,Average,False,False,False,False,True,48524,696.2587160354934,9704.8,177.74358974358975,0
2836,1047,Laptop,38859,2,1,Chennai,IN,2023-04-05,No,4.514870306330695,2,374,SAVE10,Not Returned,WH3,Average,True,False,True,False,True,77718,1688.56149456768,25906.0,207.248,0
1212,1561,Mobile,50241,2,2,Chennai,IN,2023-04-05,Yes,2.7718572459338526,0,422,OFF20,Not Returned,WH1,Average,True,False,True,False,True,100482,1169.7237577840858,33494.0,237.54609929078015,0
4541,1050,Shoes,48666,3,2,Chennai,IND,2023-04-05,Yes,2.984081669776273,2,473,OFF20,Returned,WH2,Bad,False,False,False,False,False,145998,1411.4706298041772,36499.5,308.0126582278481,0
1525,1816,Laptop,33268,2,2,Chennai,India,,No,3.0158716555542,0,138,SAVE10,Returned,WH3,Good,False,True,False,False,False,66536,416.1902884664796,22178.666666666668,478.67625899280574,0
4790,1712,Mobile,71734,1,0,Hyderabad,India,2023-04-05,No,1.5643915178396388,0,62,SAVE10,Returned,WH2,Average,True,False,False,False,False,71734,96.99227410605761,35867.0,1138.6349206349207,0
4501,1960,Dress,77859,4,3,Hyderabad,India,2023-04-05,N,3.408256340006514,2,115,SAVE10,Returned,WH2,Average,True,False,False,False,False,311436,391.9494791007491,62287.2,2684.793103448276,0
1506,1068,Mobile,1919,3,1,Delhi,IND,2023-04-05,N,2.2340257376616,0,251,SAVE10,Returned,WH3,Average,False,False,False,True,False,5757,560.7404601530617,1439.25,22.845238095238095,0
3823,1758,Mobile,11177,4,0,Hyderabad,India,2023-04-05,Yes,2.0389440800322065,0,287,YIrSES,Returned,WH3,Average,False,False,False,False,True,44708,585.1769509692433,8941.6,155.23611111111111,0
3810,1482,Mobile,49055,4,1,Hyderabad,IND,2023-04-05,No,4.096516967263817,1,380,YIrSES,Not Returned,WH1,Bad,False,False,False,False,True,196220,1556.6764475602504,39244.0,515.01312335958,0
4253,1150,Mobile,38111,2,0,Delhi,IND,,N,4.09596001271157,1,187,OFF20,Returned,WH1,Average,False,False,True,False,False,76222,765.9445223770637,25407.333333333332,405.43617021276594,0
4978,1085,Shoes,48758,2,1,Delhi,India,2023-04-05,N,2.3496077490567826,1,214,SAVE10,Returned,WH3,Average,False,True,False,True,True,97516,502.81605829815146,32505.333333333332,453.5627906976744,0
276,1855,Headphones,47542,4,2,Mumbai,IND,,No,2.8190425251022173,1,386,OFF20,Not Returned,WH2,Good,False,False,True,False,False,190168,1088.1504146894558,38033.6,491.390180878553,0
2529,1334,Shoes,88220,1,2,Hyderabad,IND,,No,1.5185157558879006,1,87,OFF20,Returned,WH1,Average,False,False,False,True,True,88220,132.11087076224734,44110.0,1002.5,0
3014,1151,Laptop,66263,1,0,Mumbai,IN,,No,2.441706562974259,1,82,SAVE10,Not Returned,WH3,Bad,False,False,False,True,False,66263,200.21993816388925,33131.5,798.3493975903615,0
3845,1704,Laptop,70093,4,0,Delhi,IN,,No,2.593595165594942,2,320,SAVE10,Returned,WH3,Bad,False,False,False,False,False,280372,829.9504529903813,56074.4,873.4330218068536,0
4440,1618,Shoes,35950,4,2,Delhi,IND,,Yes,2.8228838879649305,2,395,OFF20,Not Returned,WH1,Average,False,False,False,False,True,143800,1115.0391357461476,28760.0,363.1313131313131,0
2299,1298,Dress,35067,2,2,Delhi,IN,,Yes,2.755981260481101,2,284,SAVE10,Returned,WH3,Average,False,False,False,False,True,70134,782.6986779766327,23378.0,246.0842105263158,0
3688,1337,Dress,46845,2,0,Delhi,IND,2023-04-05,N,1.996418120409141,2,379,SAVE10,Returned,WH3,Bad,True,False,False,False,True,93690,756.6424676350643,31230.0,246.55263157894737,0
973,1811,Headphones,21034,2,0,Delhi,India,2023-04-05,No,2.9526640082533646,1,319,YIrSES,Not Returned,WH2,Average,False,False,False,False,True,42068,941.8998186328233,14022.666666666666,131.4625,0
4441,1650,Headphones,41896,2,0,Delhi,India,,Yes,2.4673206422446627,0,154,OFF20,Returned,WH2,Bad,True,False,False,True,False,83792,379.96737890567806,27930.666666666668,540.5935483870968,0
3506,1952,Mobile,39429,1,2,Mumbai,IN,2023-04-05,Yes,1.75874975629998,0,409,OFF20,Returned,WH1,Average,True,False,False,False,False,39429,719.3286503266919,19714.5,96.16829268292683,0
2998,1048,Laptop,33232,3,1,Hyderabad,IN,,Yes,1.0450807166077871,0,450,SAVE10,Returned,WH3,Average,True,False,False,True,False,99696,470.2863224735042,24924.0,221.05543237250555,0
969,1482,Mobile,63452,1,0,Chennai,IND,2023-04-05,Y,3.667082001946704,0,48,SAVE10,Returned,WH3,Good,False,False,False,False,False,63452,176.0199360934418,31726.0,1294.938775510204,0
3438,1312,Shoes,86794,3,1,Chennai,IN,2023-04-05,No,3.870580886131298,0,99,SAVE10,Returned,WH3,Bad,True,False,False,False,False,260382,383.1875077269985,65095.5,2603.82,0
4723,1098,Shoes,74520,1,3,Hyderabad,IN,,Yes,4.592263897477709,2,70,YIrSES,Not Returned,WH3,Bad,False,False,False,False,False,74520,321.45847282343965,37260.0,1049.5774647887324,0
3663,1972,Shoes,86775,2,3,Hyderabad,IND,,Y,4.318932475883536,1,229,OFF20,Not Returned,WH2,Bad,False,False,False,False,True,173550,989.0355369773298,57850.0,754.5652173913044,0
1719,1033,Mobile,28724,2,3,Hyderabad,IND,2023-04-05,No,4.440230115336021,1,30,YIrSES,Returned,WH2,Bad,False,True,True,False,True,57448,133.20690346008064,19149.333333333332,1853.1612903225807,0
2706,1865,Shoes,20558,3,2,Hyderabad,IND,2023-04-05,No,3.3723266791724664,0,106,YIrSES,Not Returned,WH2,Average,False,False,True,False,True,61674,357.4666279922814,15418.5,576.392523364486,0
3028,1187,Shoes,58381,3,1,Mumbai,IND,,No,2.5803576031303868,2,339,YIrSES,Not Returned,WH1,Good,False,True,True,False,True,175143,874.7412274612011,43785.75,515.1264705882353,0
3211,1931,Dress,76633,1,1,Delhi,IND,2023-04-05,No,4.296360617984499,2,220,SAVE10,Not Returned,WH1,Good,False,True,True,False,False,76633,945.1993359565898,38316.5,346.7556561085973,0
3278,1328,Laptop,80795,2,0,Chennai,IND,2023-04-05,Y,2.627012292296559,0,77,OFF20,Not Returned,WH3,Good,False,True,False,True,True,161590,202.27994650683505,53863.333333333336,2071.6666666666665,0
2140,1345,Headphones,7045,4,3,Chennai,IND,,No,2.441711131898867,2,179,SAVE10,Not Returned,WH1,Good,False,False,False,True,True,28180,437.06629260989723,5636.0,156.55555555555554,0
1766,1797,Shoes,10383,4,2,Hyderabad,IND,,Yes,3.296557031441658,2,75,SAVE10,Not Returned,WH1,Average,True,False,True,False,True,41532,247.24177735812435,8306.4,546.4736842105264,0
522,1248,Laptop,3322,2,0,Delhi,India,,No,1.351990576882256,2,5,SAVE10,Returned,WH1,Good,True,False,True,False,True,6644,6.75995288441128,2214.6666666666665,1107.3333333333333,0
1061,1645,Mobile,37956,1,3,Chennai,India,,Yes,2.1438332387564185,0,210,SAVE10,Returned,WH1,Good,True,False,False,False,False,37956,450.2049801388479,18978.0,179.88625592417063,0
2796,1933,Shoes,71403,2,1,Delhi,India,,Yes,4.543184854624469,2,318,SAVE10,Returned,WH1,Bad,False,False,False,False,False,142806,1444.7327837705811,47602.0,447.6677115987461,0
2944,1013,Mobile,48579,3,1,Delhi,IN,2023-04-05,N,3.2763205861563933,2,61,YIrSES,Returned,WH2,Average,True,False,True,False,True,145737,199.85555575554,36434.25,2350.5967741935483,0
1445,1527,Headphones,82490,4,2,Chennai,IN,,Yes,1.0981380746440288,1,77,SAVE10,Not Returned,WH2,Bad,False,True,True,False,True,329960,84.55663174759022,65992.0,4230.25641025641,0
3787,1820,Mobile,67644,3,0,Hyderabad,India,2023-04-05,Y,1.04684918220331,1,54,SAVE10,Not Returned,WH1,Average,True,False,False,True,False,202932,56.52985583897873,50733.0,3689.672727272727,0
1895,1172,Headphones,50751,4,1,Mumbai,IN,2023-04-05,Y,3.647933832470312,1,490,SAVE10,Returned,WH3,Bad,True,False,False,False,False,203004,1787.4875779104527,40600.8,413.4501018329939,0
852,1423,Headphones,35871,4,0,Chennai,IN,2023-04-05,Yes,2.657316854934256,2,438,OFF20,Not Returned,WH3,Bad,False,False,False,True,True,143484,1163.9047824612041,28696.8,326.8428246013667,0
437,1400,Shoes,43116,4,0,Hyderabad,IND,,Y,4.278487059852413,2,50,SAVE10,Not Returned,WH2,Average,False,False,True,False,False,172464,213.92435299262064,34492.8,3381.6470588235293,0
4509,1729,Headphones,50939,3,0,Delhi,IND,2023-04-05,No,4.903375365455067,2,173,OFF20,Not Returned,WH3,Average,False,True,True,False,True,152817,848.2839382237265,38204.25,878.2586206896551,0
4907,1974,Shoes,17615,2,0,Delhi,IND,,N,1.2987632657796675,0,313,OFF20,Not Returned,WH3,Average,False,True,True,False,True,35230,406.5129021890359,11743.333333333334,112.19745222929936,0
4732,1912,Mobile,81708,1,3,Chennai,IND,,Yes,1.0684075078887694,1,404,YIrSES,Not Returned,WH2,Average,False,False,False,True,False,81708,431.63663318706284,40854.0,201.74814814814815,0
3253,1582,Mobile,96556,2,1,Chennai,IND,,Yes,4.572305852606651,1,360,YIrSES,Returned,WH3,Average,False,False,False,True,False,193112,1646.0301069383945,64370.666666666664,534.9362880886426,0
1694,1763,Mobile,90447,1,3,Hyderabad,IN,,N,3.215995638739932,0,94,OFF20,Not Returned,WH3,Average,False,False,True,False,False,90447,302.3035900415536,45223.5,952.0736842105263,0
1687,1462,Mobile,9619,4,2,Mumbai,India,,Yes,2.295912446568722,1,208,OFF20,Not Returned,WH1,Good,False,False,False,False,True,38476,477.54978888629415,7695.2,184.0956937799043,0
3930,1559,Mobile,5332,3,0,Mumbai,IN,,Yes,4.106496768558054,0,42,YIrSES,Returned,WH3,Good,False,True,True,False,True,15996,172.47286427943826,3999.0,372.0,0
4256,1917,Laptop,77618,3,1,Mumbai,IND,,Yes,3.656668666343603,0,298,YIrSES,Not Returned,WH3,Bad,False,False,True,False,False,232854,1089.6872625703938,58213.5,778.7759197324415,0
4085,1708,Headphones,43840,2,1,Chennai,IND,2023-04-05,No,2.6158501126183893,2,275,YIrSES,Not Returned,WH1,Good,False,False,True,False,False,87680,719.3587809700571,29226.666666666668,317.6811594202899,0
4419,1536,Headphones,35026,2,1,Chennai,IN,2023-04-05,Y,2.568348387813224,2,249,SAVE10,Returned,WH1,Average,True,False,False,False,True,70052,639.5187485654928,23350.666666666668,280.208,0
2814,1753,Shoes,62010,4,1,Chennai,IND,2023-04-05,N,4.284931220914793,1,415,YIrSES,Returned,WH1,Good,False,False,False,False,True,248040,1778.2464566796393,49608.0,596.25,0
2960,1325,Shoes,83459,2,0,Chennai,IND,2023-04-05,No,4.754809798571246,2,218,YIrSES,Returned,WH1,Good,False,False,True,False,False,166918,1036.5485360885316,55639.333333333336,762.1826484018264,0
2704,1273,Dress,89669,1,0,Hyderabad,India,,No,2.5264627996504903,2,384,YIrSES,Returned,WH1,Bad,False,False,False,True,True,89669,970.1617150657883,44834.5,232.90649350649352,0
4136,1384,Headphones,92783,4,0,Hyderabad,India,2023-04-05,No,1.3819059916460033,2,237,YIrSES,Not Returned,WH2,Bad,False,False,True,False,True,371132,327.51172002010276,74226.4,1559.3781512605042,0
3689,1852,Dress,68720,2,0,Chennai,India,2023-04-05,No,1.304109497454473,1,113,YIrSES,Returned,WH2,Good,False,False,False,False,True,137440,147.36437321235545,45813.333333333336,1205.6140350877192,0
1036,1536,Shoes,7204,2,0,Mumbai,India,,Yes,4.040528379993445,1,45,SAVE10,Returned,WH2,Good,False,True,True,False,True,14408,181.823777099705,4802.666666666667,313.2173913043478,0
3197,1659,Headphones,50224,1,0,Hyderabad,India,,Yes,1.786613065434584,0,366,SAVE10,Returned,WH2,Bad,False,True,True,False,True,50224,653.9003819490578,25112.0,136.85013623978202,0
4537,1311,Mobile,22589,3,2,Mumbai,India,2023-04-05,Yes,1.3961651273823974,1,208,YIrSES,Returned,WH2,Average,False,True,False,False,True,67767,290.40234649553867,16941.75,324.24401913875596,0
4546,1578,Shoes,60454,4,2,Mumbai,India,,Yes,4.4418873471995255,2,454,YIrSES,Returned,WH2,Average,False,True,False,True,True,241816,2016.6168556285845,48363.2,531.4637362637362,0
3129,1028,Dress,52907,4,1,Delhi,IND,,Y,4.928413107621166,1,459,OFF20,Returned,WH2,Average,False,True,False,True,True,211628,2262.1416163981153,42325.6,460.0608695652174,0
2044,1953,Shoes,65905,1,1,Mumbai,IN,,No,2.732152960749625,2,88,YIrSES,Returned,WH2,Bad,False,True,False,False,False,65905,240.429460545967,32952.5,740.5056179775281,0
577,1869,Shoes,68360,2,3,Hyderabad,IN,2023-04-05,Y,1.1580516986112803,1,63,OFF20,Returned,WH2,Bad,False,True,False,True,False,136720,72.95725701251067,45573.333333333336,2136.25,0
4148,1827,Mobile,35601,4,3,Mumbai,IN,,Y,3.829601958491326,2,171,YIrSES,Returned,WH1,Good,True,False,False,True,True,142404,654.8619349020167,28480.8,827.9302325581396,0
1851,1056,Laptop,3179,3,2,Mumbai,IND,2023-04-05,Y,2.197824705296233,2,296,SAVE10,Returned,WH1,Average,True,False,False,False,True,9537,650.556112767685,2384.25,32.111111111111114,0
1929,1032,Laptop,25964,1,2,Delhi,IND,2023-04-05,Yes,3.661265053821906,1,145,SAVE10,Returned,WH2,Bad,True,False,False,False,True,25964,530.8834328041763,12982.0,177.83561643835617,0
3434,1422,Laptop,60999,4,2,Mumbai,IN,,N,4.485295683166743,1,270,SAVE10,Returned,WH2,Bad,False,False,False,False,True,243996,1211.0298344550208,48799.2,900.3542435424354,0
4301,1254,Laptop,64194,2,3,Delhi,IN,2023-04-05,N,4.216630616539719,2,224,SAVE10,Returned,WH2,Average,False,True,False,False,True,128388,944.5252581048971,42796.0,570.6133333333333,0
2876,1747,Laptop,63763,2,2,Chennai,IND,,N,1.989983396823644,0,284,SAVE10,Returned,WH3,Average,False,True,False,False,True,127526,565.1552846979149,42508.666666666664,447.45964912280704,0
3093,1144,Laptop,99627,4,2,Hyderabad,India,,Y,2.612931756064928,1,375,SAVE10,Returned,WH3,Bad,False,True,False,True,True,398508,979.8494085243481,79701.6,1059.8617021276596,0
3612,1430,Shoes,47130,2,0,Hyderabad,IND,,Y,4.724146469096551,2,227,OFF20,Not Returned,WH1,Average,False,False,False,True,True,94260,1072.381248484917,31420.0,413.42105263157896,0
761,1403,Shoes,47395,3,3,Chennai,IND,2023-04-05,Y,4.082599240182647,0,191,SAVE10,Not Returned,WH3,Average,False,True,False,False,False,142185,779.7764548748856,35546.25,740.546875,0
3957,1943,Shoes,5944,2,0,Delhi,IND,,Yes,1.582758949492202,1,437,YIrSES,Not Returned,WH2,Good,True,False,False,True,False,11888,691.6656609280923,3962.6666666666665,27.141552511415526,0
2315,1621,Mobile,60471,1,3,Hyderabad,IN,,Yes,2.066117901378036,1,47,YIrSES,Returned,WH2,Bad,False,False,False,True,True,60471,97.10754136476768,30235.5,1259.8125,0
416,1361,Mobile,35815,3,1,Hyderabad,IN,2023-04-05,N,4.170309175705583,1,32,YIrSES,Returned,WH2,Bad,False,True,False,True,False,107445,133.44989362257866,26861.25,3255.909090909091,0
1530,1285,Mobile,95601,2,0,Hyderabad,IN,2023-04-05,Y,3.623333981672872,0,192,YIrSES,Returned,WH3,Bad,False,True,False,True,True,191202,695.6801244811915,63734.0,990.6839378238342,0
907,1678,Dress,42151,1,0,Mumbai,IND,2023-04-05,Y,2.108715483112002,0,424,YIrSES,Returned,WH3,Bad,True,False,False,True,True,42151,894.0953648394889,21075.5,99.17882352941176,0
2785,1329,Laptop,36746,3,1,Mumbai,IND,2023-04-05,Y,1.8087725402359829,1,94,SAVE10,Not Returned,WH1,Average,True,False,False,True,False,110238,170.0246187821824,27559.5,1160.4,0
4224,1851,Laptop,83737,2,3,Mumbai,IND,2023-04-05,N,4.667663390737125,2,98,YIrSES,Returned,WH2,Bad,True,False,True,False,False,167474,457.4310122922383,55824.666666666664,1691.6565656565656,0
1984,1570,Laptop,62318,3,2,Delhi,IND,2023-04-05,No,3.0499264748615125,2,278,YIrSES,Returned,WH2,Bad,True,False,True,False,False,186954,847.8795600115004,46738.5,670.0860215053764,0
2039,1883,Laptop,62933,1,3,Delhi,India,,N,4.764437502728448,2,311,SAVE10,Returned,WH3,Bad,True,False,False,False,False,62933,1481.7400633485474,31466.5,201.70833333333334,0
1318,1669,Shoes,23367,2,3,Chennai,India,,N,1.370002769579218,1,137,SAVE10,Not Returned,WH2,Average,True,False,False,True,False,46734,187.69037943235287,15578.0,338.6521739130435,0
4274,1166,Mobile,70813,3,1,Chennai,India,,Y,2.5891990338833057,2,159,YIrSES,Not Returned,WH1,Average,True,False,False,False,True,212439,411.68264638744563,53109.75,1327.74375,0
4093,1458,Laptop,64115,4,1,Chennai,IND,,N,2.2861815131997685,1,62,YIrSES,Returned,WH3,Good,False,False,False,False,False,256460,141.74325381838565,51292.0,4070.7936507936506,0
4336,1802,Mobile,23261,1,3,Mumbai,IND,,Y,3.5943525681301485,1,392,YIrSES,Returned,WH2,Good,False,False,False,False,False,23261,1408.9862067070183,11630.5,59.1882951653944,0
1214,1870,Shoes,62711,1,2,Delhi,IND,,No,1.1459065210910735,1,180,YIrSES,Not Returned,WH3,Good,False,False,False,False,False,62711,206.26317379639323,31355.5,346.4696132596685,0
720,1489,Shoes,82268,2,1,Delhi,IND,2023-04-05,Y,4.342757375343973,1,389,YIrSES,Not Returned,WH3,Bad,True,False,False,True,False,164536,1689.3326190088058,54845.333333333336,421.8871794871795,0
1246,1622,Dress,11505,1,3,Chennai,IND,2023-04-05,Yes,3.372977152684382,0,145,SAVE10,Not Returned,WH3,Good,False,True,True,False,True,11505,489.0816871392354,5752.5,78.8013698630137,0
2317,1700,Dress,72989,1,3,Chennai,India,,Yes,1.7793425358173356,1,128,OFF20,Not Returned,WH1,Average,False,False,True,False,False,72989,227.75584458461896,36494.5,565.8062015503876,0
359,1592,Laptop,15614,2,3,Mumbai,India,,Y,2.518545490916297,1,20,OFF20,Not Returned,WH2,Good,False,True,False,True,False,31228,50.37090981832594,10409.333333333334,1487.047619047619,0
953,1911,Headphones,96400,4,3,Mumbai,India,2023-04-05,No,2.285857837682183,1,275,YIrSES,Returned,WH2,Good,False,True,False,False,False,385600,628.6109053626004,77120.0,1397.1014492753623,0
4880,1978,Shoes,80697,4,3,Mumbai,India,2023-04-05,Y,1.0129481931777369,0,445,YIrSES,Returned,WH2,Average,False,True,False,True,False,322788,450.7619459640929,64557.6,723.7399103139013,0
139,1957,Dress,92071,1,1,Mumbai,IN,,Yes,3.713890721972223,0,330,YIrSES,Not Returned,WH1,Bad,False,True,False,False,True,92071,1225.5839382508336,46035.5,278.1601208459214,0
2358,1947,Laptop,4719,4,3,Mumbai,IND,,Y,1.590626400972644,1,303,SAVE10,Not Returned,WH1,Average,False,False,False,False,True,18876,481.95979949471115,3775.2,62.0921052631579,0
2659,1486,Laptop,21781,2,3,Mumbai,IN,,Yes,4.074856425569525,1,332,YIrSES,Not Returned,WH1,Average,True,False,False,True,False,43562,1352.8523332890823,14520.666666666666,130.8168168168168,0
606,1626,Shoes,15144,4,3,Delhi,IN,,Yes,4.539794109160631,0,437,OFF20,Returned,WH1,Good,True,False,False,False,False,60576,1983.890025703196,12115.2,138.3013698630137,0
3750,1744,Shoes,42360,3,2,Delhi,IN,,No,1.3055555477586451,0,210,OFF20,Returned,WH1,Bad,False,False,False,False,False,127080,274.1666650293155,31770.0,602.2748815165877,0
4756,1424,Laptop,70530,1,3,Chennai,IN,,No,1.9329342516906487,0,275,YIrSES,Not Returned,WH1,Average,True,False,False,True,False,70530,531.5569192149284,35265.0,255.54347826086956,0
3642,1030,Headphones,25887,2,3,Delhi,IND,2023-04-05,N,2.7054548268891665,0,42,YIrSES,Not Returned,WH2,Bad,False,True,False,True,True,51774,113.629102729345,17258.0,1204.046511627907,0
4596,1896,Headphones,22891,2,0,Chennai,India,,Yes,1.0881843595444072,2,71,OFF20,Not Returned,WH2,Average,False,False,False,True,False,45782,77.26108952765291,15260.666666666666,635.8611111111111,0
4048,1421,Shoes,59205,4,2,Delhi,IND,,Yes,1.7752794929157223,0,184,OFF20,Not Returned,WH1,Bad,False,True,True,False,False,236820,326.6514266964929,47364.0,1280.1081081081081,0
1468,1317,Laptop,65431,4,1,Chennai,IND,2023-04-05,Y,1.2378657587956932,0,441,SAVE10,Not Returned,WH2,Good,False,True,False,True,False,261724,545.8987996289006,52344.8,592.1357466063348,0
3001,1460,Shoes,40034,4,1,Chennai,IN,2023-04-05,Y,2.5817317995634657,0,146,OFF20,Not Returned,WH1,Good,False,False,False,False,True,160136,376.93284273626597,32027.2,1089.360544217687,0
1191,1560,Shoes,81037,2,1,Chennai,India,,Yes,3.0069147669872947,2,299,OFF20,Not Returned,WH3,Good,False,False,False,False,True,162074,899.0675153292011,54024.666666666664,540.2466666666667,0
350,1872,Laptop,56803,3,0,Mumbai,India,2023-04-05,No,2.5353366819267187,2,240,OFF20,Returned,WH1,Bad,False,False,False,True,True,170409,608.4808036624124,42602.25,707.0912863070539,0
1601,1740,Laptop,33481,1,0,Delhi,India,2023-04-05,No,3.4628617118790666,2,264,OFF20,Returned,WH1,Good,False,True,False,True,True,33481,914.1954919360736,16740.5,126.3433962264151,0
1827,1246,Laptop,87461,2,1,Delhi,India,,No,4.895827879608413,1,219,OFF20,Returned,WH2,Average,False,True,True,False,False,174922,1072.1863056342424,58307.333333333336,795.1,0
498,1377,Laptop,14979,1,1,Delhi,India,,No,2.853948445356174,1,48,YIrSES,Returned,WH1,Average,False,True,True,False,False,14979,136.98952537709636,7489.5,305.6938775510204,0
4347,1134,Laptop,65370,1,1,Chennai,IND,,No,1.388622916314533,1,169,YIrSES,Returned,WH1,Good,False,True,True,False,False,65370,234.67727285715605,32685.0,384.52941176470586,0
3718,1645,Mobile,69917,4,1,Chennai,IND,,Yes,4.466482331451671,0,290,YIrSES,Returned,WH1,Bad,True,False,True,False,False,279668,1295.2798761209845,55933.6,961.0584192439862,0
1118,1123,Shoes,44803,3,1,Mumbai,IND,,No,1.179844982720752,0,476,SAVE10,Returned,WH2,Good,False,True,True,False,False,134409,561.606211775078,33602.25,281.7798742138365,0
1887,1523,Laptop,82221,4,0,Mumbai,IND,2023-04-05,No,3.0525496156799665,2,181,OFF20,Returned,WH2,Good,False,False,True,False,False,328884,552.5114804380739,65776.8,1807.0549450549452,0
4659,1858,Laptop,41337,4,0,Chennai,IND,,Yes,2.966936253203373,0,452,SAVE10,Returned,WH2,Bad,False,False,True,False,False,165348,1341.0551864479246,33069.6,365.0066225165563,0
1879,1992,Shoes,20861,2,1,Delhi,IND,,Yes,2.6564471661370246,2,312,OFF20,Returned,WH2,Average,True,False,True,False,False,41722,828.8115158347516,13907.333333333334,133.29712460063897,0
560,1622,Mobile,24901,2,1,Delhi,India,,Y,4.7371219946596215,2,431,SAVE10,Returned,WH1,Bad,False,False,False,True,True,49802,2041.699579698297,16600.666666666668,115.2824074074074,0
463,1006,Mobile,58771,3,0,Delhi,IND,,No,2.982223689488575,1,145,SAVE10,Returned,WH1,Good,False,True,False,True,True,176313,432.4224349758434,44078.25,1207.623287671233,0
3848,1575,Mobile,40392,3,1,Mumbai,IN,2023-04-05,N,3.26044194497692,1,67,OFF20,Not Returned,WH3,Good,False,True,False,False,True,121176,218.44961031345363,30294.0,1782.0,0
4422,1395,Mobile,25222,2,0,Delhi,India,2023-04-05,Y,1.4972307729444685,1,316,OFF20,Not Returned,WH3,Good,False,True,False,True,True,50444,473.12492425045207,16814.666666666668,159.12933753943219,0
3465,1437,Laptop,19342,4,0,Chennai,IND,,N,4.127628336891538,2,285,OFF20,Returned,WH3,Good,False,False,True,False,False,77368,1176.3740760140884,15473.6,270.5174825174825,0
2587,1250,Dress,83192,4,1,Delhi,IN,,Yes,3.3056151982349338,1,182,SAVE10,Returned,WH1,Good,False,True,False,True,False,332768,601.621966078758,66553.6,1818.4043715846994,0
4180,1536,Shoes,48492,4,0,Delhi,India,,Yes,4.805751095480901,1,126,SAVE10,Returned,WH1,Good,True,False,False,True,True,193968,605.5246380305936,38793.6,1527.3070866141732,0
1596,1506,Dress,43144,1,0,Delhi,India,,Yes,3.0137920376792384,1,331,YIrSES,Returned,WH3,Good,False,True,False,False,False,43144,997.5651644718279,21572.0,129.95180722891567,0
3047,1005,Dress,16321,3,0,Delhi,India,,Yes,1.803854237664989,0,23,OFF20,Not Returned,WH3,Good,False,True,True,False,True,48963,41.48864746629475,12240.75,2040.125,0
710,1924,Headphones,69312,3,0,Mumbai,India,,Y,4.992903239632815,1,285,YIrSES,Not Returned,WH2,Average,False,True,True,False,False,207936,1422.9774232953523,51984.0,727.048951048951,0
950,1688,Shoes,82438,2,0,Mumbai,IND,,Y,2.9601445869074574,0,462,SAVE10,Not Returned,WH3,Bad,False,True,True,False,False,164876,1367.5867991512453,54958.666666666664,356.1036717062635,0
4278,1542,Headphones,826,2,0,Hyderabad,IND,,No,3.953289726146928,2,431,SAVE10,Not Returned,WH2,Good,False,True,True,False,False,1652,1703.867871969326,550.6666666666666,3.824074074074074,0
4779,1648,Shoes,98370,2,0,Delhi,IND,,No,3.427102433155846,1,281,YIrSES,Not Returned,WH2,Good,True,False,False,False,True,196740,963.0157837167927,65580.0,697.6595744680851,0
1305,1112,Headphones,34995,4,0,Delhi,IN,2023-04-05,No,3.4588050027517503,0,150,OFF20,Not Returned,WH2,Average,True,False,True,False,True,139980,518.8207504127625,27996.0,927.0198675496689,0
1168,1023,Shoes,69624,4,2,Chennai,IN,2023-04-05,N,3.7628835928137696,1,231,SAVE10,Not Returned,WH2,Good,False,False,False,True,True,278496,869.2261099399808,55699.2,1200.4137931034484,0
1672,1240,Laptop,82524,3,3,Chennai,India,2023-04-05,Y,3.003635378958198,1,8,SAVE10,Not Returned,WH3,Good,False,True,False,False,True,247572,24.029083031665586,61893.0,27508.0,-1
4754,1982,Headphones,82309,3,2,Chennai,IND,,Yes,2.5792448385009377,1,143,SAVE10,Returned,WH3,Good,False,True,False,True,True,246927,368.8320119056341,61731.75,1714.7708333333333,0
3632,1961,Laptop,85671,2,0,Chennai,India,,Y,4.682466832821715,0,71,YIrSES,Returned,WH1,Average,False,False,True,False,True,171342,332.4551451303418,57114.0,2379.75,0
2491,1176,Laptop,17509,2,0,Chennai,IND,2023-04-05,N,3.345890676649465,1,89,YIrSES,Returned,WH2,Average,False,False,True,False,True,35018,297.7842702218024,11672.666666666666,389.0888888888889,0
1327,1927,Laptop,72571,3,2,Delhi,IND,2023-04-05,N,2.1251792244754744,0,340,YIrSES,Not Returned,WH2,Bad,False,True,True,False,True,217713,722.5609363216613,54428.25,638.4545454545455,0
3749,1377,Mobile,99711,4,2,Mumbai,India,,N,2.0885649217823725,2,358,SAVE10,Not Returned,WH1,Bad,False,True,True,False,True,398844,747.7062419980894,79768.8,1110.9860724233984,0
4810,1123,Dress,45529,2,1,Mumbai,India,,Y,1.5796585751016656,1,229,SAVE10,Not Returned,WH1,Good,False,False,True,False,True,91058,361.7418136982814,30352.666666666668,395.90434782608696,0
2417,1312,Dress,37636,4,2,Chennai,India,,N,2.541101247703947,1,1,SAVE10,Not Returned,WH1,Bad,False,False,True,False,False,150544,2.541101247703947,30108.8,75272.0,-1
2354,1136,Dress,35362,4,3,Delhi,IN,,Y,4.772166943906482,1,313,OFF20,Not Returned,WH1,Bad,False,True,True,False,False,141448,1493.6882534427289,28289.6,450.47133757961785,0
834,1819,Dress,74831,4,0,Chennai,IN,,N,1.811334902665024,0,427,SAVE10,Not Returned,WH3,Bad,False,True,True,False,True,299324,773.4400034379653,59864.8,699.3551401869158,0
1403,1796,Shoes,34886,1,3,Delhi,IN,,N,1.3609411628706751,1,275,YIrSES,Not Returned,WH3,Good,True,False,False,False,False,34886,374.2588197894357,17443.0,126.39855072463769,0
4024,1300,Shoes,44506,4,2,Delhi,India,,No,3.0033424629041043,0,238,OFF20,Not Returned,WH3,Good,True,False,False,True,True,178024,714.7955061711768,35604.8,744.8702928870293,0
3360,1024,Shoes,3621,3,3,Mumbai,India,,No,1.8267240221369236,1,171,OFF20,Returned,WH3,Good,False,True,False,False,True,10863,312.36980778541397,2715.75,63.156976744186046,0
1243,1705,Laptop,54220,1,0,Hyderabad,India,2023-04-05,No,4.423499223703182,0,324,OFF20,Returned,WH3,Average,False,True,True,False,True,54220,1433.2137484798309,27110.0,166.83076923076922,0
4250,1015,Dress,80545,3,3,Hyderabad,India,,N,4.150579224264858,2,434,YIrSES,Returned,WH3,Average,False,True,False,False,True,241635,1801.3513833309482,60408.75,555.4827586206897,0
3730,1507,Dress,1950,2,0,Chennai,IND,,Y,2.1357087853273047,1,352,YIrSES,Not Returned,WH3,Average,False,True,False,True,True,3900,751.7694924352113,1300.0,11.048158640226628,0
2911,1564,Dress,26016,1,0,Mumbai,IND,,No,3.3337232129762397,0,176,SAVE10,Returned,WH1,Good,True,False,True,False,True,26016,586.7352854838182,13008.0,146.98305084745763,0
142,1867,Dress,98327,4,0,Mumbai,IN,2023-04-05,No,1.34969123994138,0,311,SAVE10,Not Returned,WH1,Good,True,False,False,True,True,393308,419.7539756217692,78661.6,1260.6025641025642,0
2333,1320,Laptop,51878,2,0,Mumbai,IN,,N,2.26514997320582,0,206,SAVE10,Not Returned,WH3,Good,False,True,False,False,False,103756,466.62089448039893,34585.333333333336,501.2367149758454,0
2449,1158,Laptop,75746,1,0,Hyderabad,India,,N,1.7805519971808903,2,308,SAVE10,Not Returned,WH3,Good,False,True,True,False,True,75746,548.4100151317142,37873.0,245.1326860841424,0
2672,1551,Laptop,79173,2,1,Mumbai,IN,2023-04-05,N,3.408638163603241,2,158,SAVE10,Returned,WH3,Average,True,False,False,False,True,158346,538.5648298493121,52782.0,995.8867924528302,0
2525,1245,Mobile,84502,1,1,Chennai,IN,2023-04-05,N,2.6211785254692384,2,227,OFF20,Returned,WH2,Average,False,True,False,True,False,84502,595.0075252815171,42251.0,370.62280701754383,0
3194,1502,Dress,11715,3,3,Chennai,IN,2023-04-05,N,3.91836089439845,2,299,OFF20,Not Returned,WH2,Average,False,False,False,True,False,35145,1171.5899074251365,8786.25,117.15,0
2928,1421,Dress,87509,4,1,Delhi,IN,2023-04-05,Y,3.465000906511831,2,146,OFF20,Not Returned,WH3,Average,False,True,False,True,False,350036,505.8901323507273,70007.2,2381.197278911565,0
335,1215,Dress,28961,3,1,Chennai,IND,2023-04-05,Y,2.9827923027398757,1,142,SAVE10,Returned,WH2,Average,False,False,True,False,True,86883,423.55650698906237,21720.75,607.5734265734266,0
1515,1058,Dress,76767,3,1,Delhi,India,2023-04-05,Y,1.388725814352595,1,157,SAVE10,Returned,WH1,Average,False,False,False,False,False,230301,218.0299528533574,57575.25,1457.6012658227849,0
1436,1420,Shoes,15793,4,1,Mumbai,IN,,Y,4.7163768536968185,0,363,SAVE10,Returned,WH2,Average,False,True,False,False,False,63172,1712.044797891945,12634.4,173.54945054945054,0
1757,1258,Laptop,21359,4,0,Mumbai,India,,N,4.923568557723128,0,225,SAVE10,Returned,WH3,Average,False,False,True,False,False,85436,1107.8029254877038,17087.2,378.0353982300885,0
7,1742,Shoes,75711,3,0,Mumbai,India,,No,2.04123947457028,2,350,SAVE10,Not Returned,WH3,Average,False,True,False,True,False,227133,714.433816099598,56783.25,647.1025641025641,0
4726,1851,Laptop,22738,1,2,Delhi,India,,Yes,2.0053310782490037,2,124,SAVE10,Returned,WH2,Bad,True,False,False,True,True,22738,248.66105370287647,11369.0,181.904,0
4096,1523,Mobile,89463,2,3,Mumbai,India,,No,4.209564018575629,2,405,YIrSES,Not Returned,WH3,Average,False,True,False,True,False,178926,1704.87342752313,59642.0,440.70443349753697,0
73,1411,Laptop,78122,2,1,Mumbai,India,,N,2.305471913204338,0,236,OFF20,Not Returned,WH3,Average,False,True,False,True,False,156244,544.0913715162238,52081.333333333336,659.2573839662447,0
4647,1499,Mobile,25173,3,1,Delhi,India,2023-04-05,N,4.585429719048684,1,319,SAVE10,Not Returned,WH3,Good,False,False,False,True,False,75519,1462.7520803765303,18879.75,235.996875,0
4025,1347,Dress,8737,3,3,Mumbai,India,2023-04-05,N,3.4784908931112994,1,338,SAVE10,Not Returned,WH3,Good,False,False,False,True,True,26211,1175.7299218716191,6552.75,77.31858407079646,0
1111,1541,Mobile,41825,2,3,Hyderabad,India,,Yes,1.4078765407691782,1,332,SAVE10,Returned,WH1,Good,False,True,False,True,True,83650,467.41501153536717,27883.333333333332,251.2012012012012,0
1714,1280,Headphones,98859,3,3,Hyderabad,India,2023-04-05,N,1.9805015842599476,1,430,YIrSES,Returned,WH3,Good,False,True,False,False,True,296577,851.6156812317774,74144.25,688.1136890951276,0
4564,1981,Headphones,53232,4,1,Delhi,India,2023-04-05,Y,1.5143300736274234,0,265,YIrSES,Not Returned,WH3,Good,False,True,True,False,True,212928,401.2974695112672,42585.6,800.4812030075188,0
2416,1203,Mobile,56810,2,1,Delhi,India,2023-04-05,Yes,2.386710848490235,2,400,YIrSES,Returned,WH2,Good,False,True,False,False,False,113620,954.684339396094,37873.333333333336,283.34164588528677,0
1652,1178,Dress,80926,1,1,Hyderabad,India,2023-04-05,No,2.1357122132941537,2,190,YIrSES,Returned,WH1,Good,False,False,False,False,True,80926,405.78532052588923,40463.0,423.69633507853405,0
3213,1666,Dress,71691,2,0,Hyderabad,IND,,N,2.671677258188512,2,31,YIrSES,Returned,WH1,Average,False,False,False,False,True,143382,82.82199500384388,47794.0,4480.6875,0
3888,1297,Headphones,71777,4,2,Mumbai,IND,,N,3.904051308319689,2,187,SAVE10,Returned,WH1,Average,False,True,False,False,False,287108,730.0575946557818,57421.6,1527.1702127659576,0
286,1673,Headphones,75108,2,1,Mumbai,India,,Y,3.755160785170225,2,322,YIrSES,Not Returned,WH3,Bad,True,False,False,False,False,150216,1209.1617728248125,50072.0,465.06501547987614,0
148,1016,Headphones,304,2,3,Mumbai,India,,Y,1.9964674303711605,0,279,OFF20,Not Returned,WH2,Bad,True,False,False,True,True,608,557.0144130735538,202.66666666666666,2.1714285714285713,0
2589,1935,Dress,73438,4,0,Hyderabad,IN,,N,1.7507968359036865,2,200,OFF20,Not Returned,WH2,Bad,False,True,True,False,True,293752,350.1593671807373,58750.4,1461.452736318408,0
79,1371,Laptop,19266,2,2,Hyderabad,India,,No,3.463063798887659,2,253,OFF20,Returned,WH3,Bad,False,True,False,True,True,38532,876.1551411185777,12844.0,151.70078740157481,0
2966,1938,Laptop,55690,1,2,Delhi,IND,,Y,2.973910318791497,0,193,YIrSES,Returned,WH3,Average,False,True,False,True,True,55690,573.9646915267589,27845.0,287.0618556701031,0
3719,1523,Shoes,93604,2,3,Mumbai,IN,,Y,3.5277244519779094,2,496,YIrSES,Returned,WH1,Bad,False,True,False,True,True,187208,1749.7513281810432,62402.666666666664,376.67605633802816,0
738,1889,Shoes,95420,1,3,Mumbai,IND,,Y,2.121050568310357,2,358,YIrSES,Not Returned,WH3,Good,False,False,False,True,True,95420,759.3361034551077,47710.0,265.79387186629526,0
2540,1578,Dress,3287,4,3,Mumbai,India,2023-04-05,Y,3.090444728713741,0,231,OFF20,Not Returned,WH1,Bad,True,False,False,True,True,13148,713.8927323328742,2629.6,56.672413793103445,0
4322,1265,Laptop,89884,1,0,Delhi,India,2023-04-05,No,1.338048240158864,1,338,SAVE10,Returned,WH2,Good,False,False,False,True,True,89884,452.26030517369605,44942.0,265.14454277286137,0
913,1662,Shoes,70961,4,3,Delhi,IN,2023-04-05,Yes,2.1982049028635537,1,153,SAVE10,Returned,WH3,Good,True,False,False,True,True,283844,336.3253501381237,56768.8,1843.142857142857,0
1759,1127,Laptop,31871,3,2,Delhi,IND,,Yes,4.934977186719366,1,196,SAVE10,Returned,WH3,Average,True,False,False,False,True,95613,967.2555285969958,23903.25,485.34517766497464,0
2223,1898,Headphones,37069,2,3,Delhi,IN,,N,3.607817434107592,2,96,YIrSES,Returned,WH1,Average,False,False,True,False,True,74138,346.35047367432884,24712.666666666668,764.3092783505155,0
2314,1283,Dress,7089,4,0,Chennai,India,,N,1.2793639701416786,2,13,YIrSES,Returned,WH2,Good,False,True,True,False,True,28356,16.631731611841822,5671.2,2025.4285714285713,0
4235,1173,Laptop,26196,3,1,Chennai,India,2023-04-05,Yes,4.797114333111822,0,441,YIrSES,Returned,WH3,Good,False,True,True,False,True,78588,2115.5274209023137,19647.0,177.80090497737555,0
1609,1907,Mobile,2169,2,1,Chennai,India,,Y,3.413698400048504,0,47,SAVE10,Returned,WH1,Good,False,True,True,False,True,4338,160.44382480227966,1446.0,90.375,0
2150,1096,Laptop,59376,4,0,Chennai,IND,2023-04-05,Yes,3.458757019662499,1,6,SAVE10,Returned,WH3,Average,False,False,False,True,True,237504,20.752542117974993,47500.8,33929.142857142855,-1
3854,1633,Laptop,40877,4,2,Chennai,India,2023-04-05,Yes,4.170100389562127,1,466,YIrSES,Returned,WH3,Average,False,True,False,True,False,163508,1943.2667815359512,32701.6,350.12419700214133,0
3348,1862,Headphones,58600,1,0,Delhi,India,2023-04-05,N,1.3788622475854355,0,152,YIrSES,Returned,WH3,Average,False,False,True,False,False,58600,209.5870616329862,29300.0,383.0065359477124,0
4706,1161,Mobile,2111,3,0,Mumbai,India,2023-04-05,N,3.95211112799267,1,465,SAVE10,Not Returned,WH2,Good,True,False,True,False,True,6333,1837.7316745165917,1583.25,13.590128755364807,0
1029,1357,Mobile,10128,4,0,Mumbai,India,2023-04-05,Y,4.162287238722236,2,286,OFF20,Not Returned,WH1,Good,True,False,True,False,True,40512,1190.4141502745595,8102.4,141.1567944250871,0
191,1377,Shoes,58834,2,1,Delhi,IND,,No,2.3128880047058207,2,378,OFF20,Not Returned,WH1,Good,True,False,False,True,True,117668,874.2716657788002,39222.666666666664,310.4696569920844,0
583,1231,Dress,66409,2,1,Mumbai,India,,Yes,4.460471079680541,0,329,OFF20,Returned,WH2,Good,True,False,False,True,False,132818,1467.4949852148982,44272.666666666664,402.4787878787879,0
637,1199,Dress,72882,2,3,Hyderabad,IND,,N,2.141560678380088,1,197,OFF20,Returned,WH3,Good,False,False,True,False,False,145764,421.8874536408773,48588.0,736.1818181818181,0
4607,1284,Headphones,97863,3,3,Delhi,IN,,N,4.059437124393755,1,6,SAVE10,Not Returned,WH3,Bad,True,False,False,True,False,293589,24.35662274636253,73397.25,41941.28571428572,-1
3995,1118,Mobile,86107,3,2,Hyderabad,IND,,Y,4.688853775710104,2,326,SAVE10,Not Returned,WH1,Bad,False,True,False,False,False,258321,1528.566330881494,64580.25,789.9724770642201,0
1262,1057,Shoes,62639,1,1,Delhi,IND,,Yes,4.630760940243595,2,191,YIrSES,Not Returned,WH3,Good,False,True,False,False,True,62639,884.4753395865267,31319.5,326.2447916666667,0
2877,1504,Mobile,82319,2,1,Delhi,IN,2023-04-05,Y,4.098841974949307,1,416,OFF20,Not Returned,WH2,Good,True,False,False,False,True,164638,1705.1182615789119,54879.333333333336,394.81534772182255,0
3389,1354,Shoes,87217,4,3,Delhi,India,2023-04-05,N,4.809295953707734,1,103,YIrSES,Returned,WH2,Bad,False,False,False,True,True,348868,495.3574832318966,69773.6,3354.5,0
3537,1619,Shoes,63538,4,2,Mumbai,India,2023-04-05,N,4.524442787373802,2,429,YIrSES,Returned,WH2,Bad,True,False,False,True,False,254152,1940.985955783361,50830.4,591.0511627906977,0
3406,1358,Mobile,49558,2,2,Mumbai,IND,2023-04-05,N,1.002209806198803,0,1,YIrSES,Returned,WH1,Average,True,False,False,False,True,99116,1.002209806198803,33038.666666666664,49558.0,-1
1112,1729,Mobile,88233,1,0,Delhi,India,2023-04-05,N,4.379276892854826,1,272,OFF20,Returned,WH3,Average,True,False,False,False,True,88233,1191.1633148565124,44116.5,323.1978021978022,0
2993,1405,Headphones,74271,4,1,Delhi,IN,,N,3.073352716906338,1,104,OFF20,Returned,WH2,Good,True,False,False,True,False,297084,319.6286825582592,59416.8,2829.3714285714286,0
1163,1979,Dress,99209,4,3,Chennai,IN,2023-04-05,Yes,1.9301176142990888,0,462,OFF20,Returned,WH1,Average,True,False,False,True,True,396836,891.7143378061791,79367.2,857.0971922246221,0
1260,1751,Headphones,61162,2,2,Mumbai,IN,2023-04-05,Y,1.7119126078703868,1,464,OFF20,Not Returned,WH2,Average,True,False,True,False,True,122324,794.3274500518595,40774.666666666664,263.06236559139785,0
4524,1450,Headphones,2018,3,3,Delhi,IN,,Y,4.478787313312578,0,391,OFF20,Returned,WH1,Bad,True,False,True,False,True,6054,1751.2058395052181,1513.5,15.443877551020408,0
2041,1251,Laptop,59690,1,3,Chennai,IN,,Y,2.497214626246824,0,225,SAVE10,Not Returned,WH3,Good,False,True,True,False,False,59690,561.8732909055354,29845.0,264.11504424778764,0
3304,1402,Laptop,9797,2,3,Delhi,IND,2023-04-05,No,2.9348550111354057,1,237,OFF20,Returned,WH3,Average,False,False,True,False,False,19594,695.5606376390912,6531.333333333333,82.32773109243698,0
2059,1339,Mobile,34184,2,3,Hyderabad,IND,2023-04-05,No,1.5557678639810026,0,330,OFF20,Returned,WH3,Good,True,False,True,False,False,68368,513.4033951137309,22789.333333333332,206.54984894259817,0
1790,1139,Shoes,87952,2,3,Hyderabad,IND,2023-04-05,N,2.350191714094646,2,484,OFF20,Returned,WH3,Average,True,False,False,False,True,175904,1137.4927896218085,58634.666666666664,362.68865979381445,0
1828,1853,Shoes,68792,4,1,Hyderabad,IND,2023-04-05,No,4.984062990339737,1,396,SAVE10,Returned,WH3,Good,False,True,False,False,False,275168,1973.688944174536,55033.6,693.11838790932,0
3046,1030,Headphones,12408,1,1,Chennai,IN,,No,1.180966118582056,1,92,SAVE10,Returned,WH3,Good,False,False,False,False,False,12408,108.64888290954914,6204.0,133.41935483870967,0
2483,1462,Mobile,18070,2,1,Hyderabad,IN,,N,3.182586895473472,2,183,SAVE10,Not Returned,WH3,Average,True,False,False,False,False,36140,582.4134018716454,12046.666666666666,196.41304347826087,0
678,1311,Dress,74456,3,3,Chennai,India,,No,1.751448214392239,2,403,SAVE10,Not Returned,WH1,Bad,False,True,False,True,True,223368,705.8336304000723,55842.0,552.8910891089109,0
2763,1458,Laptop,55375,4,3,Mumbai,India,,Y,4.071978908211737,0,466,YIrSES,Not Returned,WH2,Average,True,False,False,False,True,221500,1897.5421712266693,44300.0,474.30406852248393,0
780,1415,Mobile,47182,2,0,Hyderabad,IN,,Y,1.1090035434073715,0,386,YIrSES,Not Returned,WH3,Good,False,True,False,False,True,94364,428.0753677552454,31454.666666666668,243.83462532299743,0
3991,1091,Headphones,43566,3,3,Delhi,India,,Y,3.563051168194453,1,328,YIrSES,Not Returned,WH2,Average,False,False,False,False,True,130698,1168.6807831677804,32674.5,397.258358662614,0
4030,1669,Shoes,32398,1,3,Delhi,India,,Yes,4.205463492843918,1,185,YIrSES,Not Returned,WH2,Average,False,True,True,False,True,32398,778.0107461761247,16199.0,174.18279569892474,0
3006,1453,Dress,66675,4,3,Delhi,India,2023-04-05,Yes,3.128449255671093,2,448,SAVE10,Not Returned,WH1,Good,True,False,False,True,True,266700,1401.5452665406497,53340.0,593.9866369710468,0
11,1123,Mobile,79003,1,0,Chennai,India,2023-04-05,No,1.1151166975668358,1,33,YIrSES,Not Returned,WH2,Good,True,False,True,False,True,79003,36.79885101970558,39501.5,2323.6176470588234,0
344,1339,Dress,63232,3,3,Hyderabad,India,2023-04-05,Y,2.171590994949283,0,202,OFF20,Returned,WH2,Bad,True,False,True,False,True,189696,438.66138097975517,47424.0,934.4630541871921,0
4710,1716,Mobile,40655,2,3,Hyderabad,IN,2023-04-05,Yes,1.3919809870809283,0,279,OFF20,Returned,WH3,Good,True,False,True,False,False,81310,388.362695395579,27103.333333333332,290.39285714285717,0
282,1572,Laptop,92697,4,1,Mumbai,IND,,N,3.6979454637290874,1,51,YIrSES,Returned,WH1,Average,False,True,True,False,False,370788,188.59521865018345,74157.6,7130.538461538462,0
888,1254,Headphones,42884,3,2,Mumbai,IND,,N,3.577482608131336,2,152,SAVE10,Returned,WH2,Average,False,True,False,False,False,128652,543.777356435963,32163.0,840.8627450980392,0
2440,1778,Dress,69703,4,1,Hyderabad,India,,N,1.4746122938919268,0,159,SAVE10,Not Returned,WH3,Good,True,False,False,False,False,278812,234.46335472881637,55762.4,1742.575,0
1065,1709,Mobile,52911,1,2,Chennai,India,,Yes,2.730321884766263,0,345,SAVE10,Returned,WH3,Good,False,True,True,False,False,52911,941.9610502443608,26455.5,152.92196531791907,0
760,1284,Headphones,6506,1,2,Delhi,India,2023-04-05,Y,1.7548481916655736,2,207,YIrSES,Returned,WH3,Bad,False,True,True,False,True,6506,363.25357567477374,3253.0,31.278846153846153,0
4563,1178,Mobile,51592,4,0,Delhi,India,,Yes,3.9176412738478095,2,275,YIrSES,Returned,WH2,Average,False,True,True,False,True,206368,1077.3513503081476,41273.6,747.7101449275362,0
3431,1622,Dress,54810,2,3,Hyderabad,IN,,Yes,2.968625099623624,2,314,OFF20,Returned,WH2,Good,False,False,True,False,False,109620,932.1482812818178,36540.0,348.0,0
57,1993,Laptop,25687,4,3,Mumbai,IN,,Yes,4.046108757054947,1,321,OFF20,Returned,WH2,Good,True,False,True,False,True,102748,1298.800911014638,20549.6,319.09316770186336,0
4522,1278,Headphones,46496,4,3,Chennai,IND,,Y,3.973310403090963,0,479,SAVE10,Returned,WH2,Good,False,True,False,False,True,185984,1903.2156830805714,37196.8,387.46666666666664,0
878,1675,Mobile,49520,1,3,Hyderabad,IND,,Y,4.670078496061452,1,128,YIrSES,Not Returned,WH2,Good,False,True,False,True,True,49520,597.7700474958658,24760.0,383.8759689922481,0
3884,1468,Shoes,31806,2,1,Hyderabad,IND,2023-04-05,Y,1.97493652704049,1,8,YIrSES,Not Returned,WH1,Bad,False,True,False,True,False,63612,15.79949221632392,21204.0,7068.0,0
3305,1317,Mobile,24767,3,0,Hyderabad,IND,,Y,3.859708341479972,0,19,YIrSES,Not Returned,WH2,Good,False,False,False,True,True,74301,73.33445848811947,18575.25,3715.05,0
1161,1946,Shoes,71690,1,2,Mumbai,IND,,Yes,2.399141379100742,2,378,OFF20,Not Returned,WH3,Average,False,False,True,False,False,71690,906.8754413000805,35845.0,189.155672823219,0
4793,1445,Laptop,30047,4,1,Mumbai,India,2023-04-05,Y,1.495708480638756,2,149,YIrSES,Not Returned,WH1,Average,True,False,False,False,True,120188,222.86056361517464,24037.6,801.2533333333333,0
2539,1029,Laptop,88374,4,0,Hyderabad,India,2023-04-05,Yes,1.4889666863013191,2,192,SAVE10,Not Returned,WH3,Bad,False,True,False,False,False,353496,285.88160376985326,70699.2,1831.5854922279793,0
3435,1443,Laptop,83708,4,3,Delhi,India,,No,1.327609632601249,2,201,YIrSES,Returned,WH2,Bad,False,True,False,True,False,334832,266.84953615285104,66966.4,1657.5841584158416,0
2411,1218,Laptop,33156,1,3,Delhi,IN,2023-04-05,No,4.954219147529102,2,278,YIrSES,Returned,WH3,Bad,False,True,True,False,False,33156,1377.2729230130903,16578.0,118.83870967741936,0
4870,1277,Headphones,88583,1,1,Hyderabad,IN,,N,2.0337271041855165,2,198,YIrSES,Returned,WH3,Good,False,True,False,False,False,88583,402.6779666287323,44291.5,445.14070351758795,0
2857,1277,Mobile,84094,1,0,Chennai,IN,,N,1.249000634919906,1,444,YIrSES,Returned,WH1,Good,True,False,False,True,False,84094,554.5562819044383,42047.0,188.9752808988764,0
2313,1918,Mobile,20647,2,0,Hyderabad,IND,,Y,1.2260235272062965,1,432,OFF20,Returned,WH3,Good,False,False,False,False,True,41294,529.64216375312,13764.666666666666,95.36720554272517,0
3461,1162,Laptop,26968,1,0,Hyderabad,India,2023-04-05,Yes,3.078356699311285,1,315,OFF20,Returned,WH2,Good,False,False,False,True,False,26968,969.6823602830549,13484.0,85.34177215189874,0
468,1241,Mobile,66080,1,1,Hyderabad,IN,2023-04-05,N,3.051434400452652,1,403,YIrSES,Not Returned,WH1,Average,False,False,False,True,False,66080,1229.7280633824187,33040.0,163.56435643564356,0
2261,1109,Headphones,82185,2,2,Chennai,IN,,N,3.1316143457541123,1,461,OFF20,Not Returned,WH1,Good,True,False,False,True,True,164370,1443.6742133926457,54790.0,355.7792207792208,0
527,1016,Headphones,56947,1,2,Delhi,IN,,N,4.877311131487282,2,364,OFF20,Returned,WH3,Good,True,False,False,True,True,56947,1775.3412518613707,28473.5,156.0191780821918,0
4054,1057,Headphones,76186,4,2,Chennai,IN,,Yes,1.606807022013777,2,44,OFF20,Not Returned,WH1,Average,True,False,False,True,True,304744,70.69950896860618,60948.8,6772.0888888888885,0
3298,1575,Mobile,19201,4,3,Chennai,IN,2023-04-05,Yes,3.154767289398336,2,36,OFF20,Returned,WH1,Average,True,False,True,False,False,76804,113.5716224183401,15360.8,2075.7837837837837,0
2412,1988,Laptop,28141,1,3,Mumbai,India,2023-04-05,Yes,3.021066383480629,1,460,YIrSES,Returned,WH2,Average,False,False,True,False,False,28141,1389.6905364010893,14070.5,61.04338394793926,0
4888,1749,Laptop,80259,4,3,Chennai,India,,Y,2.121913655788389,1,306,SAVE10,Not Returned,WH2,Good,True,False,True,False,False,321036,649.3055786712471,64207.2,1045.7198697068404,0
2754,1037,Mobile,69421,3,3,Hyderabad,IND,2023-04-05,Y,3.059484485757028,1,262,YIrSES,Not Returned,WH3,Bad,True,False,True,False,False,208263,801.5849352683413,52065.75,791.8745247148289,0
4231,1936,Mobile,32093,4,2,Chennai,IN,,N,2.4837274536381253,0,496,OFF20,Returned,WH2,Good,False,True,True,False,True,128372,1231.9288170045102,25674.4,258.2937625754527,0
4125,1341,Headphones,87874,4,2,Hyderabad,IND,,N,2.7880113510187776,0,402,OFF20,Not Returned,WH2,Average,False,True,True,False,True,351496,1120.7805631095487,70299.2,872.1985111662531,0
2238,1548,Dress,45299,4,0,Hyderabad,IN,,Y,3.810104940083619,0,463,YIrSES,Not Returned,WH3,Average,False,True,True,False,False,181196,1764.0785872587155,36239.2,390.5086206896552,0
4744,1994,Mobile,4873,4,2,Chennai,IN,,Y,4.216498223809236,2,405,YIrSES,Not Returned,WH1,Bad,True,False,False,True,False,19492,1707.6817806427405,3898.4,48.00985221674877,0
2131,1561,Headphones,11221,4,3,Hyderabad,IN,,Y,1.0935108338131947,2,456,OFF20,Not Returned,WH1,Bad,False,False,False,False,True,44884,498.6409402188168,8976.8,98.2144420131291,0
1531,1415,Headphones,45265,4,3,Mumbai,IN,,Y,4.754729955920865,2,154,YIrSES,Not Returned,WH1,Bad,False,False,True,False,True,181060,732.2284132118133,36212.0,1168.1290322580646,0
4815,1209,Dress,33370,3,2,Chennai,IN,2023-04-05,Y,2.4673929481367183,2,198,YIrSES,Not Returned,WH1,Bad,True,False,True,False,True,100110,488.5438037310702,25027.5,503.06532663316585,0
3711,1077,Laptop,70453,3,2,Chennai,IND,2023-04-05,No,4.606927049471334,0,385,YIrSES,Not Returned,WH3,Bad,False,False,False,False,False,211359,1773.6669140464637,52839.75,547.5621761658031,0
150,1360,Shoes,93486,3,3,Delhi,IND,,Y,4.3934024282169855,0,496,YIrSES,Not Returned,WH1,Good,True,False,False,False,False,280458,2179.127604395625,70114.5,564.3018108651911,0
1614,1386,Dress,39810,1,0,Delhi,IN,,Yes,3.270604994521463,1,272,YIrSES,Not Returned,WH2,Good,True,False,False,False,False,39810,889.604558509838,19905.0,145.82417582417582,0
146,1815,Laptop,35047,1,3,Mumbai,IND,2023-04-05,N,2.60152794741915,1,461,YIrSES,Not Returned,WH2,Bad,True,False,False,False,False,35047,1199.3043837602281,17523.5,75.85930735930737,0
290,1207,Dress,71188,4,0,Mumbai,IN,,No,1.4389458047972132,0,253,YIrSES,Not Returned,WH3,Average,True,False,True,False,True,284752,364.053288613695,56950.4,1121.0708661417323,0
4207,1315,Headphones,73264,1,1,Mumbai,IN,,No,4.625893136368166,1,451,YIrSES,Not Returned,WH3,Good,True,False,False,True,False,73264,2086.2778045020427,36632.0,162.08849557522123,0
261,1407,Headphones,89491,3,1,Delhi,IND,,Yes,4.323753695295679,1,467,OFF20,Not Returned,WH1,Good,False,True,False,True,True,268473,2019.192975703082,67118.25,573.6602564102565,0
620,1295,Mobile,7255,2,3,Delhi,India,,Y,1.7386794255645317,1,241,OFF20,Returned,WH3,Average,False,True,True,False,True,14510,419.0217415610521,4836.666666666667,59.95867768595041,0
4460,1042,Laptop,76950,4,3,Mumbai,IND,,Y,1.5212989200860276,1,126,SAVE10,Returned,WH2,Average,True,False,True,False,True,307800,191.6836639308395,61560.0,2423.6220472440946,0
4364,1101,Headphones,7898,3,2,Delhi,India,,Yes,2.838378517010113,0,309,OFF20,Not Returned,WH1,Bad,True,False,True,False,True,23694,877.058961756125,5923.5,76.43225806451613,0
168,1861,Headphones,535,2,2,Mumbai,IND,,Y,4.431963706813205,2,98,SAVE10,Not Returned,WH3,Good,False,True,True,False,True,1070,434.3324432676941,356.6666666666667,10.808080808080808,0
3069,1788,Headphones,44816,3,2,Mumbai,IND,2023-04-05,Yes,4.049044882050701,2,431,SAVE10,Not Returned,WH3,Bad,True,False,False,False,False,134448,1745.1383441638523,33612.0,311.22222222222223,0
3158,1506,Laptop,36991,4,2,Delhi,IND,2023-04-05,N,4.267020983252078,1,86,YIrSES,Returned,WH3,Bad,True,False,False,False,False,147964,366.9638045596787,29592.8,1700.7356321839081,0
3139,1980,Laptop,64984,4,1,Delhi,India,2023-04-05,N,3.825621883324173,2,378,YIrSES,Returned,WH3,Bad,True,False,True,False,True,259936,1446.0850718965373,51987.2,685.8469656992085,0
3792,1799,Shoes,41870,3,0,Delhi,India,2023-04-05,N,1.9590828712768351,2,375,YIrSES,Returned,WH3,Bad,True,False,True,False,False,125610,734.6560767288132,31402.5,334.0691489361702,0
2201,1898,Shoes,67166,1,1,Mumbai,India,,N,3.55372108494211,2,199,YIrSES,Not Returned,WH3,Bad,True,False,True,False,True,67166,707.1904959034799,33583.0,335.83,0
917,1635,Shoes,51358,3,0,Delhi,IND,,Y,3.7314061226199247,2,208,YIrSES,Not Returned,WH3,Bad,True,False,False,False,True,154074,776.1324735049443,38518.5,737.1961722488038,0
3521,1354,Shoes,5762,3,0,Mumbai,IN,,Y,3.8276535592484535,2,438,OFF20,Returned,WH3,Average,False,True,False,False,True,17286,1676.5122589508226,4321.5,39.37585421412301,0
547,1089,Dress,55115,3,2,Hyderabad,IN,2023-04-05,No,1.0167951490587956,2,400,OFF20,Returned,WH1,Good,True,False,False,True,True,165345,406.71805962351823,41336.25,412.33167082294267,0
2472,1413,Dress,86333,4,3,Chennai,India,2023-04-05,No,1.666319295836331,2,374,OFF20,Returned,WH2,Good,False,False,False,False,True,345332,623.2034166427878,69066.4,920.8853333333333,0
387,1934,Mobile,71372,3,1,Chennai,IN,2023-04-05,No,4.949297577728492,2,290,OFF20,Not Returned,WH3,Bad,True,False,False,False,False,214116,1435.2962975412627,53529.0,735.7938144329897,0
1737,1985,Shoes,77939,4,0,Chennai,India,,No,1.9926548862529223,2,22,OFF20,Not Returned,WH3,Average,True,False,False,True,False,311756,43.83840749756429,62351.2,13554.608695652174,2
1157,1827,Shoes,86774,2,3,Chennai,India,2023-04-05,No,1.733721978525386,2,247,OFF20,Returned,WH2,Average,True,False,True,False,False,173548,428.22932869577033,57849.333333333336,699.7903225806451,0
2632,1169,Shoes,61077,2,2,Chennai,IND,2023-04-05,No,3.297654269671067,1,230,OFF20,Not Returned,WH2,Bad,False,False,True,False,False,122154,758.4604820243454,40718.0,528.8051948051948,0
3895,1516,Dress,19978,2,0,Delhi,IND,,Y,3.60680338005149,0,164,OFF20,Not Returned,WH2,Good,True,False,True,False,True,39956,591.5157543284444,13318.666666666666,242.15757575757576,0
4137,1917,Dress,91262,1,1,Hyderabad,IND,,No,1.9628894968913912,1,314,SAVE10,Returned,WH2,Bad,True,False,False,True,True,91262,616.3473020238969,45631.0,289.7206349206349,0
2381,1587,Shoes,12645,2,0,Chennai,India,,N,3.1498063491037147,1,9,YIrSES,Returned,WH2,Bad,False,True,False,False,True,25290,28.34825714193343,8430.0,2529.0,0
2969,1483,Shoes,25391,4,0,Mumbai,India,,N,1.4368822383726014,1,292,YIrSES,Returned,WH3,Average,True,False,False,False,True,101564,419.5696136047996,20312.8,346.6348122866894,0
3791,1211,Shoes,66825,1,3,Mumbai,India,2023-04-05,No,2.9166583041025387,1,249,SAVE10,Not Returned,WH1,Good,False,False,False,False,True,66825,726.2479177215321,33412.5,267.3,0
569,1544,Mobile,48437,1,3,Delhi,India,,N,2.2707263114245366,2,113,OFF20,Returned,WH2,Average,False,False,True,False,True,48437,256.59207319097266,24218.5,424.8859649122807,0
2654,1686,Laptop,74667,2,2,Delhi,IND,,Yes,1.9562198264704205,0,298,OFF20,Returned,WH3,Bad,False,True,True,False,False,149334,582.9535082881853,49778.0,499.4448160535117,0
3060,1470,Mobile,98647,2,0,Delhi,IND,2023-04-05,N,3.019998332495619,0,30,YIrSES,Returned,WH3,Good,False,False,True,False,True,197294,90.59994997486858,65764.66666666667,6364.322580645161,0
2839,1347,Headphones,5299,4,0,Chennai,IND,,No,1.1686714455654457,2,435,OFF20,Not Returned,WH3,Good,False,False,False,True,True,21196,508.37207882096885,4239.2,48.61467889908257,0
189,1496,Laptop,32914,2,2,Mumbai,IND,,No,4.2908767281239815,1,320,OFF20,Returned,WH3,Bad,False,False,False,False,True,65828,1373.0805529996742,21942.666666666668,205.07165109034267,0
4631,1715,Shoes,24461,2,2,Delhi,India,2023-04-05,N,1.756298809865498,0,211,SAVE10,Not Returned,WH1,Bad,True,False,False,False,False,48922,370.57904888162005,16307.333333333334,230.76415094339623,0
3424,1170,Shoes,16104,2,1,Mumbai,IN,,N,3.1428885979389283,0,108,SAVE10,Returned,WH1,Bad,False,False,False,False,False,32208,339.43196857740423,10736.0,295.48623853211006,0
4780,1551,Mobile,60695,2,1,Hyderabad,IN,2023-04-05,Yes,1.6708157459929571,2,48,SAVE10,Returned,WH1,Bad,False,False,True,False,False,121390,80.19915580766194,40463.333333333336,2477.3469387755104,0
3222,1737,Mobile,95072,3,3,Hyderabad,IN,,Yes,2.3614910263633,1,460,SAVE10,Returned,WH2,Bad,False,False,True,False,False,285216,1086.285872127118,71304.0,618.6898047722343,0
4590,1343,Dress,74378,1,1,Chennai,India,2023-04-05,No,3.1569565127855808,0,218,SAVE10,Returned,WH3,Average,False,False,False,True,False,74378,688.2165197872566,37189.0,339.6255707762557,0
1931,1656,Laptop,75825,3,0,Delhi,IND,,No,4.675343925230978,1,43,OFF20,Returned,WH3,Average,False,False,False,False,False,227475,201.03978878493206,56868.75,5169.886363636364,0
3082,1422,Laptop,3093,4,1,Hyderabad,IND,,N,1.1918980590792798,2,155,SAVE10,Returned,WH3,Good,False,False,False,True,True,12372,184.74419915728836,2474.4,79.3076923076923,0
4892,1168,Shoes,66612,2,1,Mumbai,India,,N,3.7919095928082736,1,82,SAVE10,Not Returned,WH3,Good,False,True,False,True,True,133224,310.9365866102784,44408.0,1605.1084337349398,0
4445,1732,Shoes,69785,3,2,Mumbai,India,,Yes,1.3655331523449852,2,131,SAVE10,Not Returned,WH3,Bad,False,True,True,False,False,209355,178.88484295719306,52338.75,1586.0227272727273,0
533,1767,Headphones,55584,2,3,Delhi,India,,Y,3.412034618055984,2,121,YIrSES,Not Returned,WH1,Average,False,True,False,True,False,111168,412.8561887847741,37056.0,911.2131147540983,0
4598,1333,Mobile,10579,4,1,Mumbai,India,,N,2.9440111186560176,0,96,SAVE10,Returned,WH1,Average,True,False,False,True,False,42316,282.6250673909777,8463.2,436.2474226804124,0
2107,1076,Shoes,43874,2,3,Mumbai,IN,,N,1.113592067626414,2,455,YIrSES,Not Returned,WH2,Bad,True,False,True,False,False,87748,506.68439077001835,29249.333333333332,192.4298245614035,0
2517,1534,Headphones,44552,3,1,Hyderabad,IN,,Yes,3.1099919733057213,0,360,OFF20,Not Returned,WH3,Bad,True,False,True,False,False,133656,1119.5971103900597,33414.0,370.2382271468144,0
2033,1653,Headphones,69480,4,1,Hyderabad,IND,,N,4.17964839011462,1,417,SAVE10,Not Returned,WH2,Bad,False,True,False,False,True,277920,1742.9133786777966,55584.0,664.8803827751196,0
296,1771,Headphones,29844,2,1,Hyderabad,India,,N,3.0668806409166174,1,249,YIrSES,Not Returned,WH1,Bad,True,False,False,False,False,59688,763.6532795882378,19896.0,238.752,0
3887,1139,Mobile,49603,3,1,Delhi,India,2023-04-05,Y,2.2632153841686744,2,44,YIrSES,Returned,WH1,Good,False,False,False,False,False,148809,99.58147690342167,37202.25,3306.866666666667,0
4067,1228,Headphones,98015,1,0,Delhi,India,2023-04-05,N,2.725381585591017,1,64,YIrSES,Returned,WH1,Good,False,True,True,False,False,98015,174.4244214778251,49007.5,1507.923076923077,0
2026,1463,Laptop,88297,2,0,Delhi,IN,2023-04-05,N,4.496208947413654,0,483,SAVE10,Not Returned,WH3,Bad,False,True,False,True,False,176594,2171.668921600795,58864.666666666664,364.8636363636364,0
83,1782,Dress,52558,2,1,Delhi,India,2023-04-05,No,4.703594932895129,0,142,YIrSES,Returned,WH3,Bad,False,True,False,True,False,105116,667.9104804711083,35038.666666666664,735.0769230769231,0
1456,1591,Dress,2640,3,3,Mumbai,IN,,N,4.702028512333777,0,378,YIrSES,Returned,WH3,Bad,True,False,False,True,False,7920,1777.3667776621676,1980.0,20.897097625329817,0
1818,1413,Dress,72753,1,3,Chennai,IN,,N,4.138705577158264,1,95,OFF20,Returned,WH2,Average,False,False,False,True,True,72753,393.1770298300351,36376.5,757.84375,0
1552,1580,Laptop,29166,1,2,Delhi,IN,,Yes,2.1487261171398244,2,23,OFF20,Returned,WH2,Good,False,False,False,False,True,29166,49.42070069421596,14583.0,1215.25,0
311,1301,Dress,51133,3,0,Hyderabad,IND,,Yes,4.922422343892812,1,164,SAVE10,Returned,WH2,Average,False,False,False,False,True,153399,807.2772643984212,38349.75,929.6909090909091,0
8,1017,Mobile,78209,1,0,Mumbai,IND,,Yes,2.083445000997252,1,121,SAVE10,Not Returned,WH3,Good,False,False,False,False,False,78209,252.09684512066747,39104.5,641.0573770491803,0
808,1287,Laptop,40845,3,3,Delhi,IND,2023-04-05,Yes,2.8213778309631805,2,306,YIrSES,Returned,WH1,Good,False,False,True,False,False,122535,863.3416162747333,30633.75,399.13680781758956,0
2062,1258,Headphones,54310,2,3,Delhi,IN,,Yes,1.0720759996035425,0,119,YIrSES,Not Returned,WH2,Good,False,False,False,False,False,108620,127.57704395282155,36206.666666666664,905.1666666666666,0
2800,1019,Dress,49681,4,3,Delhi,IN,2023-04-05,No,1.6264954249188968,2,1,OFF20,Not Returned,WH3,Good,False,False,False,True,False,198724,1.6264954249188968,39744.8,99362.0,-1
1683,1531,Shoes,22459,2,1,Chennai,IN,2023-04-05,Y,2.0500275864141995,0,389,YIrSES,Not Returned,WH3,Bad,False,False,False,False,False,44918,797.4607311151236,14972.666666666666,115.17435897435898,0
3654,1034,Shoes,63209,4,3,Mumbai,IND,2023-04-05,Y,4.654714696445195,2,175,YIrSES,Returned,WH3,Bad,False,False,False,False,False,252836,814.5750718779092,50567.2,1436.5681818181818,0
2433,1702,Laptop,14448,2,0,Delhi,India,2023-04-05,No,3.2760601864278587,0,450,SAVE10,Returned,WH1,Bad,False,False,True,False,True,28896,1474.2270838925365,9632.0,64.0709534368071,0
2566,1290,Laptop,51804,1,0,Mumbai,IN,2023-04-05,Y,2.855852475368646,0,479,SAVE10,Returned,WH2,Bad,False,False,True,False,False,51804,1367.9533357015814,25902.0,107.925,0
492,1986,Shoes,8262,1,1,Chennai,India,2023-04-05,Y,2.821071468294848,2,155,OFF20,Returned,WH1,Bad,False,False,True,False,False,8262,437.26607758570145,4131.0,52.96153846153846,0
2641,1046,Headphones,12867,1,1,Delhi,IN,2023-04-05,Yes,2.96646235908976,2,228,YIrSES,Not Returned,WH2,Good,False,False,False,False,True,12867,676.3534178724653,6433.5,56.18777292576419,0
225,1575,Laptop,27169,2,1,Mumbai,IN,,Yes,2.494047461329545,2,465,YIrSES,Not Returned,WH2,Average,False,False,False,False,True,54338,1159.7320695182384,18112.666666666668,116.60515021459227,0
847,1919,Headphones,29751,3,1,Mumbai,India,,N,4.091474921011127,0,222,YIrSES,Returned,WH2,Bad,False,False,False,False,False,89253,908.3074324644701,22313.25,400.23766816143495,0
3628,1348,Mobile,26652,1,1,Mumbai,India,,N,2.040920878033281,1,365,SAVE10,Returned,WH2,Good,False,False,False,False,False,26652,744.9361204821475,13326.0,72.81967213114754,0
2489,1846,Laptop,85609,4,1,Chennai,India,2023-04-05,N,3.3653230031368437,2,158,SAVE10,Returned,WH2,Good,False,False,False,False,True,342436,531.7210344956213,68487.2,2153.685534591195,0
2887,1363,Dress,45209,3,1,Delhi,India,,No,1.174080044386273,2,266,SAVE10,Returned,WH2,Good,False,True,False,True,False,135627,312.3052918067486,33906.75,507.96629213483146,0
2227,1782,Dress,88673,1,2,Chennai,India,,No,3.950876661381224,2,251,YIrSES,Returned,WH3,Good,False,True,True,False,False,88673,991.6700420066873,44336.5,351.87698412698415,0
3486,1907,Dress,40842,4,2,Chennai,IN,,No,2.1202354174504063,1,495,YIrSES,Returned,WH2,Bad,False,False,True,False,False,163368,1049.5165316379512,32673.6,329.3709677419355,0
358,1629,Shoes,30917,3,2,Chennai,IN,,No,4.230589070811119,2,319,OFF20,Returned,WH3,Bad,False,False,True,False,False,92751,1349.557913588747,23187.75,289.846875,0
34,1451,Laptop,58390,1,0,Mumbai,IN,,Yes,1.4276143541958035,0,401,YIrSES,Returned,WH3,Average,False,True,True,False,True,58390,572.4733560325172,29195.0,145.24875621890547,0
861,1238,Laptop,21488,3,0,Mumbai,India,,Y,1.0471095395394316,2,159,YIrSES,Returned,WH2,Average,True,False,True,False,True,64464,166.49041678676963,16116.0,402.9,0
1307,1519,Laptop,92400,3,0,Delhi,IND,,N,4.689419385072254,2,120,OFF20,Returned,WH2,Average,False,True,False,True,False,277200,562.7303262086705,69300.0,2290.909090909091,0
915,1335,Mobile,90948,2,1,Hyderabad,IND,,No,4.76519790149965,1,271,OFF20,Returned,WH3,Average,True,False,False,False,False,181896,1291.3686313064052,60632.0,668.7352941176471,0
2917,1076,Dress,42879,4,1,Hyderabad,IND,,Y,4.925338704149612,1,356,YIrSES,Returned,WH1,Average,False,True,False,True,False,171516,1753.420578677262,34303.2,480.43697478991595,0
3504,1504,Dress,67405,2,2,Chennai,IN,2023-04-05,Y,4.724696774952284,0,236,YIrSES,Not Returned,WH1,Average,False,False,False,True,True,134810,1115.0284388887392,44936.666666666664,568.8185654008439,0
1600,1578,Headphones,63894,2,2,Hyderabad,IN,2023-04-05,No,1.4246197477296638,0,322,YIrSES,Returned,WH1,Bad,True,False,True,False,False,127788,458.7275587689517,42596.0,395.6284829721362,0
2408,1246,Headphones,21189,4,0,Mumbai,IND,,Yes,2.862629071478651,0,23,OFF20,Not Returned,WH3,Bad,False,True,False,True,False,84756,65.84046864400898,16951.2,3531.5,0
2122,1471,Headphones,41285,3,1,Mumbai,IND,,No,3.5309317765241497,1,483,SAVE10,Not Returned,WH3,Average,False,True,False,False,False,123855,1705.4400480611644,30963.75,255.8987603305785,0
2308,1087,Laptop,32095,3,0,Delhi,IN,,No,1.1959078261421623,1,226,YIrSES,Not Returned,WH1,Bad,False,True,True,False,False,96285,270.27516870812866,24071.25,424.16299559471366,0
2551,1836,Shoes,7048,4,1,Chennai,IN,2023-04-05,Yes,3.2476919559551,1,331,YIrSES,Not Returned,WH3,Bad,False,True,True,False,True,28192,1074.9860374211382,5638.4,84.91566265060241,0
1954,1187,Dress,50942,1,0,Mumbai,IND,,Yes,3.707131796990563,0,441,SAVE10,Not Returned,WH3,Bad,False,True,True,False,True,50942,1634.8451224728383,25471.0,115.25339366515837,0
1014,1739,Dress,67378,2,1,Delhi,IND,2023-04-05,Yes,2.5956566619052635,2,237,SAVE10,Not Returned,WH1,Good,False,True,False,False,True,134756,615.1706288715475,44918.666666666664,566.2016806722689,0
3180,1046,Mobile,11337,1,3,Chennai,IND,2023-04-05,No,4.308193136616134,1,217,SAVE10,Not Returned,WH1,Good,True,False,False,True,True,11337,934.877910645701,5668.5,52.0045871559633,0
4673,1806,Mobile,3236,1,0,Hyderabad,IND,2023-04-05,No,3.357725046094021,0,301,SAVE10,Not Returned,WH2,Good,True,False,True,False,True,3236,1010.6752388743002,1618.0,10.71523178807947,0
4768,1114,Headphones,8826,3,3,Chennai,IN,2023-04-05,N,2.978212365981525,0,398,SAVE10,Not Returned,WH2,Bad,False,False,False,False,False,26478,1185.328521660647,6619.5,66.3609022556391,0
1077,1144,Dress,4969,1,1,Chennai,IN,,N,2.4615808445423326,2,171,SAVE10,Not Returned,WH3,Bad,False,False,True,False,True,4969,420.93032441673887,2484.5,28.88953488372093,0
382,1615,Shoes,14659,2,2,Chennai,IN,,N,1.8030899995350784,1,483,SAVE10,Returned,WH3,Average,False,False,False,True,False,29318,870.8924697754429,9772.666666666666,60.574380165289256,0
558,1607,Shoes,57310,1,1,Mumbai,IND,,Yes,4.321685411569787,1,230,SAVE10,Not Returned,WH3,Good,True,False,True,False,False,57310,993.9876446610509,28655.0,248.0952380952381,0
4805,1371,Laptop,74246,4,0,Delhi,IND,,No,3.223791143349861,0,384,YIrSES,Not Returned,WH3,Average,False,False,True,False,False,296984,1237.9357990463468,59396.8,771.387012987013,0
1853,1918,Mobile,88005,1,3,Hyderabad,IND,,Yes,3.89557065859807,0,274,YIrSES,Returned,WH2,Bad,False,False,False,False,False,88005,1067.3863604558712,44002.5,320.0181818181818,0
965,1148,Shoes,97468,1,1,Hyderabad,IND,,Y,2.351641317505357,0,386,YIrSES,Returned,WH2,Good,True,False,False,True,False,97468,907.7335485570678,48734.0,251.85529715762274,0
4245,1195,Headphones,98973,1,1,Chennai,India,,N,1.8324328384200248,0,448,YIrSES,Returned,WH2,Average,True,False,False,False,False,98973,820.929911612171,49486.5,220.42984409799556,0
2481,1216,Headphones,71172,1,1,Chennai,India,,N,4.97702577472422,1,17,YIrSES,Returned,WH1,Bad,False,False,True,False,False,71172,84.60943817031175,35586.0,3954.0,0
441,1519,Laptop,23155,1,0,Hyderabad,India,,Yes,2.347615368976793,1,5,YIrSES,Returned,WH1,Average,False,True,False,False,True,23155,11.738076844883965,11577.5,3859.1666666666665,0
800,1795,Mobile,10348,1,0,Hyderabad,India,2023-04-05,Yes,4.37553188148079,1,255,SAVE10,Returned,WH1,Good,False,False,True,False,False,10348,1115.7606297776015,5174.0,40.421875,0
2055,1893,Dress,1719,2,2,Hyderabad,India,,Y,4.918419720383362,1,405,OFF20,Not Returned,WH1,Good,False,False,True,False,True,3438,1991.9599867552615,1146.0,8.467980295566502,0
3720,1911,Dress,4915,4,3,Chennai,India,,N,4.726102861674286,1,78,OFF20,Not Returned,WH2,Bad,False,True,False,False,True,19660,368.63602321059426,3932.0,248.86075949367088,0
1275,1688,Dress,2987,1,1,Hyderabad,IND,,Yes,2.4379790358443816,2,68,OFF20,Not Returned,WH2,Average,False,True,True,False,True,2987,165.78257443741794,1493.5,43.289855072463766,0
783,1032,Headphones,74125,4,0,Delhi,IND,2023-04-05,N,1.2708981019191343,2,484,YIrSES,Returned,WH3,Average,False,True,True,False,False,296500,615.114681328861,59300.0,611.340206185567,0
1958,1949,Mobile,58917,4,1,Hyderabad,IND,2023-04-05,No,4.484470925222258,2,364,YIrSES,Not Returned,WH3,Bad,False,True,True,False,False,235668,1632.3474167809018,47133.6,645.6657534246575,0
3613,1652,Mobile,29601,3,2,Chennai,IND,2023-04-05,No,3.0109450576927204,2,243,YIrSES,Not Returned,WH2,Bad,False,False,True,False,False,88803,731.659649019331,22200.75,363.9467213114754,0
1024,1074,Shoes,70518,2,3,Chennai,IND,,No,3.688802767115839,0,492,YIrSES,Returned,WH2,Bad,True,False,True,False,True,141036,1814.8909614209929,47012.0,286.0770791075051,0
4471,1793,Shoes,93586,2,3,Chennai,IND,,No,1.5330833565838753,0,141,YIrSES,Not Returned,WH3,Average,False,True,False,False,True,187172,216.16475327832643,62390.666666666664,1318.112676056338,0
4512,1881,Shoes,55228,1,0,Hyderabad,IND,,No,2.5731101363327267,2,143,SAVE10,Not Returned,WH1,Bad,False,True,False,False,True,55228,367.9547494955799,27614.0,383.52777777777777,0
2663,1782,Headphones,78743,1,3,Hyderabad,IN,,Y,2.2124969432325567,2,344,OFF20,Not Returned,WH3,Bad,False,False,False,False,False,78743,761.0989484719995,39371.5,228.2405797101449,0
3842,1110,Dress,75939,1,1,Delhi,India,,No,2.5193263012613936,1,264,YIrSES,Not Returned,WH3,Bad,False,False,False,False,False,75939,665.1021435330078,37969.5,286.5622641509434,0
469,1846,Mobile,43096,3,0,Mumbai,IND,2023-04-05,Yes,4.379380331239828,2,330,YIrSES,Returned,WH3,Bad,False,False,False,False,False,129288,1445.1955093091433,32322.0,390.59818731117826,0
4958,1994,Mobile,88487,4,2,Hyderabad,IND,2023-04-05,No,2.8299529882990453,0,85,SAVE10,Returned,WH2,Average,False,False,False,False,True,353948,240.54600400541884,70789.6,4115.674418604651,0
1336,1493,Mobile,25235,1,1,Mumbai,IN,2023-04-05,No,1.0599924655477508,2,342,OFF20,Not Returned,WH3,Average,False,False,False,False,True,25235,362.5174232173308,12617.5,73.57142857142857,0
1184,1345,Shoes,84120,2,1,Mumbai,IN,,No,3.490650564732696,0,140,SAVE10,Returned,WH1,Good,False,True,True,False,True,168240,488.69107906257744,56080.0,1193.1914893617022,0
2205,1932,Dress,21684,2,3,Chennai,India,,N,3.942009964264281,0,468,OFF20,Returned,WH2,Average,False,True,False,False,True,43368,1844.8606632756835,14456.0,92.46908315565032,0
2263,1673,Headphones,95626,2,3,Chennai,IND,,N,4.394952073685792,1,8,OFF20,Returned,WH2,Bad,False,True,False,False,True,191252,35.15961658948633,63750.666666666664,21250.222222222223,1
796,1113,Headphones,78154,4,2,Hyderabad,India,,Y,1.6687842885638051,2,10,SAVE10,Returned,WH1,Good,False,True,False,True,False,312616,16.68784288563805,62523.2,28419.636363636364,-1
2823,1721,Mobile,61477,4,1,Hyderabad,IN,2023-04-05,No,3.1965065926452025,1,225,SAVE10,Returned,WH3,Good,False,False,False,False,True,245908,719.2139833451706,49181.6,1088.0884955752213,0
4508,1049,Dress,57085,2,0,Mumbai,IN,2023-04-05,No,1.4413123750820986,1,249,YIrSES,Not Returned,WH3,Good,False,False,False,False,False,114170,358.88678139544254,38056.666666666664,456.68,0
411,1029,Laptop,7737,3,0,Mumbai,IN,2023-04-05,No,1.7196643160413787,1,481,YIrSES,Returned,WH3,Good,False,True,False,True,False,23211,827.1585360159031,5802.75,48.155601659751035,0
3764,1023,Dress,16235,2,3,Mumbai,IN,2023-04-05,Y,4.826028302459459,0,105,YIrSES,Returned,WH1,Good,False,True,False,False,True,32470,506.7329717582432,10823.333333333334,306.3207547169811,0
2446,1611,Dress,81715,4,3,Mumbai,IN,,Yes,3.665764979911781,0,454,YIrSES,Returned,WH3,Good,False,True,True,False,True,326860,1664.2573008799486,65372.0,718.3736263736264,0
594,1049,Mobile,26082,2,3,Mumbai,IND,,Yes,1.375693702749699,1,400,YIrSES,Returned,WH3,Good,False,True,True,False,True,52164,550.2774810998795,17388.0,130.0847880299252,0
4836,1913,Headphones,57528,1,3,Mumbai,IND,2023-04-05,N,4.833760256288,0,18,YIrSES,Returned,WH1,Bad,False,False,False,False,False,57528,87.00768461318401,28764.0,3027.7894736842104,0
2017,1140,Shoes,75813,2,1,Chennai,India,2023-04-05,Y,4.333523455400679,1,465,SAVE10,Returned,WH2,Bad,False,False,False,True,False,151626,2015.0884067613158,50542.0,325.3776824034335,0
2470,1069,Headphones,32593,4,1,Hyderabad,India,2023-04-05,N,2.139354151407737,2,68,SAVE10,Not Returned,WH3,Bad,False,True,False,True,True,130372,145.47608229572612,26074.4,1889.4492753623188,0
1963,1499,Dress,19908,2,0,Hyderabad,IN,2023-04-05,No,2.0728378747342,2,24,YIrSES,Not Returned,WH3,Good,False,True,False,True,True,39816,49.748108993620804,13272.0,1592.64,0
1407,1117,Mobile,3538,2,0,Hyderabad,IN,,No,4.077798350861348,1,339,YIrSES,Not Returned,WH3,Bad,True,False,False,False,True,7076,1382.3736409419969,2358.6666666666665,20.811764705882354,0
2243,1566,Headphones,59334,1,1,Hyderabad,IND,,No,2.444555769257382,1,149,YIrSES,Not Returned,WH1,Average,True,False,True,False,True,59334,364.2388096193499,29667.0,395.56,0
4159,1007,Headphones,3051,4,2,Hyderabad,India,,Y,1.374582149507376,2,222,YIrSES,Not Returned,WH2,Bad,False,False,False,True,True,12204,305.1572371906375,2440.8,54.72645739910314,0
1580,1461,Laptop,3080,2,2,Hyderabad,IND,,Y,3.0456868947051623,1,36,SAVE10,Not Returned,WH1,Good,True,False,False,True,True,6160,109.64472820938585,2053.3333333333335,166.48648648648648,0
2774,1836,Shoes,57238,1,2,Chennai,IND,,No,3.1425974622765667,2,83,YIrSES,Not Returned,WH1,Average,False,False,False,True,True,57238,260.835589368955,28619.0,681.4047619047619,0
4843,1375,Shoes,61994,1,2,Delhi,IND,,N,2.5740315004733203,2,35,YIrSES,Not Returned,WH2,Average,False,False,False,False,True,61994,90.09110251656621,30997.0,1722.0555555555557,0
3585,1645,Headphones,34057,3,2,Hyderabad,IND,,No,1.716125279736623,1,216,OFF20,Returned,WH3,Bad,False,True,False,True,False,102171,370.6830604231106,25542.75,470.8341013824885,0
3154,1825,Laptop,93900,3,3,Hyderabad,India,,No,3.9084642599639343,1,387,OFF20,Returned,WH3,Bad,False,True,False,False,True,281700,1512.5756686060427,70425.0,726.0309278350516,0
3445,1102,Shoes,85268,2,3,Mumbai,IN,,Y,2.902897727920947,1,355,OFF20,Returned,WH3,Bad,False,False,True,False,True,170536,1030.528693411936,56845.333333333336,479.03370786516854,0
2425,1020,Laptop,57685,3,1,Delhi,IN,2023-04-05,Yes,3.4172403843600425,1,50,OFF20,Returned,WH3,Bad,False,False,False,True,True,173055,170.86201921800213,43263.75,3393.235294117647,0
1087,1655,Shoes,14400,2,3,Hyderabad,IN,2023-04-05,Yes,1.1705797845769523,1,190,OFF20,Not Returned,WH3,Bad,False,False,True,False,True,28800,222.41015906962093,9600.0,150.78534031413614,0
4769,1185,Laptop,54070,1,1,Chennai,IND,,Yes,4.530599516441747,1,260,OFF20,Returned,WH3,Bad,False,False,False,False,True,54070,1177.955874274854,27035.0,207.1647509578544,0
2580,1015,Laptop,98194,4,0,Chennai,IND,,Yes,1.1306377737071216,0,128,YIrSES,Returned,WH3,Average,False,False,False,False,False,392776,144.72163503451156,78555.2,3044.7751937984494,0
3621,1555,Headphones,85022,2,2,Mumbai,IN,2023-04-05,No,1.5344141516755485,0,217,SAVE10,Returned,WH3,Bad,False,False,False,True,False,170044,332.967870913594,56681.333333333336,780.0183486238532,0
1960,1048,Headphones,66594,3,0,Hyderabad,India,2023-04-05,Y,3.960986190645901,2,141,YIrSES,Returned,WH2,Bad,True,False,False,False,False,199782,558.4990528810721,49945.5,1406.9154929577464,0
1497,1486,Shoes,58374,2,0,Hyderabad,India,,Y,2.9942482182186616,1,214,YIrSES,Returned,WH2,Bad,False,False,True,False,False,116748,640.7691186987936,38916.0,543.0139534883721,0
2149,1254,Headphones,23210,3,3,Delhi,India,,Yes,3.825260831074477,1,147,OFF20,Not Returned,WH1,Bad,False,False,True,False,False,69630,562.3133421679481,17407.5,470.47297297297297,0
1893,1580,Mobile,36168,1,3,Delhi,IN,,Y,3.8721508978974746,0,452,OFF20,Returned,WH3,Average,False,True,True,False,False,36168,1750.2122058496584,18084.0,79.84105960264901,0
4562,1583,Shoes,4298,4,0,Mumbai,IN,,Y,3.6794015532691566,2,388,SAVE10,Returned,WH3,Good,True,False,False,True,False,17192,1427.6078026684327,3438.4,44.195372750642676,0
4721,1088,Shoes,65973,1,1,Chennai,IN,,No,2.908152813629634,0,14,OFF20,Not Returned,WH3,Good,True,False,False,True,False,65973,40.71413939081488,32986.5,4398.2,0
2668,1051,Laptop,7463,3,3,Chennai,IN,,N,2.408438905301236,2,473,OFF20,Not Returned,WH3,Bad,False,True,False,False,True,22389,1139.1916022074847,5597.25,47.234177215189874,0
32,1817,Headphones,24684,3,1,Hyderabad,IN,,Y,4.553045907640208,2,455,OFF20,Not Returned,WH3,Bad,True,False,True,False,False,74052,2071.6358879762947,18513.0,162.39473684210526,0
673,1153,Mobile,37196,2,1,Chennai,IN,,No,1.7374761122841496,0,78,OFF20,Not Returned,WH2,Good,False,True,False,True,False,74392,135.52313675816367,24797.333333333332,941.6708860759494,0
2860,1611,Mobile,75131,1,0,Delhi,IN,,N,2.559324009428082,2,324,OFF20,Not Returned,WH1,Good,False,True,True,False,False,75131,829.2209790546985,37565.5,231.1723076923077,0
3847,1595,Dress,97841,2,2,Mumbai,India,,Yes,1.1869093382946692,2,354,OFF20,Returned,WH3,Good,False,False,False,True,False,195682,420.1659057563129,65227.333333333336,551.2169014084507,0
3241,1050,Shoes,87532,1,3,Hyderabad,India,,No,3.57264873656521,0,375,OFF20,Returned,WH2,Bad,False,False,False,True,True,87532,1339.7432762119538,43766.0,232.79787234042553,0
4090,1417,Headphones,22174,4,3,Chennai,India,,Y,1.8209331064210823,1,203,YIrSES,Returned,WH1,Bad,True,False,False,True,False,88696,369.6494206034797,17739.2,434.7843137254902,0
3452,1920,Headphones,85670,1,3,Hyderabad,IND,,Yes,2.9857353393059287,1,328,YIrSES,Not Returned,WH1,Average,True,False,False,True,False,85670,979.3211912923446,42835.0,260.3951367781155,0
2161,1207,Dress,33299,2,0,Chennai,IN,,Yes,2.2583373385899743,0,251,YIrSES,Not Returned,WH3,Bad,True,False,False,False,False,66598,566.8426719860836,22199.333333333332,264.27777777777777,0
992,1470,Mobile,25351,3,0,Chennai,India,2023-04-05,Y,2.146203158699804,2,459,SAVE10,Not Returned,WH3,Good,True,False,False,True,False,76053,985.10724984321,19013.25,165.33260869565217,0
599,1402,Headphones,25734,3,2,Delhi,India,2023-04-05,No,4.556983225160462,1,377,SAVE10,Not Returned,WH1,Average,True,False,True,False,False,77202,1717.982675885494,19300.5,204.23809523809524,0
3074,1781,Laptop,49850,1,2,Delhi,India,2023-04-05,N,3.511154213318829,2,216,YIrSES,Returned,WH2,Average,False,True,False,True,False,49850,758.4093100768671,24925.0,229.72350230414747,0
873,1631,Laptop,49592,1,2,Delhi,India,,Yes,2.565438767106207,2,123,SAVE10,Not Returned,WH2,Average,False,True,False,True,True,49592,315.54896835406345,24796.0,399.93548387096774,0
4653,1949,Laptop,71415,3,3,Chennai,IND,,No,4.4542742800414885,2,16,SAVE10,Not Returned,WH1,Good,False,True,False,True,False,214245,71.26838848066382,53561.25,12602.64705882353,-1
1861,1024,Laptop,3004,4,0,Chennai,India,,No,4.191947103314442,0,232,YIrSES,Not Returned,WH2,Average,True,False,False,True,True,12016,972.5317279689506,2403.2,51.57081545064378,0
1338,1796,Headphones,81965,1,2,Mumbai,India,,No,4.604611302433289,1,69,OFF20,Returned,WH2,Average,True,False,False,True,True,81965,317.71817986789694,40982.5,1170.9285714285713,0
452,1062,Headphones,61433,3,1,Mumbai,IND,,No,2.8701609993814734,1,341,OFF20,Returned,WH1,Good,False,True,False,True,False,184299,978.7249007890824,46074.75,538.8859649122807,0
2351,1301,Headphones,6297,4,0,Chennai,IN,,Yes,3.3359336083284115,2,169,OFF20,Not Returned,WH1,Good,False,True,True,False,False,25188,563.7727798075016,5037.6,148.16470588235293,0
2179,1297,Laptop,82128,4,3,Chennai,IN,2023-04-05,Y,3.857644258526138,1,184,YIrSES,Not Returned,WH1,Good,False,True,True,False,False,328512,709.8065435688094,65702.4,1775.7405405405405,0
3944,1661,Laptop,87262,4,0,Mumbai,India,2023-04-05,Y,3.260614863544453,1,1,YIrSES,Not Returned,WH1,Average,False,False,False,False,False,349048,3.260614863544453,69809.6,174524.0,-1
4097,1791,Laptop,99100,3,2,Mumbai,India,,Y,3.19006989720466,2,439,SAVE10,Not Returned,WH1,Good,False,False,False,True,False,297300,1400.4406848728458,74325.0,675.6818181818181,0
4029,1493,Laptop,85741,2,0,Chennai,India,,Y,2.823109636491751,0,16,YIrSES,Returned,WH1,Bad,False,True,False,True,True,171482,45.169754183868015,57160.666666666664,10087.176470588236,0
2365,1571,Headphones,72614,4,3,Chennai,IND,,No,2.675138536837744,0,214,YIrSES,Returned,WH1,Bad,True,False,False,False,True,290456,572.4796468832773,58091.2,1350.9581395348837,0
4880,1978,Shoes,80697,4,3,Mumbai,IND,,Y,1.0129481931777369,0,445,YIrSES,Returned,WH2,Average,False,True,False,True,True,322788,450.7619459640929,64557.6,723.7399103139013,0
1770,1579,Shoes,36812,2,1,Delhi,India,,Yes,1.8577736455989773,0,28,SAVE10,Returned,WH1,Average,False,True,False,True,True,73624,52.017662076771366,24541.333333333332,2538.7586206896553,0
2193,1669,Shoes,84784,4,0,Delhi,India,,Yes,3.863632223667485,1,4,OFF20,Returned,WH2,Average,True,False,True,False,True,339136,15.45452889466994,67827.2,67827.2,-1
4866,1735,Shoes,262,2,2,Chennai,IN,,Yes,4.778418885369618,0,311,YIrSES,Returned,WH3,Good,False,True,True,False,False,524,1486.0882733499511,174.66666666666666,1.6794871794871795,0
1154,1751,Mobile,80283,4,1,Hyderabad,IND,,Yes,1.2898964553838337,0,37,YIrSES,Not Returned,WH2,Good,False,False,False,False,False,321132,47.72616884920185,64226.4,8450.842105263158,0
1755,1460,Dress,47425,4,1,Chennai,IND,2023-04-05,No,2.609036009950405,0,82,YIrSES,Not Returned,WH3,Good,True,False,False,True,False,189700,213.94095281593323,37940.0,2285.5421686746986,0
3250,1215,Shoes,55618,4,1,Chennai,IND,2023-04-05,No,1.6627294252455598,0,164,YIrSES,Not Returned,WH3,Bad,False,True,True,False,True,222472,272.6876257402718,44494.4,1348.3151515151515,0
4634,1826,Shoes,68308,4,2,Hyderabad,IND,2023-04-05,Yes,3.1644161019480173,2,279,YIrSES,Not Returned,WH1,Bad,True,False,False,False,True,273232,882.8720924434969,54646.4,975.8285714285714,0
3670,1621,Laptop,43462,1,2,Hyderabad,IN,,Y,2.647787101750972,2,294,YIrSES,Returned,WH1,Bad,True,False,False,False,False,43462,778.4494079147859,21731.0,147.32881355932204,0
2761,1226,Laptop,83871,2,2,Chennai,IN,2023-04-05,Yes,3.048636590710369,0,124,OFF20,Returned,WH1,Average,False,True,True,False,True,167742,378.03093724808576,55914.0,1341.936,0
1363,1943,Headphones,91143,3,2,Chennai,IN,2023-04-05,No,4.766842210659148,0,183,YIrSES,Returned,WH1,Bad,False,True,False,False,True,273429,872.3321245506241,68357.25,1486.0271739130435,0
903,1775,Mobile,43311,3,1,Chennai,IN,,No,1.6720841215070363,2,154,YIrSES,Returned,WH1,Average,False,True,False,True,True,129933,257.50095471208357,32483.25,838.2774193548387,0
921,1873,Laptop,17473,3,1,Hyderabad,India,2023-04-05,No,4.447851785125772,2,494,YIrSES,Returned,WH3,Average,False,True,False,True,True,52419,2197.2387818521315,13104.75,105.89696969696969,0
2870,1118,Headphones,28789,1,3,Chennai,IN,,Yes,2.544328435819686,2,458,SAVE10,Returned,WH3,Good,False,True,True,False,True,28789,1165.3024236054162,14394.5,62.72113289760349,0
2295,1485,Dress,9885,2,3,Hyderabad,IN,2023-04-05,Y,2.2473646209795595,1,310,SAVE10,Not Returned,WH2,Good,False,True,False,False,True,19770,696.6830325036634,6590.0,63.569131832797424,0
415,1133,Headphones,34591,1,0,Chennai,IN,2023-04-05,No,3.785335177103578,1,210,SAVE10,Not Returned,WH3,Bad,True,False,True,False,True,34591,794.9203871917514,17295.5,163.9383886255924,0
2732,1312,Mobile,50178,3,0,Chennai,IN,,No,3.2033613083153334,2,155,OFF20,Not Returned,WH3,Good,True,False,False,True,True,150534,496.5210027888767,37633.5,964.9615384615385,0
4240,1492,Laptop,3872,3,1,Hyderabad,IND,,Y,4.991793032162157,2,404,SAVE10,Returned,WH1,Average,False,True,False,True,True,11616,2016.6843849935115,2904.0,28.68148148148148,0
1302,1420,Laptop,59937,2,2,Delhi,IND,,No,2.098561683236678,0,221,SAVE10,Returned,WH1,Average,False,True,True,False,True,119874,463.78213199530586,39958.0,539.972972972973,0
2637,1156,Laptop,36319,2,2,Delhi,IND,,No,4.69757588425397,2,143,SAVE10,Returned,WH1,Average,False,True,False,True,False,72638,671.7533514483177,24212.666666666668,504.43055555555554,0
3244,1464,Shoes,71649,3,3,Chennai,India,,Yes,3.594697411404191,0,279,SAVE10,Not Returned,WH3,Average,False,False,False,True,True,214947,1002.9205777817693,53736.75,767.6678571428571,0
1921,1793,Dress,85847,1,3,Hyderabad,India,2023-04-05,No,1.8258793912621856,2,269,YIrSES,Returned,WH1,Bad,False,False,False,True,True,85847,491.1615562495279,42923.5,317.95185185185187,0
2066,1036,Shoes,9233,4,0,Delhi,IND,2023-04-05,N,2.0270358435719142,1,357,SAVE10,Not Returned,WH1,Bad,False,False,False,True,False,36932,723.6517961551734,7386.4,103.16201117318435,0
3907,1140,Headphones,53592,1,3,Chennai,India,2023-04-05,Yes,1.4360233456632128,1,415,YIrSES,Not Returned,WH1,Bad,False,False,False,True,False,53592,595.9496884502333,26796.0,128.82692307692307,0
53,1630,Headphones,81934,3,2,Delhi,India,2023-04-05,No,4.641414330537905,0,324,YIrSES,Returned,WH3,Good,True,False,False,True,False,245802,1503.8182430942811,61450.5,756.3138461538462,0
4157,1624,Dress,67176,1,1,Chennai,India,,No,3.409494291895929,0,356,YIrSES,Not Returned,WH3,Good,False,True,False,True,True,67176,1213.7799679149507,33588.0,188.16806722689077,0
4868,1157,Laptop,35092,1,3,Chennai,IN,,N,1.417725787725491,2,399,YIrSES,Not Returned,WH2,Average,False,True,False,True,True,35092,565.6725893024709,17546.0,87.73,0
4975,1874,Dress,95503,4,3,Chennai,India,,Yes,3.7477100914337114,2,55,YIrSES,Returned,WH2,Average,False,True,False,True,True,382012,206.12405502885412,76402.4,6821.642857142857,0
2291,1787,Headphones,75885,4,3,Hyderabad,India,,No,3.890590370882983,1,490,SAVE10,Returned,WH2,Good,False,False,True,False,True,303540,1906.3892817326616,60708.0,618.2077393075357,0
3708,1191,Shoes,20169,3,3,Hyderabad,IND,2023-04-05,Y,2.116729526183448,1,171,SAVE10,Not Returned,WH1,Bad,False,False,False,True,True,60507,361.9607489773696,15126.75,351.7848837209302,0
1303,1201,Shoes,85401,3,1,Mumbai,IN,,No,1.1908623878740592,1,452,OFF20,Not Returned,WH3,Average,True,False,True,False,False,256203,538.2697993190748,64050.75,565.5695364238411,0
4292,1110,Dress,72296,3,3,Mumbai,India,2023-04-05,Yes,1.9538188262571765,1,25,SAVE10,Not Returned,WH3,Good,True,False,True,False,False,216888,48.84547065642941,54222.0,8341.846153846154,0
157,1409,Dress,24483,3,0,Hyderabad,IND,2023-04-05,No,1.524624659219901,1,66,SAVE10,Not Returned,WH2,Good,True,False,False,True,False,73449,100.62522750851348,18362.25,1096.2537313432836,0
3530,1562,Laptop,9719,3,1,Delhi,IND,,No,2.5759599150103005,2,400,YIrSES,Not Returned,WH2,Good,True,False,False,True,True,29157,1030.38396600412,7289.25,72.71072319201996,0
129,1014,Laptop,62102,3,0,Delhi,IND,2023-04-05,N,1.0674565196799208,0,152,OFF20,Returned,WH2,Good,True,False,False,True,False,186306,162.25339099134797,46576.5,1217.686274509804,0
1114,1955,Headphones,97256,4,0,Chennai,IN,,No,2.9154767228715786,0,413,OFF20,Not Returned,WH2,Good,True,False,False,True,False,389024,1204.0918865459619,77804.8,939.671497584541,0
1991,1941,Dress,65977,4,0,Mumbai,IN,,Yes,2.926943614375562,0,423,OFF20,Not Returned,WH3,Average,True,False,False,False,False,263908,1238.0971488808627,52781.6,622.4245283018868,0
4629,1048,Dress,36804,4,0,Mumbai,IN,,Yes,4.138429500084641,0,126,OFF20,Not Returned,WH2,Bad,True,False,False,False,False,147216,521.4421170106648,29443.2,1159.1811023622047,0
4628,1300,Mobile,81446,1,0,Hyderabad,India,,Yes,3.814778251875388,0,68,YIrSES,Not Returned,WH2,Average,True,False,False,False,False,81446,259.4049211275264,40723.0,1180.376811594203,0
1667,1352,Laptop,81751,3,0,Hyderabad,India,2023-04-05,N,2.539437512405713,1,418,SAVE10,Returned,WH2,Average,True,False,False,True,False,245253,1061.484880185588,61313.25,585.3293556085919,0
742,1060,Laptop,77954,4,3,Delhi,India,2023-04-05,N,3.929614319715394,1,424,SAVE10,Returned,WH2,Bad,False,False,False,True,False,311816,1666.1564715593272,62363.2,733.6847058823529,0
790,1127,Shoes,82605,3,3,Delhi,India,2023-04-05,N,3.51285982966614,1,25,OFF20,Returned,WH3,Bad,False,True,False,False,False,247815,87.8214957416535,61953.75,9531.346153846154,0
3653,1081,Mobile,96609,4,1,Hyderabad,IND,,Yes,1.287296517511117,0,447,OFF20,Not Returned,WH1,Average,False,True,True,False,True,386436,575.4215433274693,77287.2,862.5803571428571,0
3370,1611,Mobile,22748,3,2,Hyderabad,India,,No,3.987416476561016,0,354,SAVE10,Not Returned,WH1,Good,False,True,False,False,False,68244,1411.5454327025998,17061.0,192.23661971830987,0
3152,1866,Mobile,98631,3,1,Hyderabad,India,,Y,3.95032347479499,0,7,SAVE10,Not Returned,WH3,Good,True,False,True,False,False,295893,27.65226432356493,73973.25,36986.625,-1
2686,1308,Laptop,42776,4,2,Mumbai,India,,No,3.495799737484826,0,314,SAVE10,Not Returned,WH3,Good,False,False,True,False,False,171104,1097.6811175702353,34220.8,543.1873015873016,0
614,1493,Shoes,36621,4,0,Hyderabad,India,,Y,2.4334214058647348,1,278,YIrSES,Not Returned,WH2,Good,False,False,True,False,False,146484,676.4911508303962,29296.8,525.0322580645161,0
740,1726,Mobile,38099,1,2,Chennai,India,,Y,4.140470125070987,1,263,YIrSES,Not Returned,WH2,Average,True,False,True,False,True,38099,1088.9436428936697,19049.5,144.31439393939394,0
2834,1892,Mobile,3153,1,1,Hyderabad,IND,,Y,1.4230141801578116,1,409,YIrSES,Not Returned,WH1,Average,True,False,True,False,False,3153,582.0127996845449,1576.5,7.690243902439025,0
538,1404,Headphones,87409,1,0,Mumbai,IND,2023-04-05,No,4.485018196122874,1,370,OFF20,Returned,WH2,Good,False,False,False,False,False,87409,1659.4567325654632,43704.5,235.60377358490567,0
659,1000,Mobile,96103,1,3,Mumbai,IN,,No,3.5284768392754406,2,418,OFF20,Returned,WH2,Average,False,False,False,False,False,96103,1474.9033188171343,48051.5,229.36276849642005,0
2500,1973,Mobile,77413,3,3,Mumbai,IND,,N,3.744734804505383,2,455,OFF20,Returned,WH2,Average,False,False,False,False,False,232239,1703.8543360499493,58059.75,509.29605263157896,0
393,1790,Dress,92286,3,3,Mumbai,IN,2023-04-05,N,3.544226083858598,2,420,SAVE10,Not Returned,WH3,Good,True,False,False,True,True,276858,1488.5749552206112,69214.5,657.6199524940617,0
2203,1870,Dress,52496,3,3,Chennai,IN,,N,1.0954673168510365,0,310,SAVE10,Not Returned,WH1,Good,False,True,True,False,False,157488,339.5948682238213,39372.0,506.39228295819936,0
851,1213,Laptop,30893,4,3,Hyderabad,IN,,Yes,2.861634635548276,1,374,SAVE10,Not Returned,WH3,Good,False,False,True,False,True,123572,1070.251353695055,24714.4,329.5253333333333,0
3163,1162,Dress,12168,1,3,Mumbai,IN,,N,2.4021222464651046,1,410,YIrSES,Not Returned,WH3,Average,False,True,False,True,True,12168,984.8701210506929,6084.0,29.605839416058394,0
4232,1639,Dress,79740,4,3,Delhi,IN,,N,2.7497365230696724,0,269,OFF20,Returned,WH3,Good,False,True,False,True,False,318960,739.6791247057419,63792.0,1181.3333333333333,0
2853,1102,Mobile,29395,2,0,Delhi,IN,,N,3.1738888807067465,0,446,SAVE10,Not Returned,WH3,Bad,False,False,False,True,False,58790,1415.5544407952088,19596.666666666668,131.52125279642058,0
1644,1696,Dress,95302,2,0,Delhi,IN,,N,1.995278434523458,1,398,SAVE10,Not Returned,WH2,Good,False,True,False,True,False,190604,794.1208169403362,63534.666666666664,477.70426065162906,0
3463,1171,Headphones,42300,1,2,Delhi,IND,,Yes,4.607682076842227,2,421,SAVE10,Not Returned,WH2,Good,False,False,False,True,False,42300,1939.8341543505776,21150.0,100.23696682464455,0
221,1681,Shoes,93216,3,3,Delhi,IN,,N,3.5275830060544884,0,110,SAVE10,Not Returned,WH1,Good,False,False,True,False,False,279648,388.0341306659937,69912.0,2519.3513513513512,0
3400,1731,Headphones,68494,1,2,Mumbai,IN,,N,4.024991285565498,1,414,YIrSES,Returned,WH1,Average,False,False,False,True,True,68494,1666.3463922241162,34247.0,165.04578313253012,0
3282,1653,Mobile,79046,1,0,Mumbai,IN,,Y,3.0665990854476988,2,121,OFF20,Returned,WH1,Good,False,True,False,False,False,79046,371.05848933917156,39523.0,647.9180327868852,0
767,1605,Dress,75901,4,0,Delhi,IN,,No,2.288831757434346,0,156,SAVE10,Returned,WH2,Good,False,False,False,False,False,303604,357.05775415975796,60720.8,1933.783439490446,0
2644,1309,Dress,33774,1,1,Hyderabad,IN,,Y,3.1792283665474512,2,139,OFF20,Returned,WH2,Good,False,False,False,True,False,33774,441.9127429500957,16887.0,241.24285714285713,0
2677,1721,Headphones,86316,3,1,Hyderabad,IN,,No,4.0359278949170525,0,137,YIrSES,Returned,WH2,Good,False,False,True,False,False,258948,552.9221216036362,64737.0,1876.4347826086957,0
4740,1852,Headphones,50635,2,1,Hyderabad,IN,,Y,2.53621383215396,0,127,YIrSES,Returned,WH3,Good,False,True,True,False,False,101270,322.0991566835529,33756.666666666664,791.171875,0
649,1115,Laptop,39891,2,2,Chennai,IN,,Y,1.865383859074361,0,398,YIrSES,Returned,WH2,Good,False,False,True,False,False,79782,742.4227759115956,26594.0,199.95488721804512,0
2255,1158,Dress,77097,1,0,Mumbai,IN,,N,4.817278521117889,2,234,OFF20,Returned,WH2,Bad,False,True,False,False,True,77097,1127.243173941586,38548.5,328.07234042553193,0
2884,1891,Dress,64331,4,1,Delhi,India,2023-04-05,No,2.7695134686773204,1,275,SAVE10,Not Returned,WH3,Bad,True,False,False,False,True,257324,761.6162038862631,51464.8,932.3333333333334,0
167,1903,Shoes,82785,4,1,Hyderabad,IN,,Y,3.5550758192901406,2,277,YIrSES,Not Returned,WH3,Bad,True,False,False,False,True,331140,984.7560019433689,66228.0,1191.1510791366907,0
1526,1505,Dress,16150,3,1,Hyderabad,India,2023-04-05,Y,3.578720179216005,0,416,OFF20,Not Returned,WH3,Bad,False,True,False,False,True,48450,1488.747594553858,12112.5,116.18705035971223,0
1420,1198,Dress,19939,3,0,Mumbai,India,2023-04-05,Y,1.407722855916456,0,242,OFF20,Returned,WH1,Average,False,True,False,True,True,59817,340.66893113178236,14954.25,246.1604938271605,0
3205,1838,Shoes,67259,3,0,Hyderabad,India,2023-04-05,Y,1.0774109092750552,0,441,SAVE10,Returned,WH2,Average,False,True,True,False,False,201777,475.13821099029934,50444.25,456.50904977375563,0
1148,1333,Laptop,41015,3,0,Mumbai,India,,Y,3.931031057068432,1,455,SAVE10,Returned,WH3,Bad,False,False,True,False,False,123045,1788.6191309661367,30761.25,269.8355263157895,0
581,1450,Mobile,29955,4,3,Hyderabad,IND,,Y,4.042078986613696,2,452,OFF20,Returned,WH2,Bad,False,True,True,False,False,119820,1827.0197019493905,23964.0,264.50331125827813,0
427,1593,Dress,73674,4,1,Mumbai,IND,,No,2.4013782762458025,1,301,YIrSES,Returned,WH3,Average,True,False,True,False,True,294696,722.8148611499865,58939.2,975.8145695364238,0
2681,1465,Mobile,26196,3,1,Mumbai,IND,,N,2.1256334752259263,2,319,SAVE10,Returned,WH3,Bad,False,False,True,False,True,78588,678.0770785970705,19647.0,245.5875,0
3384,1683,Mobile,25782,2,1,Mumbai,IND,2023-04-05,N,1.434260194462531,2,327,SAVE10,Not Returned,WH2,Average,False,False,True,False,True,51564,469.00308358924764,17188.0,157.20731707317074,0
1472,1763,Laptop,9358,1,3,Delhi,IND,2023-04-05,N,2.2646145353266776,2,112,SAVE10,Not Returned,WH2,Bad,False,False,False,True,True,9358,253.6368279565879,4679.0,82.8141592920354,0
1274,1793,Shoes,44190,4,0,Hyderabad,IND,2023-04-05,Yes,3.3218804852825445,1,465,YIrSES,Not Returned,WH2,Good,False,False,False,False,False,176760,1544.6744256563832,35352.0,379.31330472103,0
1411,1577,Laptop,95902,4,2,Chennai,India,,Yes,1.3913549934918683,2,189,OFF20,Not Returned,WH3,Average,False,True,True,False,False,383608,262.9660937699631,76721.6,2018.9894736842105,0
4484,1935,Dress,35014,2,3,Chennai,India,2023-04-05,Yes,2.488148492122871,2,230,SAVE10,Returned,WH2,Bad,False,True,True,False,False,70028,572.2741531882604,23342.666666666668,303.1515151515151,0
718,1359,Headphones,71701,3,3,Hyderabad,IND,2023-04-05,No,1.6478338321751558,1,152,SAVE10,Returned,WH1,Good,True,False,True,False,False,215103,250.47074249062368,53775.75,1405.9019607843138,0
2723,1159,Laptop,67062,3,3,Hyderabad,IND,2023-04-05,Y,1.601688870169161,1,293,SAVE10,Returned,WH3,Average,False,True,True,False,True,201186,469.2948389595642,50296.5,684.3061224489796,0
2571,1117,Dress,62660,3,3,Hyderabad,IND,,Y,4.82450405652502,0,318,SAVE10,Not Returned,WH2,Average,False,True,True,False,True,187980,1534.1922899749566,46995.0,589.2789968652038,0
4002,1560,Mobile,2982,4,2,Hyderabad,IND,,Y,3.382556907606576,2,61,SAVE10,Not Returned,WH1,Average,False,True,True,False,True,11928,206.33597136400113,2385.6,192.38709677419354,0
4479,1510,Mobile,14532,1,2,Delhi,IN,,No,1.7602144682613543,2,199,OFF20,Returned,WH1,Average,False,True,False,True,False,14532,350.2826791840095,7266.0,72.66,0
2975,1444,Shoes,17665,1,0,Mumbai,India,,N,2.600414390530732,0,18,SAVE10,Returned,WH2,Average,False,True,False,True,False,17665,46.80745902955317,8832.5,929.7368421052631,0
406,1855,Headphones,73081,3,2,Mumbai,India,2023-04-05,N,2.891217386697848,1,57,YIrSES,Not Returned,WH2,Average,True,False,True,False,False,219243,164.79939104177734,54810.75,3780.051724137931,0
3819,1634,Dress,46833,1,3,Chennai,India,2023-04-05,N,3.5415086603136845,1,317,YIrSES,Not Returned,WH1,Average,True,False,False,True,False,46833,1122.658245319438,23416.5,147.27358490566039,0
2383,1470,Mobile,29753,3,1,Delhi,IND,2023-04-05,Y,4.837851255834686,1,84,YIrSES,Not Returned,WH3,Bad,True,False,False,True,False,89259,406.3795054901136,22314.75,1050.105882352941,0
1,1510,Dress,71712,4,1,Delhi,IND,2023-04-05,Y,1.2411068225821538,1,271,YIrSES,Not Returned,WH3,Bad,True,False,False,True,True,286848,336.3399489197637,57369.6,1054.5882352941176,0
3549,1140,Laptop,57063,4,1,Chennai,IND,2023-04-05,Y,3.5832995719957936,1,318,YIrSES,Not Returned,WH3,Good,True,False,False,True,True,228252,1139.4892638946624,45650.4,715.5235109717868,0
553,1008,Shoes,46530,1,3,Mumbai,India,2023-04-05,Y,4.148383664433484,1,208,YIrSES,Not Returned,WH1,Average,True,False,False,True,True,46530,862.8638022021647,23265.0,222.6315789473684,0
4443,1017,Headphones,83749,1,2,Delhi,India,2023-04-05,N,3.240244581334053,0,351,SAVE10,Not Returned,WH1,Average,True,False,False,True,True,83749,1137.3258480482525,41874.5,237.92329545454547,0
1408,1212,Headphones,38834,3,3,Hyderabad,India,,No,4.291013580543133,0,130,YIrSES,Not Returned,WH1,Good,True,False,False,False,True,116502,557.8317654706073,29125.5,889.3282442748092,0
2638,1796,Headphones,67563,3,2,Chennai,India,2023-04-05,Yes,1.73091664889977,0,475,YIrSES,Not Returned,WH3,Good,False,False,True,False,True,202689,822.1854082273908,50672.25,425.81722689075633,0
792,1632,Shoes,84600,1,2,Hyderabad,India,2023-04-05,Yes,2.724056750742267,1,156,OFF20,Not Returned,WH3,Good,False,False,False,False,False,84600,424.9528531157937,42300.0,538.8535031847134,0
2418,1831,Mobile,45608,2,1,Mumbai,India,2023-04-05,Yes,2.425443344250771,0,190,OFF20,Returned,WH2,Bad,False,False,False,False,False,91216,460.8342354076465,30405.333333333332,477.57068062827227,0
988,1575,Laptop,85008,3,2,Delhi,IN,,Yes,1.595205089995368,1,424,OFF20,Returned,WH2,Good,True,False,False,True,True,255024,676.366958158036,63756.0,600.0564705882352,0
268,1611,Mobile,73097,4,2,Chennai,India,,Y,4.775045308160925,1,198,YIrSES,Returned,WH1,Good,False,True,False,True,True,292388,945.4589710158631,58477.6,1469.286432160804,0
3515,1954,Mobile,60394,2,2,Chennai,IND,2023-04-05,No,2.9343410940725887,1,432,OFF20,Returned,WH3,Good,False,True,False,True,False,120788,1267.6353526393584,40262.666666666664,278.95612009237874,0
2018,1117,Mobile,21686,3,3,Chennai,IND,,N,4.343615754690326,0,229,OFF20,Returned,WH2,Average,False,False,True,False,True,65058,994.6880078240847,16264.5,282.8608695652174,0
252,1410,Laptop,59428,1,3,Chennai,IN,,Y,2.5146032844493447,1,75,SAVE10,Returned,WH2,Average,True,False,True,False,False,59428,188.59524633370086,29714.0,781.9473684210526,0
2694,1681,Headphones,36577,1,3,Chennai,IN,,No,2.8838271758549103,2,82,YIrSES,Returned,WH1,Bad,True,False,False,True,True,36577,236.47382842010265,18288.5,440.68674698795184,0
1293,1876,Headphones,11889,4,1,Mumbai,IND,,No,1.878810016482168,0,163,YIrSES,Not Returned,WH3,Bad,True,False,False,True,True,47556,306.24603268659337,9511.2,289.9756097560976,0
434,1012,Headphones,45666,4,1,Mumbai,IND,,N,1.5257478550286048,0,235,YIrSES,Not Returned,WH3,Bad,False,False,False,False,True,182664,358.55074593172213,36532.8,774.0,0
4825,1519,Headphones,18430,3,3,Mumbai,IND,,Y,1.4234984686404766,1,455,YIrSES,Returned,WH3,Good,False,True,True,False,True,55290,647.6918032314169,13822.5,121.25,0
2196,1877,Headphones,62207,2,1,Delhi,IND,,Y,3.382865187879585,0,132,SAVE10,Returned,WH3,Good,False,True,True,False,False,124414,446.53820480010523,41471.333333333336,935.4436090225564,0
4102,1896,Headphones,77235,1,1,Delhi,IND,,Yes,3.206789852205034,1,286,SAVE10,Not Returned,WH3,Good,False,True,False,False,False,77235,917.1418977306398,38617.5,269.11149825783974,0
1645,1676,Mobile,38040,4,0,Delhi,IN,,N,2.9338177456775845,0,134,YIrSES,Returned,WH3,Average,False,False,False,False,False,152160,393.1315779207963,30432.0,1127.111111111111,0
527,1016,Mobile,56947,1,0,Delhi,IN,,N,4.877311131487282,2,364,YIrSES,Returned,WH3,Good,False,False,False,True,False,56947,1775.3412518613707,28473.5,156.0191780821918,0
4444,1073,Mobile,58558,4,0,Chennai,IN,,N,4.235179666159841,2,481,YIrSES,Not Returned,WH3,Good,False,False,False,True,False,234232,2037.1214194228833,46846.4,485.9585062240664,0
3186,1303,Mobile,7218,3,0,Delhi,IND,,Yes,2.2722042015130604,2,124,YIrSES,Returned,WH2,Good,False,True,False,True,True,21654,281.7533209876195,5413.5,173.232,0
36,1340,Headphones,80359,2,2,Mumbai,IND,2023-04-05,Yes,1.308069800320569,0,385,YIrSES,Not Returned,WH3,Good,False,False,False,True,False,160718,503.6068731234191,53572.666666666664,416.36787564766837,0
3380,1475,Shoes,27049,3,2,Hyderabad,IND,,N,3.33924899644394,0,17,OFF20,Not Returned,WH3,Good,False,True,False,True,False,81147,56.76723293954698,20286.75,4508.166666666667,0
2515,1655,Laptop,94833,2,2,Hyderabad,IND,2023-04-05,N,3.7026983360109913,0,52,OFF20,Returned,WH1,Average,False,True,False,True,False,189666,192.54031347257154,63222.0,3578.603773584906,0
1841,1897,Headphones,33096,3,1,Hyderabad,IND,2023-04-05,No,1.8674034352607185,2,444,OFF20,Returned,WH3,Bad,False,True,False,True,False,99288,829.127125255759,24822.0,223.1191011235955,0
4852,1073,Laptop,87671,1,1,Chennai,IND,2023-04-05,Y,2.9524328617917,2,77,OFF20,Returned,WH1,Good,False,False,False,True,False,87671,227.33733035796092,43835.5,1123.9871794871794,0
1055,1091,Laptop,16688,1,2,Hyderabad,IN,2023-04-05,No,3.4397855835589106,1,446,OFF20,Returned,WH1,Good,False,False,True,False,True,16688,1534.144370267274,8344.0,37.333333333333336,0
892,1967,Shoes,23007,4,3,Delhi,IN,,Yes,3.951187692200236,2,364,OFF20,Not Returned,WH3,Good,False,False,True,False,False,92028,1438.232319960886,18405.6,252.13150684931506,0
3569,1794,Laptop,33672,3,3,Hyderabad,IN,,Yes,1.791751782084404,1,171,OFF20,Not Returned,WH1,Average,False,True,True,False,False,101016,306.38955473643307,25254.0,587.3023255813954,0
4009,1736,Laptop,18302,2,2,Hyderabad,IN,,Y,1.130167745456946,1,442,SAVE10,Not Returned,WH3,Bad,False,True,True,False,False,36604,499.53414349197016,12201.333333333334,82.627539503386,0
22,1224,Headphones,73936,4,0,Delhi,IN,,Yes,2.9076949764318747,1,11,SAVE10,Not Returned,WH3,Bad,False,False,False,False,True,295744,31.98464474075062,59148.8,24645.333333333332,-1
4784,1366,Headphones,85080,4,1,Delhi,IND,,N,2.914272900933136,2,274,OFF20,Not Returned,WH3,Bad,True,False,False,False,False,340320,798.5107748556793,68064.0,1237.5272727272727,0
1509,1501,Dress,52874,4,2,Chennai,IND,,Yes,3.6275414506057886,1,139,OFF20,Not Returned,WH2,Average,False,True,True,False,False,211496,504.2282616342046,42299.2,1510.6857142857143,0
4570,1183,Dress,38580,2,0,Delhi,India,,Yes,4.486185469615092,2,400,SAVE10,Not Returned,WH2,Good,False,True,False,False,True,77160,1794.4741878460366,25720.0,192.41895261845386,0
4995,1224,Dress,55367,3,3,Chennai,India,,N,1.8989200891039475,2,418,SAVE10,Not Returned,WH2,Average,False,True,False,False,True,166101,793.74859724545,41525.25,396.42243436754177,0
3038,1695,Shoes,3705,2,1,Chennai,IN,,No,2.298738339177451,2,126,SAVE10,Returned,WH1,Average,False,False,True,False,True,7410,289.64103073635886,2470.0,58.346456692913385,0
674,1126,Dress,91956,4,0,Chennai,IN,,N,4.774787334603874,2,319,YIrSES,Not Returned,WH2,Average,False,False,False,True,False,367824,1523.157159738636,73564.8,1149.45,0
1842,1124,Laptop,35763,2,0,Chennai,IN,2023-04-05,Y,2.9887294857508886,0,390,YIrSES,Not Returned,WH3,Average,False,False,False,False,False,71526,1165.6044994428466,23842.0,182.9309462915601,0
2707,1652,Laptop,46852,4,0,Mumbai,IN,2023-04-05,Y,1.9556707695796132,0,97,YIrSES,Not Returned,WH3,Bad,False,False,False,False,False,187408,189.70006464922247,37481.6,1912.3265306122448,0
4777,1295,Headphones,36410,2,3,Hyderabad,IND,,Yes,1.0895254201655789,0,206,SAVE10,Returned,WH2,Average,True,False,False,False,False,72820,224.44223655410923,24273.333333333332,351.78743961352654,0
88,1950,Mobile,63113,3,2,Hyderabad,IND,,Yes,4.13331803404979,0,47,SAVE10,Returned,WH2,Average,True,False,False,False,False,189339,194.26594760034013,47334.75,3944.5625,0
3018,1843,Laptop,53437,4,1,Hyderabad,IND,2023-04-05,Y,2.3088589245156066,0,81,OFF20,Returned,WH2,Average,False,False,False,True,False,213748,187.01757288576414,42749.6,2606.682926829268,0
1072,1032,Mobile,42694,1,3,Mumbai,IND,,Yes,2.280858306189934,2,72,OFF20,Returned,WH2,Good,False,False,False,False,True,42694,164.22179804567526,21347.0,584.8493150684932,0
3496,1526,Headphones,79049,4,3,Hyderabad,IN,2023-04-05,No,3.691920761547261,2,163,OFF20,Returned,WH2,Bad,False,False,True,False,False,316196,601.7830841322035,63239.2,1928.0243902439024,0
737,1094,Dress,94579,4,1,Mumbai,IN,,Yes,3.662140300661472,2,170,OFF20,Returned,WH2,Average,False,True,True,False,False,378316,622.5638511124503,75663.2,2212.374269005848,0
144,1099,Dress,56757,1,2,Mumbai,IN,,Yes,3.171262769291336,2,417,YIrSES,Returned,WH1,Average,False,True,False,True,True,56757,1322.4165747944871,28378.5,135.7822966507177,0
1859,1100,Laptop,26366,3,2,Mumbai,India,,Y,4.041808724999736,2,479,YIrSES,Returned,WH1,Average,False,True,False,True,True,79098,1936.0263792748738,19774.5,164.7875,0
1366,1139,Mobile,7086,1,0,Chennai,IN,,N,1.6114436256769076,1,262,YIrSES,Not Returned,WH2,Average,False,True,False,True,True,7086,422.19822992734976,3543.0,26.94296577946768,0
3266,1898,Dress,30592,3,1,Delhi,India,2023-04-05,Yes,3.549768829759548,2,127,YIrSES,Not Returned,WH1,Bad,True,False,False,True,True,91776,450.8206413794626,22944.0,717.0,0
2251,1644,Headphones,75878,2,3,Delhi,India,,Yes,3.383968522330689,2,404,YIrSES,Returned,WH3,Average,True,False,True,False,False,151756,1367.1232830215984,50585.333333333336,374.70617283950617,0
797,1137,Shoes,50197,3,3,Mumbai,IN,2023-04-05,N,2.6563430887769925,1,408,SAVE10,Not Returned,WH3,Average,True,False,False,True,True,150591,1083.787980221013,37647.75,368.19315403422985,0
862,1768,Shoes,27348,1,3,Hyderabad,IN,,N,1.8412790548254403,1,345,SAVE10,Not Returned,WH3,Good,False,False,False,True,True,27348,635.2412739147769,13674.0,79.04046242774567,0
2410,1996,Dress,18786,2,3,Chennai,IN,,Yes,3.006691272266476,1,340,OFF20,Not Returned,WH3,Bad,False,True,True,False,False,37572,1022.2750325706019,12524.0,110.18181818181819,0
2171,1886,Dress,72789,2,3,Mumbai,IN,,Yes,1.4271672772284902,2,474,OFF20,Returned,WH2,Bad,True,False,False,True,False,145578,676.4772894063044,48526.0,306.48,0
4482,1343,Shoes,28955,2,3,Delhi,India,,N,4.157750979527681,1,299,SAVE10,Not Returned,WH2,Good,False,False,True,False,True,57910,1243.1675428787767,19303.333333333332,193.03333333333333,0
518,1736,Laptop,98501,3,3,Mumbai,IND,,N,3.4712468864250963,1,300,OFF20,Not Returned,WH1,Good,False,False,False,True,True,295503,1041.3740659275288,73875.75,981.7375415282391,0
2297,1632,Laptop,79690,2,3,Hyderabad,IND,,N,4.1807680476876765,1,426,OFF20,Not Returned,WH1,Good,False,False,False,False,True,159380,1781.00718831495,53126.666666666664,373.25526932084307,0
1372,1004,Headphones,37198,4,1,Hyderabad,IND,,No,4.472540373358324,1,331,YIrSES,Not Returned,WH1,Good,False,False,True,False,True,148792,1480.4108635816053,29758.4,448.1686746987952,0
1942,1334,Mobile,50774,4,0,Chennai,IND,,N,1.083114771289662,1,254,YIrSES,Not Returned,WH2,Average,False,False,False,False,True,203096,275.11115190757414,40619.2,796.4549019607844,0
1629,1760,Headphones,72175,3,3,Delhi,IN,,Yes,3.924887444283103,1,373,SAVE10,Not Returned,WH1,Bad,True,False,False,False,True,216525,1463.9830167175976,54131.25,578.9438502673797,0
2250,1129,Headphones,98765,1,1,Hyderabad,India,,Yes,2.188262643352124,1,412,SAVE10,Not Returned,WH1,Bad,True,False,False,False,True,98765,901.5642090610751,49382.5,239.1404358353511,0
3234,1282,Headphones,79432,4,2,Delhi,IN,2023-04-05,Yes,4.759620144191598,0,82,SAVE10,Not Returned,WH2,Bad,True,False,False,True,False,317728,390.28885182371107,63545.6,3828.0481927710844,0
2386,1414,Mobile,81514,1,2,Delhi,IN,2023-04-05,Yes,3.100521900511174,0,289,SAVE10,Not Returned,WH3,Bad,True,False,False,True,True,81514,896.0508292477293,40757.0,281.0827586206897,0
4319,1428,Laptop,90899,2,2,Delhi,India,2023-04-05,N,4.708142479904559,2,449,YIrSES,Returned,WH1,Good,False,True,False,True,True,181798,2113.955973477147,60599.333333333336,403.99555555555554,0
3761,1331,Laptop,17806,2,0,Mumbai,India,,Yes,2.789836353790793,2,220,YIrSES,Returned,WH1,Bad,False,True,False,True,True,35612,613.7639978339745,11870.666666666666,161.14027149321268,0
1722,1281,Mobile,32776,2,3,Mumbai,IN,2023-04-05,No,2.4362297959057218,2,15,YIrSES,Returned,WH3,Good,False,True,False,True,False,65552,36.543446938585824,21850.666666666668,4097.0,0
2431,1114,Headphones,52652,1,3,Mumbai,India,,Yes,4.902371526756531,0,132,YIrSES,Returned,WH2,Average,False,True,False,True,False,52652,647.1130415318621,26326.0,395.8796992481203,0
4487,1564,Shoes,96764,2,3,Delhi,India,,No,4.012597336744399,0,185,OFF20,Returned,WH3,Average,False,False,False,True,False,193528,742.3305072977138,64509.333333333336,1040.47311827957,0
952,1551,Laptop,80740,2,3,Hyderabad,India,2023-04-05,No,2.194601277751099,2,392,OFF20,Not Returned,WH2,Bad,True,False,False,False,True,161480,860.2837008784309,53826.666666666664,410.89058524173026,0
1882,1909,Headphones,82131,4,3,Hyderabad,India,,No,4.99251442801513,2,24,OFF20,Returned,WH2,Bad,False,True,True,False,False,328524,119.82034627236311,65704.8,13140.96,-1
4213,1786,Headphones,80429,3,1,Hyderabad,IN,2023-04-05,No,1.2435329404646494,2,495,YIrSES,Not Returned,WH2,Bad,True,False,False,False,False,241287,615.5488055300015,60321.75,486.4657258064516,0
4381,1532,Mobile,9809,3,0,Mumbai,IN,,No,2.3100043935142924,2,211,OFF20,Not Returned,WH3,Bad,True,False,False,True,False,29427,487.4109270315157,7356.75,138.8066037735849,0
968,1924,Dress,73035,3,0,Mumbai,India,,No,2.2201611648590798,0,16,YIrSES,Not Returned,WH1,Bad,True,False,True,False,True,219105,35.522578637745276,54776.25,12888.529411764706,2
3844,1020,Shoes,73938,3,0,Delhi,IN,2023-04-05,Yes,3.704303734921061,0,301,OFF20,Not Returned,WH2,Bad,False,True,False,True,True,221814,1114.9954242112392,55453.5,734.4834437086092,0
47,1380,Shoes,80357,4,0,Mumbai,India,2023-04-05,No,4.205876777473572,0,277,OFF20,Not Returned,WH1,Good,False,True,False,True,True,321428,1165.0278673601795,64285.6,1156.2158273381294,0
2540,1578,Dress,3287,4,0,Mumbai,India,2023-04-05,No,3.090444728713741,0,231,OFF20,Not Returned,WH1,Bad,True,False,False,True,True,13148,713.8927323328742,2629.6,56.672413793103445,0
3652,1620,Dress,49127,1,0,Delhi,India,,N,1.7403315059741136,1,475,OFF20,Returned,WH1,Average,True,False,False,False,False,49127,826.6574653377039,24563.5,103.20798319327731,0
3061,1130,Dress,13617,3,3,Delhi,IN,,Yes,3.7730383605922553,0,228,OFF20,Returned,WH1,Good,True,False,False,False,False,40851,860.2527462150342,10212.75,178.3886462882096,0
1541,1523,Dress,8958,3,1,Delhi,India,,N,2.409683071746849,0,333,OFF20,Returned,WH1,Good,True,False,True,False,True,26874,802.4244628917007,6718.5,80.46107784431138,0
2256,1488,Headphones,15301,2,3,Mumbai,India,,N,3.916114264908837,0,152,YIrSES,Not Returned,WH1,Good,True,False,False,False,True,30602,595.2493682661432,10200.666666666666,200.01307189542484,0
100,1780,Mobile,55075,4,3,Hyderabad,India,2023-04-05,N,3.1744080089985225,0,390,OFF20,Not Returned,WH2,Good,True,False,False,True,True,220300,1238.0191235094237,44060.0,563.4271099744245,0
2100,1161,Laptop,6832,3,0,Hyderabad,IND,,N,2.545372992886793,0,371,OFF20,Returned,WH2,Average,True,False,False,True,True,20496,944.3333803610003,5124.0,55.096774193548384,0
1792,1597,Laptop,60588,2,2,Hyderabad,India,,N,3.2260112962967886,2,349,YIrSES,Returned,WH3,Average,False,False,False,True,True,121176,1125.8779424075792,40392.0,346.21714285714285,0
2181,1764,Laptop,98652,4,3,Delhi,IN,,Y,2.9847823998058414,1,133,OFF20,Not Returned,WH1,Bad,False,True,False,True,True,394608,396.9760591741769,78921.6,2944.8358208955224,0
3510,1683,Laptop,21366,2,1,Delhi,India,,N,3.227128992106245,2,141,SAVE10,Returned,WH1,Average,False,False,False,False,True,42732,455.0251878869806,14244.0,300.92957746478874,0
1295,1510,Dress,54869,4,2,Hyderabad,India,,No,1.3630889341239327,2,417,SAVE10,Returned,WH2,Average,False,True,False,True,True,219476,568.40808552968,43895.2,525.0622009569378,0
137,1806,Shoes,60069,4,3,Mumbai,India,,No,4.085835998757874,0,356,SAVE10,Returned,WH2,Good,False,False,True,False,False,240276,1454.5576155578033,48055.2,673.0420168067227,0
3466,1584,Dress,4811,1,1,Mumbai,IN,,No,1.531466671270043,2,237,OFF20,Returned,WH1,Good,False,False,False,True,True,4811,362.95760109100024,2405.5,20.214285714285715,0
2197,1980,Shoes,30071,1,3,Chennai,IND,,N,2.7951398113950088,2,329,SAVE10,Returned,WH2,Bad,False,True,True,False,True,30071,919.6009979489579,15035.5,91.12424242424242,0
4801,1652,Mobile,66336,3,3,Chennai,IN,,N,4.26036552251997,0,371,OFF20,Not Returned,WH2,Average,False,True,False,True,True,199008,1580.5956088549087,49752.0,534.9677419354839,0
170,1060,Mobile,12372,1,0,Chennai,IND,,N,3.100151732595852,0,20,SAVE10,Not Returned,WH1,Average,False,False,False,True,False,12372,62.003034651917034,6186.0,589.1428571428571,0
2711,1370,Headphones,96269,1,1,Delhi,IND,,Yes,2.651981673966552,0,50,SAVE10,Returned,WH1,Average,True,False,False,False,True,96269,132.5990836983276,48134.5,1887.6274509803923,0
499,1288,Headphones,14483,4,2,Hyderabad,IN,,Y,1.1258950231604157,1,88,SAVE10,Not Returned,WH3,Good,True,False,False,True,True,57932,99.07876203811658,11586.4,650.9213483146067,0
3705,1839,Dress,17951,3,1,Mumbai,IND,,Y,3.4609966588737437,0,438,SAVE10,Not Returned,WH3,Average,False,False,False,True,True,53853,1515.9165365866997,13463.25,122.67198177676538,0
2648,1821,Mobile,47989,1,3,Mumbai,IND,2023-04-05,No,3.666167766003648,1,58,SAVE10,Returned,WH3,Average,False,False,True,False,True,47989,212.63773042821157,23994.5,813.3728813559322,0
97,1980,Mobile,84445,3,3,Chennai,India,,No,2.7311497519435903,0,246,OFF20,Returned,WH3,Average,False,False,True,False,True,253335,671.8628389781232,63333.75,1025.6477732793521,0
745,1446,Headphones,34213,3,3,Chennai,India,,Yes,4.243491523175072,2,309,YIrSES,Returned,WH3,Good,False,True,True,False,False,102639,1311.2388806610973,25659.75,331.09354838709675,0
3460,1877,Headphones,49199,3,2,Delhi,India,,No,2.8053465417909216,2,225,YIrSES,Returned,WH2,Average,False,True,False,True,False,147597,631.2029719029573,36899.25,653.0840707964602,0
1536,1806,Shoes,77757,2,0,Hyderabad,India,2023-04-05,Y,2.3288749358558323,1,281,SAVE10,Returned,WH2,Bad,False,True,True,False,False,155514,654.4138569754889,51838.0,551.468085106383,0
2749,1931,Shoes,62884,4,0,Hyderabad,IND,2023-04-05,No,1.158995053887037,0,222,YIrSES,Returned,WH3,Good,True,False,False,False,False,251536,257.2969019629222,50307.2,1127.9641255605382,0
1749,1414,Dress,88412,3,1,Mumbai,IND,,Yes,4.886086795092267,1,147,SAVE10,Not Returned,WH3,Good,True,False,False,False,True,265236,718.2547588785633,66309.0,1792.1351351351352,0
1540,1794,Shoes,39986,2,1,Mumbai,IND,,Yes,3.07408287666738,0,276,YIrSES,Not Returned,WH3,Good,True,False,False,False,True,79972,848.4468739601969,26657.333333333332,288.70758122743683,0
2324,1602,Mobile,99811,1,0,Chennai,IN,,N,2.459765976651224,2,314,OFF20,Not Returned,WH3,Good,True,False,False,False,True,99811,772.3665166684843,49905.5,316.86031746031745,0
1348,1213,Mobile,58369,3,3,Chennai,IND,,N,3.683083044483612,1,450,YIrSES,Not Returned,WH1,Good,True,False,False,False,True,175107,1657.3873700176252,43776.75,388.2638580931264,0
687,1583,Laptop,45947,3,2,Delhi,IND,,N,1.367758195171236,2,37,YIrSES,Not Returned,WH1,Good,True,False,False,False,True,137841,50.60705322133573,34460.25,3627.3947368421054,0
4753,1818,Mobile,87546,4,1,Chennai,IN,2023-04-05,Y,4.948904341441165,2,134,OFF20,Returned,WH1,Good,False,True,False,False,True,350184,663.1531817531161,70036.8,2593.9555555555557,0
1300,1643,Mobile,92985,1,0,Delhi,IN,2023-04-05,Y,2.466733865978892,2,233,SAVE10,Returned,WH2,Good,True,False,False,False,False,92985,574.7489907730819,46492.5,397.37179487179486,0
4165,1006,Headphones,24774,3,2,Delhi,IN,2023-04-05,Y,2.7882830065507824,2,410,OFF20,Not Returned,WH1,Average,True,False,False,False,False,74322,1143.1960326858207,18580.5,180.83211678832117,0
4369,1834,Dress,9808,4,2,Delhi,IN,2023-04-05,No,2.181924253571004,2,138,SAVE10,Returned,WH2,Average,False,True,False,False,True,39232,301.10554699279857,7846.4,282.24460431654677,0
2776,1672,Mobile,71768,2,2,Delhi,India,2023-04-05,No,4.187350281582532,2,406,YIrSES,Returned,WH3,Average,False,False,False,False,True,143536,1700.064214322508,47845.333333333336,352.66830466830464,0
2611,1893,Headphones,17961,2,2,Chennai,IND,2023-04-05,N,2.2255943435080314,2,157,SAVE10,Returned,WH3,Good,False,False,False,False,True,35922,349.4183119307609,11974.0,227.35443037974684,0
3777,1784,Mobile,8403,4,0,Mumbai,IND,2023-04-05,No,1.523275094246643,1,477,SAVE10,Not Returned,WH2,Good,True,False,False,True,False,33612,726.6022199556487,6722.4,70.31799163179916,0
1010,1014,Laptop,13330,4,0,Hyderabad,IN,2023-04-05,No,2.739898169483041,1,50,SAVE10,Returned,WH1,Good,False,False,False,False,False,53320,136.99490847415206,10664.0,1045.4901960784314,0
2813,1962,Shoes,27490,3,2,Mumbai,IND,2023-04-05,N,4.937913031333106,1,34,SAVE10,Returned,WH2,Bad,False,False,False,False,False,82470,167.8890430653256,20617.5,2356.285714285714,0
4275,1914,Laptop,11703,2,0,Hyderabad,IND,2023-04-05,Yes,4.159405735598122,0,84,SAVE10,Returned,WH2,Bad,True,False,False,True,False,23406,349.3900817902423,7802.0,275.36470588235295,0
4373,1539,Laptop,88927,1,2,Hyderabad,IND,,Yes,4.690636531121353,0,411,SAVE10,Returned,WH3,Average,True,False,False,True,True,88927,1927.851614290876,44463.5,215.84223300970874,0
77,1582,Dress,81480,1,2,Mumbai,India,,No,4.158542595037774,2,165,OFF20,Returned,WH1,Good,False,False,True,False,False,81480,686.1595281812328,40740.0,490.8433734939759,0
173,1766,Headphones,79512,1,1,Delhi,IN,,N,1.3576689332641902,0,139,OFF20,Returned,WH1,Average,False,False,False,True,False,79512,188.71598172372245,39756.0,567.9428571428572,0
258,1634,Shoes,98253,4,1,Delhi,IND,,No,4.7173023048804845,2,136,YIrSES,Returned,WH1,Good,True,False,True,False,True,393012,641.553113463746,78602.4,2868.700729927007,0
3925,1955,Laptop,51240,1,1,Delhi,India,2023-04-05,Y,1.1979382436164596,0,148,SAVE10,Returned,WH1,Bad,False,False,True,False,False,51240,177.29486005523603,25620.0,343.89261744966444,0
3927,1255,Laptop,40797,4,1,Hyderabad,India,2023-04-05,Y,4.418934704268825,0,387,SAVE10,Returned,WH1,Good,False,True,True,False,True,163188,1710.1277305520352,32637.6,420.58762886597935,0
2144,1883,Laptop,96147,1,2,Hyderabad,IND,,No,4.852212661292482,0,90,SAVE10,Not Returned,WH1,Average,True,False,False,False,True,96147,436.6991395163234,48073.5,1056.5604395604396,0
2522,1134,Shoes,94766,3,3,Mumbai,IND,,No,1.1967255234013887,0,376,SAVE10,Returned,WH1,Bad,False,False,False,False,False,284298,449.96879679892214,71074.5,754.106100795756,0
3316,1971,Shoes,53123,3,3,Hyderabad,IN,,Yes,4.3575993604711645,0,389,OFF20,Not Returned,WH2,Good,True,False,True,False,True,159369,1695.106151223283,39842.25,408.6384615384615,0
4556,1139,Mobile,95140,3,1,Hyderabad,India,,Y,2.3115908397777027,0,222,OFF20,Not Returned,WH1,Average,True,False,False,True,True,285420,513.17316643065,71355.0,1279.9103139013453,0
2000,1660,Laptop,94805,2,2,Hyderabad,India,,Y,1.6150775314814003,1,403,SAVE10,Not Returned,WH3,Good,False,True,False,True,False,189610,650.8762451870043,63203.333333333336,469.33168316831683,0
3124,1857,Shoes,61147,2,1,Delhi,India,,Y,1.305596379676658,1,455,SAVE10,Returned,WH2,Good,False,False,False,True,False,122294,594.0463527528794,40764.666666666664,268.18859649122805,0
578,1703,Shoes,41148,3,1,Delhi,India,2023-04-05,Y,3.4518304310401944,2,33,OFF20,Not Returned,WH1,Good,False,False,False,False,False,123444,113.91040422432641,30861.0,3630.705882352941,0
3199,1429,Mobile,84314,1,3,Mumbai,IND,2023-04-05,Y,4.678932151958335,1,154,OFF20,Not Returned,WH2,Average,True,False,True,False,False,84314,720.5555514015837,42157.0,543.9612903225807,0
63,1576,Headphones,94960,1,0,Hyderabad,IND,2023-04-05,N,4.766307044275095,2,386,OFF20,Not Returned,WH2,Average,False,True,False,True,True,94960,1839.7945190901867,47480.0,245.37467700258398,0
4851,1239,Dress,86766,4,3,Chennai,IND,2023-04-05,Yes,3.155055710147034,0,214,SAVE10,Not Returned,WH2,Bad,False,True,False,True,True,347064,675.1819219714653,69412.8,1614.2511627906977,0
584,1467,Mobile,31032,1,1,Delhi,IN,2023-04-05,Yes,1.9278835444787463,0,145,OFF20,Not Returned,WH2,Good,False,True,False,False,False,31032,279.5431139494182,15516.0,212.54794520547946,0
887,1046,Mobile,45991,3,1,Delhi,India,,No,1.162912998695912,2,295,SAVE10,Returned,WH2,Bad,False,True,False,False,False,137973,343.059334615294,34493.25,466.125,0
4260,1113,Shoes,76409,2,3,Delhi,India,,No,3.4768238358544545,2,172,SAVE10,Returned,WH1,Good,False,True,False,False,True,152818,598.0136997669662,50939.333333333336,883.3410404624277,0
423,1477,Shoes,44166,3,2,Hyderabad,IND,,No,4.942693736053428,0,222,OFF20,Not Returned,WH3,Average,False,True,False,True,True,132498,1097.278009403861,33124.5,594.1614349775784,0
3087,1470,Laptop,19236,2,2,Delhi,IND,2023-04-05,No,2.077309387733052,0,494,SAVE10,Not Returned,WH3,Good,False,True,False,False,True,38472,1026.1908375401276,12824.0,77.72121212121212,0
3597,1267,Laptop,96790,3,1,Mumbai,IND,2023-04-05,Yes,4.811608195574324,0,185,SAVE10,Not Returned,WH2,Good,False,False,True,False,True,290370,890.14751618125,72592.5,1561.1290322580646,0
3344,1672,Laptop,2507,3,2,Chennai,IND,2023-04-05,N,2.643178293029932,0,41,OFF20,Not Returned,WH1,Bad,False,False,True,False,False,7521,108.37031001422721,1880.25,179.07142857142858,0
3544,1677,Mobile,50746,4,0,Delhi,India,2023-04-05,Y,2.433075546207574,0,1,SAVE10,Not Returned,WH3,Bad,False,False,True,False,False,202984,2.433075546207574,40596.8,101492.0,-1
4208,1668,Shoes,32458,4,3,Mumbai,India,2023-04-05,Y,2.1308712465297823,2,447,YIrSES,Not Returned,WH3,Good,False,False,True,False,True,129832,952.4994471988127,25966.4,289.80357142857144,0
807,1183,Shoes,86881,3,3,Hyderabad,India,,Yes,4.374568645715678,2,396,YIrSES,Returned,WH2,Bad,False,False,False,True,False,260643,1732.3291837034085,65160.75,656.5314861460957,0
4088,1983,Shoes,63426,3,1,Hyderabad,India,,Y,4.047640740262539,2,367,SAVE10,Not Returned,WH3,Good,False,True,False,False,False,190278,1485.4841516763518,47569.5,517.0597826086956,0
3550,1001,Dress,22267,2,0,Chennai,India,,Yes,4.652294880324502,1,118,YIrSES,Not Returned,WH2,Good,False,True,True,False,False,44534,548.9707958782911,14844.666666666666,374.2352941176471,0
2902,1598,Dress,11347,1,0,Chennai,IND,,Y,1.498366848415706,2,259,SAVE10,Returned,WH2,Bad,False,True,False,False,False,11347,388.07701373966785,5673.5,43.64230769230769,0
279,1325,Shoes,89557,1,2,Mumbai,IND,,No,3.9491912227826247,2,166,SAVE10,Returned,WH3,Average,True,False,False,False,True,89557,655.5657429819157,44778.5,536.2694610778443,0
3256,1675,Dress,29392,1,0,Mumbai,India,,Yes,2.641406336190361,1,142,SAVE10,Not Returned,WH3,Bad,True,False,False,True,True,29392,375.07969973903124,14696.0,205.53846153846155,0
183,1412,Dress,69451,1,0,Hyderabad,India,,Yes,4.667791250026313,0,321,OFF20,Not Returned,WH3,Average,True,False,False,True,True,69451,1498.3609912584463,34725.5,215.6863354037267,0
546,1256,Laptop,95974,4,1,Mumbai,IND,,Yes,1.7844187201914274,1,50,OFF20,Returned,WH3,Average,True,False,False,False,True,383896,89.22093600957137,76779.2,7527.3725490196075,0
1490,1592,Shoes,53728,1,3,Mumbai,IND,,Yes,2.7854888613955167,2,415,OFF20,Not Returned,WH3,Average,True,False,False,True,True,53728,1155.9778774791394,26864.0,129.15384615384616,0
3067,1643,Dress,61901,1,2,Mumbai,India,,Y,1.2872892365865949,2,130,OFF20,Not Returned,WH1,Average,True,False,True,False,False,61901,167.34760075625732,30950.5,472.5267175572519,0
1591,1274,Headphones,69088,2,3,Chennai,India,,Yes,3.037169891865086,2,203,SAVE10,Not Returned,WH1,Average,True,False,False,False,True,138176,616.5454880486125,46058.666666666664,677.3333333333334,0
2838,1639,Mobile,70289,1,2,Hyderabad,India,,No,1.7032746050193368,2,221,SAVE10,Not Returned,WH3,Bad,True,False,False,False,False,70289,376.42368770927345,35144.5,316.6171171171171,0
4799,1140,Shoes,96202,4,2,Delhi,India,,N,1.1027300213273064,1,107,SAVE10,Returned,WH3,Average,True,False,False,False,False,384808,117.99211228202178,76961.6,3563.037037037037,0
2087,1150,Shoes,22121,2,2,Mumbai,India,2023-04-05,N,2.880908305362849,0,96,SAVE10,Returned,WH2,Good,False,False,False,False,True,44242,276.5671973148335,14747.333333333334,456.10309278350513,0
3220,1965,Dress,775,4,2,Mumbai,India,2023-04-05,No,1.9495852927531367,0,356,YIrSES,Returned,WH3,Good,False,False,False,True,True,3100,694.0523642201167,620.0,8.683473389355742,0
2102,1249,Laptop,34969,3,2,Hyderabad,India,,No,1.6865814083362034,1,103,SAVE10,Not Returned,WH3,Average,False,True,False,False,False,104907,173.71788505862895,26226.75,1008.7211538461538,0
2885,1192,Laptop,71780,1,1,Hyderabad,IN,,No,4.395321044938461,1,34,OFF20,Not Returned,WH1,Average,True,False,False,False,True,71780,149.44091552790766,35890.0,2050.8571428571427,0
3593,1607,Dress,79118,1,0,Mumbai,IND,,N,4.796485096115957,2,448,OFF20,Not Returned,WH1,Average,True,False,False,True,True,79118,2148.8253230599485,39559.0,176.20935412026725,0
1160,1273,Shoes,60840,2,0,Chennai,IND,,Yes,4.988465157363532,0,166,OFF20,Returned,WH1,Average,False,True,False,True,True,121680,828.0852161223463,40560.0,728.622754491018,0
1905,1027,Shoes,79342,1,3,Hyderabad,India,,Y,4.6795830831162135,2,61,OFF20,Not Returned,WH3,Bad,False,True,False,False,True,79342,285.454568070089,39671.0,1279.7096774193549,0
506,1847,Shoes,61489,1,2,Mumbai,India,,N,3.4553733568889653,2,213,OFF20,Returned,WH3,Bad,False,True,False,True,False,61489,735.9945250173496,30744.5,287.3317757009346,0
2919,1198,Mobile,19574,2,2,Delhi,IND,,N,1.866880209801232,2,446,YIrSES,Returned,WH1,Good,False,False,False,True,True,39148,832.6285735713495,13049.333333333334,87.57941834451901,0
2519,1605,Dress,65137,1,1,Delhi,India,,Yes,3.1618445119657226,2,40,SAVE10,Returned,WH2,Good,False,False,False,True,True,65137,126.4737804786289,32568.5,1588.7073170731708,0
3690,1437,Dress,98433,4,0,Delhi,IN,2023-04-05,No,4.364145603279003,2,106,YIrSES,Not Returned,WH1,Good,True,False,False,True,True,393732,462.59943394757437,78746.4,3679.7383177570096,0
3182,1332,Dress,95113,1,2,Chennai,IN,,No,3.800764194677844,2,282,OFF20,Not Returned,WH1,Bad,False,False,True,False,True,95113,1071.815502899152,47556.5,336.0883392226148,0
1187,1205,Headphones,41086,1,2,Chennai,India,,Y,2.2583591774920198,0,96,OFF20,Not Returned,WH1,Bad,False,False,True,False,True,41086,216.8024810392339,20543.0,423.5670103092784,0
30,1208,Laptop,32806,2,2,Mumbai,IN,,N,2.9914019088834283,0,9,YIrSES,Not Returned,WH1,Good,False,False,True,False,False,65612,26.922617179950855,21870.666666666668,6561.2,0
3426,1433,Headphones,79148,3,3,Chennai,IN,,No,3.384091282061435,0,31,YIrSES,Not Returned,WH3,Average,True,False,False,False,True,237444,104.90682974390448,59361.0,7420.125,0
3167,1481,Dress,89918,4,2,Mumbai,IN,2023-04-05,Yes,3.22448765538368,2,113,YIrSES,Returned,WH2,Good,True,False,False,False,False,359672,364.36710505835583,71934.4,3155.0175438596493,0
3349,1562,Headphones,22237,4,3,Hyderabad,IN,,No,1.549312152283517,1,169,YIrSES,Not Returned,WH3,Bad,False,False,False,False,False,88948,261.83375373591434,17789.6,523.2235294117647,0
4018,1193,Dress,39277,2,3,Delhi,IN,2023-04-05,Y,3.840561122722792,0,494,SAVE10,Not Returned,WH3,Bad,False,True,True,False,True,78554,1897.2371946250594,26184.666666666668,158.6949494949495,0
3318,1689,Mobile,86942,3,1,Delhi,IN,,Y,4.05104931767714,2,445,SAVE10,Not Returned,WH1,Bad,False,True,False,False,False,260826,1802.7169463663272,65206.5,584.8116591928251,0
4627,1029,Mobile,67381,1,1,Chennai,India,2023-04-05,No,3.661681002933765,1,225,OFF20,Not Returned,WH1,Average,False,True,False,True,False,67381,823.8782256600971,33690.5,298.146017699115,0
3485,1151,Dress,9919,3,3,Chennai,India,,Yes,2.5343825316057287,1,183,OFF20,Not Returned,WH3,Good,False,True,True,False,True,29757,463.7920032838484,7439.25,161.72282608695653,0
1839,1084,Mobile,8817,4,1,Hyderabad,IND,,Yes,1.8364576368159704,0,415,SAVE10,Returned,WH1,Bad,True,False,False,True,False,35268,762.1299192786278,7053.6,84.77884615384616,0
4015,1382,Dress,62608,3,2,Chennai,India,,Yes,3.4411518685831544,0,407,YIrSES,Not Returned,WH2,Bad,False,False,False,True,True,187824,1400.5488105133438,46956.0,460.3529411764706,0
3019,1894,Headphones,87825,2,2,Mumbai,IN,2023-04-05,Yes,1.9869119899334016,2,346,SAVE10,Not Returned,WH2,Bad,False,False,True,False,False,175650,687.4715485169569,58550.0,506.19596541786746,0
4476,1018,Dress,87041,4,3,Delhi,India,,No,2.9164453998735835,1,48,OFF20,Returned,WH3,Bad,False,False,True,False,True,348164,139.989379193932,69632.8,7105.3877551020405,0
3592,1474,Shoes,61251,2,0,Mumbai,IN,2023-04-05,Yes,1.8349820453616263,1,1,OFF20,Returned,WH2,Average,False,True,True,False,True,122502,1.8349820453616263,40834.0,61251.0,-1
1713,1858,Laptop,87270,3,3,Mumbai,IN,,Yes,2.6340731628878413,1,415,SAVE10,Returned,WH2,Bad,True,False,False,True,False,261810,1093.1403625984542,65452.5,629.3509615384615,0
4056,1246,Shoes,73451,1,3,Mumbai,IND,,N,2.056902218639517,1,355,SAVE10,Not Returned,WH2,Bad,True,False,True,False,True,73451,730.2002876170286,36725.5,206.32303370786516,0
2629,1147,Mobile,6726,3,3,Mumbai,India,2023-04-05,Y,3.643747234250249,2,375,SAVE10,Returned,WH3,Bad,False,False,True,False,True,20178,1366.4052128438434,5044.5,53.66489361702128,0
2457,1850,Mobile,57565,3,2,Chennai,IN,2023-04-05,Yes,3.6009171943916205,0,83,SAVE10,Returned,WH2,Average,True,False,False,True,True,172695,298.8761271345045,43173.75,2055.8928571428573,0
2353,1833,Laptop,42582,2,0,Hyderabad,IN,,Yes,1.6982314961808402,2,79,YIrSES,Not Returned,WH3,Average,False,True,True,False,False,85164,134.16028819828637,28388.0,1064.55,0
4063,1953,Laptop,56655,1,0,Chennai,IN,,Yes,3.339551680341226,0,421,OFF20,Not Returned,WH3,Average,True,False,True,False,False,56655,1405.9512574236562,28327.5,134.25355450236967,0
3329,1639,Dress,57720,4,1,Delhi,India,2023-04-05,Yes,2.469526719420842,0,240,OFF20,Not Returned,WH2,Bad,False,False,False,True,False,230880,592.6864126610021,46176.0,958.0082987551867,0
993,1877,Shoes,2997,1,3,Mumbai,IND,,No,2.0406527582772465,1,279,YIrSES,Not Returned,WH3,Good,True,False,False,True,True,2997,569.3421195593518,1498.5,10.70357142857143,0
3109,1632,Headphones,52240,4,0,Hyderabad,IND,,Yes,3.787167928731428,1,355,SAVE10,Not Returned,WH2,Good,False,False,False,True,True,208960,1344.444614699657,41792.0,586.9662921348314,0
179,1998,Headphones,15243,3,0,Delhi,IND,,Yes,2.649685483745565,1,135,YIrSES,Returned,WH1,Average,False,True,True,False,True,45729,357.70754030565126,11432.25,336.24264705882354,0
4525,1960,Mobile,95908,4,3,Mumbai,IND,,Yes,3.2348675687642894,2,271,OFF20,Not Returned,WH3,Bad,False,True,False,True,True,383632,876.6491111351224,76726.4,1410.4117647058824,0
1538,1285,Dress,44368,1,3,Chennai,India,,Y,3.4189753608091014,2,163,OFF20,Not Returned,WH2,Bad,True,False,False,True,True,44368,557.2929838118836,22184.0,270.5365853658537,0
1483,1938,Laptop,43197,2,1,Delhi,IND,,No,3.2112856658472198,0,178,OFF20,Returned,WH2,Bad,True,False,True,False,True,86394,571.6088485208052,28798.0,482.6480446927374,0
1165,1736,Dress,79262,4,1,Mumbai,IN,2023-04-05,Y,2.6324558488542364,0,428,SAVE10,Returned,WH1,Bad,True,False,False,True,False,317048,1126.6911033096133,63409.6,739.039627039627,0
3751,1240,Dress,30867,4,3,Delhi,IN,,N,4.598743976569841,0,435,YIrSES,Returned,WH1,Bad,False,True,True,False,True,123468,2000.4536298078808,24693.6,283.1834862385321,0
2824,1187,Headphones,66947,1,1,Delhi,IN,,No,1.324942095946708,0,102,OFF20,Not Returned,WH2,Good,False,True,True,False,True,66947,135.1440937865642,33473.5,649.9708737864078,0
4078,1419,Shoes,27600,2,3,Mumbai,IND,2023-04-05,Yes,3.2703797635921714,0,36,OFF20,Returned,WH2,Good,False,False,False,True,False,55200,117.73367148931817,18400.0,1491.8918918918919,0
2376,1277,Mobile,76377,4,1,Mumbai,IND,,No,3.0608674255847848,2,474,OFF20,Not Returned,WH2,Good,False,True,False,False,False,305508,1450.851159727188,61101.6,643.1747368421053,0
2915,1963,Laptop,68556,2,2,Hyderabad,India,,N,4.310980829550802,2,447,YIrSES,Not Returned,WH1,Average,True,False,False,True,True,137112,1927.0084308092084,45704.0,306.05357142857144,0
4719,1645,Shoes,58178,2,2,Mumbai,IN,,Yes,1.8434790977464768,1,76,SAVE10,Returned,WH3,Bad,False,True,True,False,True,116356,140.10441142873225,38785.333333333336,1511.1168831168832,0
1413,1404,Dress,34499,4,0,Chennai,India,,Yes,3.614909700246715,1,464,SAVE10,Returned,WH3,Bad,True,False,True,False,True,137996,1677.318100914476,27599.2,296.76559139784945,0
1837,1321,Dress,3754,2,0,Chennai,India,2023-04-05,Y,1.724668857118294,2,138,SAVE10,Not Returned,WH3,Good,False,False,True,False,False,7508,238.00430228232457,2502.6666666666665,54.014388489208635,0
517,1070,Dress,3377,4,0,Chennai,IN,,Yes,1.97729160245144,1,337,SAVE10,Returned,WH3,Good,False,False,True,False,True,13508,666.3472700261352,2701.6,39.96449704142012,0
4488,1022,Mobile,54234,4,0,Chennai,IND,2023-04-05,Y,3.235207523192811,1,344,SAVE10,Returned,WH1,Bad,False,False,True,False,False,216936,1112.911387978327,43387.2,628.8,0
3621,1555,Headphones,85022,2,2,Mumbai,IN,2023-04-05,No,1.5344141516755485,1,217,SAVE10,Returned,WH1,Bad,False,False,False,True,False,170044,332.967870913594,56681.333333333336,780.0183486238532,0
1379,1337,Laptop,16717,1,1,Hyderabad,IN,2023-04-05,No,4.406659378182441,2,217,SAVE10,Returned,WH1,Bad,False,False,True,False,False,16717,956.2450850655897,8358.5,76.68348623853211,0
2999,1612,Laptop,20772,1,0,Hyderabad,IN,,No,2.794162171383682,0,145,SAVE10,Returned,WH2,Average,True,False,False,False,False,20772,405.1535148506339,10386.0,142.27397260273972,0
3664,1456,Shoes,22665,4,0,Hyderabad,IND,,Yes,4.786970105931288,0,442,YIrSES,Not Returned,WH2,Average,True,False,True,False,False,90660,2115.840786821629,18132.0,204.65011286681715,0
471,1224,Shoes,35366,1,3,Hyderabad,IND,2023-04-05,Yes,1.0956425886087997,0,406,OFF20,Not Returned,WH3,Good,False,False,False,False,False,35366,444.8308909751727,17683.0,86.8943488943489,0
1626,1503,Shoes,9578,4,3,Mumbai,IND,,Y,4.114518536729932,0,267,SAVE10,Returned,WH3,Good,False,False,False,True,True,38312,1098.5764493068918,7662.4,142.955223880597,0
714,1180,Dress,48582,1,1,Mumbai,IND,,Y,1.5344695529900862,0,211,SAVE10,Not Returned,WH3,Good,True,False,False,True,False,48582,323.7730756809082,24291.0,229.16037735849056,0
3254,1266,Laptop,85460,4,2,Chennai,IND,,Y,2.206536980041188,0,16,YIrSES,Not Returned,WH3,Bad,True,False,False,False,False,341840,35.30459168065901,68368.0,20108.235294117647,-1
2585,1254,Laptop,92440,2,2,Chennai,IND,2023-04-05,No,2.834361306405754,0,378,YIrSES,Not Returned,WH3,Bad,True,False,False,False,False,184880,1071.388573821375,61626.666666666664,487.81002638522426,0
980,1047,Mobile,10376,3,2,Delhi,India,2023-04-05,N,1.1945603598422263,1,108,YIrSES,Returned,WH2,Bad,False,False,True,False,True,31128,129.01251886296043,7782.0,285.57798165137615,0
1273,1436,Laptop,20258,1,1,Chennai,India,,Y,1.1320797251592758,1,255,YIrSES,Returned,WH2,Average,True,False,False,False,True,20258,288.68032991561535,10129.0,79.1328125,0
3899,1223,Dress,82877,2,1,Chennai,IN,2023-04-05,N,4.514063697771776,1,302,YIrSES,Returned,WH2,Bad,True,False,False,False,True,165754,1363.2472367270761,55251.333333333336,547.0429042904291,0
3843,1087,Shoes,44905,2,3,Chennai,IND,2023-04-05,No,3.1661618165078664,1,173,SAVE10,Not Returned,WH2,Bad,False,True,True,False,False,89810,547.7459942558609,29936.666666666668,516.1494252873563,0
3268,1261,Headphones,16117,3,3,Delhi,India,2023-04-05,No,2.8372490430304063,1,474,SAVE10,Returned,WH1,Bad,False,True,False,True,True,48351,1344.8560463964125,12087.75,101.79157894736842,0
2866,1768,Laptop,85658,2,0,Delhi,India,2023-04-05,No,4.248317585836214,2,74,OFF20,Not Returned,WH1,Good,False,True,False,False,False,171316,314.37550135187985,57105.333333333336,2284.213333333333,0
111,1945,Shoes,76807,2,0,Mumbai,IND,2023-04-05,Y,4.166257995487069,2,465,OFF20,Not Returned,WH1,Bad,True,False,False,True,False,153614,1937.309967901487,51204.666666666664,329.6437768240343,0
397,1330,Laptop,81019,4,2,Mumbai,IND,,Y,1.7611481978442334,2,329,OFF20,Not Returned,WH1,Good,True,False,False,False,False,324076,579.4177570907527,64815.2,982.0484848484848,0
711,1253,Shoes,47580,3,0,Hyderabad,India,,Y,1.956675204377186,2,135,SAVE10,Not Returned,WH1,Good,False,True,True,False,True,142740,264.1511525909201,35685.0,1049.5588235294117,0
2576,1551,Dress,78493,1,0,Delhi,India,,Y,2.7763982061260486,1,210,OFF20,Not Returned,WH1,Bad,False,True,False,True,False,78493,583.0436232864702,39246.5,372.0047393364929,0
3941,1861,Laptop,57451,3,0,Mumbai,India,,Y,4.508311402496673,1,132,OFF20,Not Returned,WH1,Average,False,True,False,True,False,172353,595.0971051295609,43088.25,1295.8872180451128,0
2271,1443,Dress,23220,1,3,Hyderabad,India,,No,3.266193570371748,1,264,OFF20,Not Returned,WH1,Average,False,False,False,False,True,23220,862.2751025781415,11610.0,87.62264150943396,0
4649,1417,Dress,59641,2,3,Mumbai,IN,2023-04-05,Y,3.9414332038071183,1,23,OFF20,Not Returned,WH1,Good,False,False,False,False,True,119282,90.65296368756373,39760.666666666664,4970.083333333333,0
3353,1339,Headphones,55111,3,0,Mumbai,India,,No,4.886583492816646,1,135,OFF20,Returned,WH1,Bad,False,True,False,True,False,165333,659.6887715302472,41333.25,1215.6838235294117,0
4553,1765,Laptop,17955,4,1,Delhi,IND,,Yes,2.087566413450653,0,478,OFF20,Returned,WH3,Average,False,False,False,True,False,71820,997.8567456294122,14364.0,149.937369519833,0
1173,1820,Laptop,88499,2,0,Chennai,India,2023-04-05,N,3.917566645310408,2,359,OFF20,Not Returned,WH3,Bad,False,False,True,False,False,176998,1406.4064256664365,58999.333333333336,491.6611111111111,0
413,1293,Laptop,43175,2,2,Delhi,India,2023-04-05,Yes,2.457211220471627,0,92,OFF20,Not Returned,WH3,Bad,False,False,True,False,True,86350,226.06343228338972,28783.333333333332,928.494623655914,0
2015,1944,Laptop,20166,2,2,Mumbai,India,2023-04-05,Yes,2.650236657565649,0,119,OFF20,Returned,WH3,Bad,False,False,False,False,False,40332,315.37816225031224,13444.0,336.1,0
458,1081,Shoes,35767,1,2,Mumbai,India,,No,2.129727167477192,2,253,SAVE10,Not Returned,WH1,Average,True,False,True,False,False,35767,538.8209733717296,17883.5,140.81496062992127,0
2133,1212,Shoes,18135,3,1,Mumbai,India,,Yes,3.230400771143075,2,301,SAVE10,Returned,WH1,Average,True,False,True,False,False,54405,972.3506321140657,13601.25,180.14900662251657,0
3909,1501,Dress,74603,2,1,Mumbai,IN,2023-04-05,Yes,4.471529487756982,0,366,SAVE10,Returned,WH2,Good,True,False,False,False,False,149206,1636.5797925190554,49735.333333333336,406.5558583106267,0
380,1106,Shoes,24570,2,1,Hyderabad,IN,2023-04-05,Yes,2.971631629465421,0,364,SAVE10,Returned,WH2,Good,True,False,True,False,False,49140,1081.6739131254133,16380.0,134.63013698630138,0
3571,1132,Headphones,40559,2,0,Chennai,IN,2023-04-05,Yes,4.139062145116766,0,142,SAVE10,Returned,WH3,Good,True,False,False,False,False,81118,587.7468246065807,27039.333333333332,567.2587412587412,0
3247,1505,Dress,77380,1,0,Hyderabad,IND,,Yes,3.818334643304049,0,194,OFF20,Returned,WH2,Good,True,False,False,False,True,77380,740.7569208009854,38690.0,396.8205128205128,0
31,1068,Mobile,8206,1,1,Hyderabad,IN,,Yes,3.175367933436335,1,315,SAVE10,Not Returned,WH1,Average,True,False,False,False,True,8206,1000.2408990324456,4103.0,25.968354430379748,0
474,1259,Shoes,11836,1,2,Mumbai,IN,,Y,2.5958945017080706,1,397,OFF20,Returned,WH1,Good,False,True,False,True,False,11836,1030.570117178104,5918.0,29.738693467336685,0
4828,1816,Headphones,39427,1,3,Mumbai,India,,Yes,1.6575691598714395,0,205,YIrSES,Not Returned,WH3,Bad,False,False,True,False,False,39427,339.8016777736451,19713.5,191.39320388349515,0
204,1222,Headphones,97829,3,3,Hyderabad,India,,No,1.6002417015258268,1,380,YIrSES,Not Returned,WH3,Average,True,False,False,False,True,293487,608.0918465798142,73371.75,770.3070866141733,0
1450,1799,Shoes,68671,4,2,Delhi,IND,,Yes,3.691218786376059,1,60,YIrSES,Not Returned,WH3,Average,False,False,True,False,True,274684,221.47312718256353,54936.8,4503.016393442623,0
1968,1473,Shoes,66383,3,1,Delhi,IND,,Y,3.143011889484072,1,434,SAVE10,Not Returned,WH2,Good,False,False,True,False,False,199149,1364.0671600360872,49787.25,457.8137931034483,0
1477,1292,Headphones,13227,3,1,Chennai,IND,,Y,1.347113710923277,0,438,SAVE10,Not Returned,WH2,Average,False,True,True,False,False,39681,590.0358053843953,9920.25,90.38952164009112,0
2298,1912,Headphones,2138,4,3,Hyderabad,India,2023-04-05,Y,1.2688685049890154,0,299,YIrSES,Returned,WH2,Bad,False,True,True,False,False,8552,379.3916829917156,1710.4,28.506666666666668,0
709,1809,Laptop,11366,4,3,Hyderabad,India,2023-04-05,Y,3.9388173530182167,2,217,OFF20,Returned,WH2,Average,False,True,False,False,False,45464,854.7233656049531,9092.8,208.55045871559633,0
3331,1331,Headphones,79938,2,0,Delhi,IN,,N,2.78346952998268,2,239,YIrSES,Not Returned,WH3,Average,False,False,False,False,True,159876,665.2492176658606,53292.0,666.15,0
1870,1608,Headphones,91799,2,0,Hyderabad,India,2023-04-05,No,2.85758077389766,1,243,YIrSES,Not Returned,WH2,Bad,False,False,True,False,True,183598,694.3921280571315,61199.333333333336,752.4508196721312,0
3495,1673,Dress,17220,2,3,Delhi,India,2023-04-05,No,1.3086250487564977,1,290,OFF20,Not Returned,WH2,Bad,True,False,True,False,True,34440,379.5012641393843,11480.0,118.35051546391753,0
3600,1660,Headphones,59142,3,3,Mumbai,IND,,No,2.3430340776599694,1,489,OFF20,Not Returned,WH2,Bad,True,False,False,False,True,177426,1145.743663975725,44356.5,362.0938775510204,0
4534,1581,Shoes,18158,2,0,Mumbai,IN,,Yes,1.6214980751648025,2,241,YIrSES,Not Returned,WH1,Good,False,False,True,False,True,36316,390.7810361147174,12105.333333333334,150.06611570247935,0
377,1423,Mobile,79013,3,3,Hyderabad,IN,2023-04-05,Yes,3.1114536776998394,2,337,SAVE10,Returned,WH2,Good,False,True,True,False,True,237039,1048.559889384846,59259.75,701.2988165680473,0
1673,1208,Shoes,15424,1,1,Chennai,IND,2023-04-05,Y,4.3376790269347225,2,432,SAVE10,Returned,WH1,Good,False,True,False,False,False,15424,1873.8773396358001,7712.0,35.621247113163975,0
2463,1782,Shoes,86135,3,1,Hyderabad,IND,2023-04-05,N,2.9717675037085414,2,241,SAVE10,Returned,WH2,Average,False,True,False,False,False,258405,716.1959683937584,64601.25,1067.7892561983472,0
233,1609,Laptop,59038,4,3,Chennai,IN,2023-04-05,Y,1.753360836883918,2,330,OFF20,Returned,WH2,Average,False,False,False,False,True,236152,578.6090761716929,47230.4,713.4501510574019,0
2437,1909,Mobile,32007,3,1,Delhi,IND,2023-04-05,No,2.806873714099277,2,212,OFF20,Returned,WH3,Bad,True,False,False,True,True,96021,595.0572273890467,24005.25,450.80281690140845,0
4774,1018,Laptop,56963,1,1,Mumbai,IN,,Y,1.2871296740877067,1,473,YIrSES,Returned,WH1,Bad,True,False,True,False,True,56963,608.8123358434852,28481.5,120.17510548523207,0
4299,1495,Laptop,20232,3,0,Mumbai,IND,,Y,4.969601690106028,1,109,YIrSES,Returned,WH2,Good,True,False,False,True,True,60696,541.686584221557,15174.0,551.7818181818182,0
1532,1367,Shoes,45325,4,3,Mumbai,IN,,Y,1.0117136585222828,1,435,SAVE10,Returned,WH1,Bad,True,False,False,True,True,181300,440.09544145719303,36260.0,415.8256880733945,0
4982,1809,Shoes,55921,4,0,Mumbai,India,,N,4.228955043038224,1,117,SAVE10,Returned,WH1,Bad,False,False,False,True,True,223684,494.78774003547215,44736.8,1895.6271186440679,0
3782,1411,Laptop,25649,3,3,Mumbai,IND,,N,4.658981827012019,1,317,SAVE10,Not Returned,WH1,Bad,False,True,True,False,True,76947,1476.89723916281,19236.75,241.97169811320754,0
3176,1512,Shoes,83401,3,2,Hyderabad,IN,2023-04-05,Y,4.470905070969825,1,12,SAVE10,Not Returned,WH1,Bad,False,False,False,False,True,250203,53.6508608516379,62550.75,19246.384615384617,-1
2241,1879,Dress,13086,2,3,Hyderabad,India,2023-04-05,Yes,2.5799725233643365,1,144,YIrSES,Returned,WH2,Bad,True,False,True,False,True,26172,371.51604336446445,8724.0,180.49655172413793,0
1751,1152,Shoes,91993,3,1,Mumbai,India,2023-04-05,Yes,3.895290041300999,1,405,OFF20,Returned,WH3,Bad,True,False,True,False,False,275979,1577.5924667269046,68994.75,679.7512315270936,0
1863,1174,Headphones,11361,3,3,Hyderabad,India,,Y,1.3776761887726434,2,379,OFF20,Not Returned,WH1,Average,True,False,False,False,False,34083,522.1392755448319,8520.75,89.6921052631579,0
9,1595,Headphones,49655,2,3,Delhi,India,,Y,2.2453708939250943,2,22,SAVE10,Not Returned,WH1,Bad,False,False,False,False,False,99310,49.39815966635207,33103.333333333336,4317.826086956522,0
3918,1287,Headphones,8028,1,0,Delhi,IND,2023-04-05,Yes,2.3618190737112306,0,341,SAVE10,Not Returned,WH1,Good,False,False,False,False,True,8028,805.3803041355296,4014.0,23.473684210526315,0
510,1846,Headphones,1896,4,0,Hyderabad,IND,2023-04-05,Yes,4.152747343281437,0,375,SAVE10,Not Returned,WH2,Average,False,True,False,False,False,7584,1557.2802537305388,1516.8,20.170212765957448,0
2881,1687,Headphones,19423,3,0,Hyderabad,IND,2023-04-05,N,2.786768328805369,0,435,SAVE10,Not Returned,WH2,Average,False,True,False,False,False,58269,1212.2442230303354,14567.25,133.64449541284404,0
1985,1956,Headphones,50745,3,0,Hyderabad,IND,2023-04-05,Yes,4.1059790747438685,0,233,SAVE10,Not Returned,WH2,Bad,False,False,False,True,False,152235,956.6931244153213,38058.75,650.5769230769231,0
757,1754,Shoes,78417,1,2,Chennai,IN,,Yes,1.647978667854992,2,191,YIrSES,Not Returned,WH2,Average,False,True,False,False,True,78417,314.76392556030345,39208.5,408.421875,0
1233,1151,Dress,59885,1,1,Mumbai,IN,,Yes,2.100684641147416,2,208,OFF20,Returned,WH2,Bad,False,True,False,False,True,59885,436.9424053586625,29942.5,286.5311004784689,0
4918,1039,Dress,40814,4,0,Delhi,India,,Y,2.5081343896149924,1,228,YIrSES,Returned,WH2,Bad,True,False,False,True,True,163256,571.8546408322183,32651.2,712.9082969432314,0
2907,1928,Dress,91420,4,0,Hyderabad,IND,,No,2.661139331413657,2,475,YIrSES,Returned,WH3,Good,True,False,True,False,True,365680,1264.041182421487,73136.0,768.2352941176471,0
2496,1372,Laptop,36447,4,0,Chennai,IN,2023-04-05,No,2.3143782501875805,2,328,YIrSES,Returned,WH1,Good,False,True,True,False,False,145788,759.1160660615265,29157.6,443.1246200607903,0
4688,1082,Mobile,93115,1,0,Chennai,India,2023-04-05,Y,1.129514926411574,2,423,YIrSES,Not Returned,WH1,Good,False,True,False,False,False,93115,477.7848138720958,46557.5,219.61084905660377,0
759,1702,Mobile,88220,4,2,Chennai,India,2023-04-05,Yes,3.437567071617413,1,263,YIrSES,Not Returned,WH1,Average,True,False,False,False,False,352880,904.0801398353796,70576.0,1336.6666666666667,0
3969,1203,Dress,53181,3,3,Delhi,India,2023-04-05,Y,3.6497017210777294,1,78,YIrSES,Returned,WH1,Bad,False,True,False,True,False,159543,284.6767342440629,39885.75,2019.5316455696202,0
1075,1590,Dress,10078,1,3,Delhi,India,,Y,4.290434389464227,1,438,YIrSES,Returned,WH3,Average,False,False,False,True,True,10078,1879.2102625853315,5039.0,22.956719817767652,0
557,1760,Shoes,12841,1,0,Hyderabad,India,,Yes,3.466932672548081,1,311,SAVE10,Not Returned,WH1,Good,True,False,False,True,False,12841,1078.2160611624533,6420.5,41.157051282051285,0
3972,1767,Headphones,19377,1,3,Chennai,IND,,N,3.723834889217613,1,77,SAVE10,Not Returned,WH3,Average,False,False,False,True,False,19377,286.7352864697562,9688.5,248.42307692307693,0
4079,1739,Mobile,25098,1,3,Chennai,India,,N,4.862409452373181,1,170,SAVE10,Returned,WH3,Average,True,False,False,False,False,25098,826.6096069034407,12549.0,146.7719298245614,0
1508,1398,Mobile,61433,2,3,Chennai,IN,,No,3.967631865009869,1,68,SAVE10,Returned,WH3,Bad,False,False,False,False,True,122866,269.79896682067107,40955.333333333336,1780.6666666666667,0
1791,1854,Headphones,85588,4,3,Mumbai,IN,,N,2.418214265276297,0,457,OFF20,Returned,WH3,Good,True,False,True,False,True,342352,1105.1239192312676,68470.4,747.4934497816594,0
4624,1453,Shoes,78515,3,3,Mumbai,IND,,N,3.177907658086192,1,155,SAVE10,Returned,WH3,Bad,True,False,False,True,True,235545,492.57568700335975,58886.25,1509.9038461538462,0
901,1340,Laptop,34097,2,3,Delhi,India,,N,1.017168114666431,0,14,SAVE10,Returned,WH3,Good,False,False,False,False,True,68194,14.240353605330036,22731.333333333332,4546.266666666666,0
2225,1017,Mobile,33422,3,3,Mumbai,IN,,No,4.682296067080186,2,154,YIrSES,Not Returned,WH3,Good,False,False,False,False,False,100266,721.0735943303487,25066.5,646.8774193548387,0
2165,1517,Dress,1039,3,3,Mumbai,IN,,Y,3.0669865806979737,0,308,SAVE10,Not Returned,WH2,Bad,False,True,True,False,False,3117,944.6318668549759,779.25,10.087378640776699,0
4496,1502,Laptop,99194,4,2,Mumbai,IN,,Y,4.691096896167437,0,138,SAVE10,Not Returned,WH2,Bad,True,False,False,False,True,396776,647.3713716711063,79355.2,2854.5035971223024,0
3267,1301,Shoes,82978,3,2,Hyderabad,IN,,Y,2.14567447182085,0,414,OFF20,Not Returned,WH2,Average,False,False,True,False,True,248934,888.3092313338319,62233.5,599.8409638554217,0
877,1770,Dress,56985,4,3,Chennai,IN,2023-04-05,N,3.3486247325699043,0,301,SAVE10,Not Returned,WH2,Bad,True,False,True,False,False,227940,1007.9360445035412,45588.0,754.7682119205298,0
702,1290,Dress,52749,2,2,Delhi,IN,,Yes,1.7580418602210717,0,258,SAVE10,Not Returned,WH3,Bad,True,False,False,True,False,105498,453.5747999370365,35166.0,407.3281853281853,0
4685,1786,Dress,11214,4,2,Delhi,IND,,N,2.1400868087960614,0,240,YIrSES,Not Returned,WH3,Average,False,True,False,True,False,44856,513.6208341110547,8971.2,186.12448132780082,0
3280,1039,Headphones,19453,3,0,Delhi,IND,2023-04-05,N,3.405039517209945,0,67,YIrSES,Not Returned,WH3,Good,False,True,False,True,False,58359,228.13764765306632,14589.75,858.2205882352941,0
508,1106,Shoes,63843,4,3,Delhi,India,2023-04-05,No,3.0887809034129687,0,453,SAVE10,Not Returned,WH1,Good,False,False,False,False,True,255372,1399.2177492460748,51074.4,562.4933920704846,0
1007,1323,Headphones,63008,1,2,Chennai,IN,,N,4.77454160443999,0,384,SAVE10,Returned,WH3,Good,False,True,False,True,False,63008,1833.4239761049562,31504.0,163.65714285714284,0
1283,1904,Laptop,20137,2,2,Delhi,IN,2023-04-05,Yes,2.8029596011589915,0,112,OFF20,Not Returned,WH1,Good,False,True,False,True,True,40274,313.93147532980703,13424.666666666666,356.4070796460177,0
1417,1102,Dress,73887,2,0,Hyderabad,IND,2023-04-05,Y,4.164278178179504,0,462,YIrSES,Not Returned,WH1,Good,False,False,True,False,True,147774,1923.896518318931,49258.0,319.16630669546436,0
165,1836,Headphones,52228,2,2,Hyderabad,IND,2023-04-05,Y,1.6416411530927624,1,32,SAVE10,Not Returned,WH2,Good,False,True,False,False,False,104456,52.532516898968396,34818.666666666664,3165.3333333333335,0
941,1284,Headphones,1351,4,3,Delhi,India,2023-04-05,Yes,4.239360543250832,1,450,OFF20,Not Returned,WH2,Average,False,True,True,False,False,5404,1907.7122444628747,1080.8,11.982261640798226,0
4737,1930,Mobile,52639,2,1,Chennai,India,2023-04-05,Y,4.266846546091134,2,299,OFF20,Not Returned,WH1,Average,False,True,True,False,False,105278,1275.787117281249,35092.666666666664,350.9266666666667,0
4742,1502,Shoes,59105,1,0,Mumbai,India,,Y,1.1212342635268016,0,43,YIrSES,Not Returned,WH3,Bad,False,True,False,True,False,59105,48.21307333165247,29552.5,1343.2954545454545,0
3971,1895,Laptop,28841,4,3,Delhi,IN,2023-04-05,Yes,1.3659020133366495,2,329,OFF20,Not Returned,WH2,Bad,False,True,False,True,False,115364,449.3817623877577,23072.8,349.58787878787876,0
1599,1895,Mobile,59238,1,0,Delhi,IND,2023-04-05,Y,1.700289352750445,2,393,OFF20,Not Returned,WH3,Average,False,False,True,False,False,59238,668.2137156309249,29619.0,150.3502538071066,0
1115,1799,Dress,51091,3,2,Hyderabad,IND,2023-04-05,No,2.698519890212054,1,456,OFF20,Not Returned,WH3,Bad,False,False,False,False,False,153273,1230.5250699366966,38318.25,335.3894967177243,0
2705,1578,Dress,41432,1,2,Chennai,IND,,No,4.607994915830581,1,213,OFF20,Not Returned,WH3,Good,True,False,False,True,False,41432,981.5029170719138,20716.0,193.60747663551402,0
4473,1378,Laptop,79235,4,0,Delhi,IND,,Y,2.1042002626809917,1,386,YIrSES,Not Returned,WH1,Bad,False,True,False,True,False,316940,812.2213013948628,63388.0,818.9664082687339,0
1955,1423,Laptop,86181,2,1,Mumbai,IND,,No,3.3262274367773017,2,86,OFF20,Not Returned,WH1,Good,True,False,True,False,False,172362,286.055559562848,57454.0,1981.1724137931035,0
2905,1082,Laptop,69444,3,2,Hyderabad,IN,,Y,2.859108395390276,2,247,OFF20,Returned,WH1,Average,True,False,False,True,False,208332,706.1997736613982,52083.0,840.0483870967741,0
4084,1429,Laptop,10887,1,3,Mumbai,IN,,Y,2.431654698548806,1,9,SAVE10,Returned,WH2,Good,True,False,False,True,True,10887,21.88489228693925,5443.5,1088.7,0
1020,1492,Dress,37880,3,3,Hyderabad,IND,2023-04-05,N,3.6682950370337375,1,259,SAVE10,Returned,WH2,Average,False,False,False,True,True,113640,950.088414591738,28410.0,437.0769230769231,0
4237,1126,Dress,35212,1,1,Delhi,India,2023-04-05,Y,4.793068655943127,1,295,SAVE10,Returned,WH2,Good,False,False,False,False,True,35212,1413.9552535032226,17606.0,118.95945945945945,0
4969,1377,Laptop,15035,2,0,Mumbai,IN,2023-04-05,Y,2.11988181602001,0,389,SAVE10,Returned,WH2,Good,False,False,False,True,True,30070,824.6340264317839,10023.333333333334,77.1025641025641,0
3518,1562,Dress,28731,1,2,Mumbai,India,,Yes,2.2041826989971183,0,333,SAVE10,Returned,WH3,Bad,True,False,False,True,True,28731,733.9928387660403,14365.5,86.02095808383234,0
794,1964,Shoes,96366,1,2,Chennai,IN,,Yes,1.2074647268242975,0,211,SAVE10,Returned,WH1,Average,True,False,False,False,True,96366,254.77505735992676,48183.0,454.5566037735849,0
1041,1087,Headphones,6463,3,2,Chennai,IN,2023-04-05,Yes,2.4179425514454307,1,409,YIrSES,Returned,WH1,Average,False,True,False,True,False,19389,988.9385035411811,4847.25,47.29024390243902,0
1860,1568,Headphones,44574,3,1,Chennai,IND,,Yes,1.1474286312869677,2,28,SAVE10,Returned,WH1,Average,False,True,True,False,False,133722,32.1280016760351,33430.5,4611.103448275862,0
4557,1406,Dress,70418,2,3,Hyderabad,IN,,No,1.3466646686808068,2,29,SAVE10,Not Returned,WH2,Average,True,False,True,False,False,140836,39.0532753917434,46945.333333333336,4694.533333333334,0
4943,1610,Headphones,49962,4,3,Hyderabad,IN,,No,3.141757014188256,1,402,SAVE10,Not Returned,WH2,Bad,True,False,False,True,True,199848,1262.9863197036789,39969.6,495.90074441687347,0
10,1106,Dress,66903,2,3,Hyderabad,IND,,Y,2.651752377235076,1,230,SAVE10,Not Returned,WH3,Average,True,False,False,True,False,133806,609.9030467640675,44602.0,579.2467532467532,0
2620,1288,Mobile,27719,4,1,Hyderabad,IN,2023-04-05,Y,2.638484717721384,2,88,YIrSES,Not Returned,WH2,Bad,False,False,False,True,False,110876,232.1866551594818,22175.2,1245.7977528089887,0
3469,1779,Mobile,11818,2,2,Hyderabad,IN,,No,3.5533834131062485,2,220,SAVE10,Not Returned,WH2,Good,True,False,True,False,False,23636,781.7443508833746,7878.666666666667,106.9502262443439,0
4321,1114,Headphones,14331,1,2,Delhi,IND,2023-04-05,N,2.7465676572185296,2,208,YIrSES,Returned,WH2,Bad,True,False,False,True,True,14331,571.2860727014541,7165.5,68.56937799043062,0
4466,1383,Dress,38532,3,1,Hyderabad,IN,2023-04-05,Yes,2.9853992812827275,2,24,YIrSES,Not Returned,WH3,Bad,False,False,False,True,True,115596,71.64958275078546,28899.0,4623.84,0
1679,1393,Shoes,50276,2,1,Delhi,IN,,Y,1.9089900478685164,2,303,SAVE10,Not Returned,WH2,Good,False,True,False,False,False,100552,578.4239845041604,33517.333333333336,330.7631578947368,0
3187,1401,Headphones,49917,1,2,Hyderabad,IN,,Y,2.674428853471873,2,468,SAVE10,Not Returned,WH2,Average,False,True,False,False,False,49917,1251.6327034248366,24958.5,106.43283582089552,0
4542,1502,Laptop,93635,1,3,Mumbai,India,,N,4.695336277882799,2,15,SAVE10,Not Returned,WH3,Good,False,True,False,True,False,93635,70.43004416824198,46817.5,5852.1875,0
1067,1469,Shoes,50126,3,3,Chennai,India,,N,4.6288195192531765,1,449,SAVE10,Not Returned,WH2,Good,True,False,False,False,True,150378,2078.3399641446763,37594.5,334.17333333333335,0
565,1125,Laptop,19407,2,3,Delhi,India,2023-04-05,Yes,2.8550830627103223,1,243,YIrSES,Not Returned,WH1,Good,False,True,False,False,False,38814,693.7851842386083,12938.0,159.0737704918033,0
1458,1872,Laptop,10075,3,3,Delhi,India,2023-04-05,Y,2.710649754338961,0,123,YIrSES,Returned,WH1,Average,True,False,False,False,True,30225,333.4099197836922,7556.25,243.75,0
920,1866,Headphones,38514,4,3,Delhi,IND,,N,1.0633332422548962,1,192,YIrSES,Not Returned,WH1,Good,False,True,True,False,True,154056,204.15998251294008,30811.2,798.2176165803108,0
724,1916,Laptop,726,3,1,Delhi,IND,,No,4.2951497039974775,1,84,SAVE10,Not Returned,WH2,Average,False,True,False,True,True,2178,360.7925751357881,544.5,25.623529411764707,0
4518,1539,Mobile,75573,3,1,Mumbai,IN,,Yes,2.857396926601783,2,365,SAVE10,Returned,WH1,Average,False,True,True,False,True,226719,1042.9498782096507,56679.75,619.4508196721312,0
3181,1346,Shoes,69340,2,1,Mumbai,IN,2023-04-05,Yes,2.43638039257708,1,493,SAVE10,Returned,WH3,Bad,False,True,True,False,False,138680,1201.1355335405003,46226.666666666664,280.7287449392713,0
1316,1659,Headphones,33912,2,1,Mumbai,IND,2023-04-05,Yes,4.02310185422835,1,242,OFF20,Returned,WH2,Bad,False,True,True,False,True,67824,973.5906487232606,22608.0,279.1111111111111,0
460,1222,Mobile,57502,4,1,Mumbai,IN,2023-04-05,N,4.379641724438844,2,81,OFF20,Returned,WH1,Good,True,False,True,False,True,230008,354.7509796795464,46001.6,2804.9756097560976,0
3255,1955,Dress,72300,3,1,Mumbai,IN,,N,3.618152874523689,1,368,YIrSES,Returned,WH1,Average,True,False,False,True,False,216900,1331.4802578247175,54225.0,587.8048780487804,0
1210,1100,Mobile,14445,4,2,Chennai,IND,,No,1.5825872461527624,0,195,OFF20,Returned,WH3,Average,False,False,False,True,False,57780,308.60451299978865,11556.0,294.7959183673469,0
3667,1759,Headphones,30365,3,2,Hyderabad,IN,,Yes,4.400718521602684,1,117,SAVE10,Returned,WH2,Bad,False,False,False,False,False,91095,514.884067027514,22773.75,771.9915254237288,0
918,1690,Headphones,52537,1,3,Mumbai,IN,,No,1.0096571926389504,0,19,YIrSES,Returned,WH2,Average,False,False,False,True,True,52537,19.18348666014006,26268.5,2626.85,0
3334,1339,Shoes,67420,3,3,Mumbai,India,,No,4.915291940987879,1,109,OFF20,Returned,WH2,Good,False,True,False,True,True,202260,535.7668215676788,50565.0,1838.7272727272727,0
3326,1622,Shoes,61783,2,3,Delhi,IND,,N,1.4287523284523318,0,151,OFF20,Not Returned,WH3,Bad,False,False,False,True,True,123566,215.7416015963021,41188.666666666664,812.9342105263158,0
4209,1667,Headphones,90261,1,1,Hyderabad,IND,2023-04-05,N,1.365108961364509,0,470,SAVE10,Not Returned,WH3,Average,True,False,False,True,False,90261,641.6012118413192,45130.5,191.63694267515925,0
343,1995,Headphones,68783,3,0,Chennai,IND,,Y,4.813139179346264,2,8,SAVE10,Not Returned,WH2,Average,False,True,False,False,False,206349,38.50511343477011,51587.25,22927.666666666668,-1
3207,1977,Dress,48999,3,0,Mumbai,IN,,Yes,1.1077139232196531,1,63,YIrSES,Not Returned,WH3,Good,False,False,False,True,False,146997,69.78597716283815,36749.25,2296.828125,0
3276,1897,Mobile,23733,4,0,Delhi,India,2023-04-05,Yes,2.035426088147261,1,435,OFF20,Not Returned,WH2,Average,False,True,False,True,False,94932,885.4103483440584,18986.4,217.73394495412845,0
3296,1004,Shoes,15896,2,0,Chennai,IND,2023-04-05,N,1.5650649582678238,1,63,OFF20,Not Returned,WH2,Average,False,True,False,False,False,31792,98.5990923708729,10597.333333333334,496.75,0
2477,1006,Shoes,23982,3,3,Chennai,IND,,N,2.709175884262508,0,307,OFF20,Not Returned,WH2,Bad,True,False,True,False,False,71946,831.71699646859,17986.5,233.5909090909091,0
2453,1561,Mobile,55021,4,1,Mumbai,IN,,N,4.290578361916763,1,292,YIrSES,Not Returned,WH2,Average,False,False,False,True,False,220084,1252.8488816796948,44016.8,751.1399317406143,0
3570,1986,Dress,66932,1,2,Hyderabad,India,,No,3.2615384724273766,0,281,YIrSES,Not Returned,WH2,Average,False,False,False,True,False,66932,916.4923107520929,33466.0,237.34751773049646,0
3056,1326,Dress,37400,1,2,Delhi,India,,No,1.364661698559373,0,370,YIrSES,Returned,WH1,Average,False,False,True,False,False,37400,504.924828466968,18700.0,100.80862533692722,0
1637,1721,Dress,32776,1,2,Hyderabad,India,,Yes,3.7565356062454622,0,197,OFF20,Returned,WH1,Average,True,False,False,False,False,32776,740.037514430356,16388.0,165.53535353535352,0
4847,1403,Shoes,22075,2,2,Chennai,IN,,No,3.2720965949492005,2,197,OFF20,Not Returned,WH1,Average,False,False,True,False,False,44150,644.6030292049925,14716.666666666666,222.97979797979798,0
3127,1474,Dress,77111,1,2,Chennai,IN,,No,2.4980226170965687,2,375,YIrSES,Returned,WH3,Good,True,False,True,False,False,77111,936.7584814112132,38555.5,205.08244680851064,0
1651,1646,Shoes,73392,3,0,Chennai,IND,,N,1.0650105455121586,2,197,YIrSES,Not Returned,WH3,Good,True,False,False,False,False,220176,209.80707746589525,55044.0,1112.0,0
2228,1302,Laptop,84311,4,2,Mumbai,India,,No,2.550800534519186,0,414,OFF20,Not Returned,WH2,Good,True,False,False,False,False,337244,1056.031421290943,67448.8,812.6361445783133,0
3108,1678,Mobile,72536,1,2,Chennai,IND,2023-04-05,Yes,3.187341456073621,2,50,OFF20,Not Returned,WH3,Good,False,False,False,False,False,72536,159.36707280368105,36268.0,1422.2745098039215,0
1385,1313,Mobile,82187,3,2,Chennai,IND,,Yes,4.583245366608096,1,207,OFF20,Returned,WH2,Bad,True,False,False,True,False,246561,948.7317908878758,61640.25,1185.389423076923,0
275,1983,Laptop,5252,4,2,Delhi,IND,,Yes,4.98122899376996,1,345,SAVE10,Returned,WH3,Bad,False,True,False,True,False,21008,1718.5240028506364,4201.6,60.716763005780344,0
298,1771,Laptop,52785,1,0,Delhi,IN,,Yes,2.1428306042710483,0,138,SAVE10,Not Returned,WH2,Good,False,False,False,False,False,52785,295.71062338940465,26392.5,379.7482014388489,0
596,1509,Mobile,82439,2,3,Hyderabad,IND,,N,1.9890639542453137,0,241,SAVE10,Not Returned,WH2,Good,False,False,False,True,True,164878,479.3644129731206,54959.333333333336,681.3140495867768,0
2176,1570,Shoes,83212,4,0,Mumbai,India,,N,3.2745777630177315,1,407,OFF20,Returned,WH1,Good,False,False,False,True,False,332848,1332.7531495482167,66569.6,815.8039215686274,0
1557,1981,Dress,29978,2,0,Mumbai,India,,N,1.8844696417531288,2,433,OFF20,Returned,WH2,Bad,False,True,False,False,True,59956,815.9753548791048,19985.333333333332,138.14746543778801,0
3374,1920,Shoes,46633,3,1,Delhi,IN,,N,3.370615069542891,0,432,YIrSES,Not Returned,WH2,Good,False,True,False,False,True,139899,1456.105710042529,34974.75,323.0923787528868,0
1692,1078,Dress,43114,4,3,Delhi,IN,,N,4.222457553930767,0,238,YIrSES,Returned,WH2,Good,False,True,False,True,False,172456,1004.9448978355226,34491.2,721.5732217573221,0
4530,1813,Laptop,53732,3,3,Hyderabad,IND,,No,4.491726061297108,1,199,YIrSES,Not Returned,WH2,Good,True,False,False,False,True,161196,893.8534861981244,40299.0,805.98,0
2306,1470,Laptop,1582,2,2,Hyderabad,IND,,No,1.2135255674519985,0,319,YIrSES,Returned,WH2,Bad,True,False,False,False,True,3164,387.1146560171875,1054.6666666666667,9.8875,0
4725,1861,Headphones,9613,3,1,Chennai,IN,,No,3.2919368978717767,0,400,YIrSES,Returned,WH2,Bad,False,False,False,False,False,28839,1316.7747591487107,7209.75,71.91770573566085,0
922,1284,Mobile,96587,2,3,Mumbai,India,,No,2.575847236810451,0,446,SAVE10,Returned,WH2,Bad,True,False,False,False,False,193174,1148.8278676174612,64391.333333333336,432.1565995525727,0
3178,1579,Dress,77394,4,2,Hyderabad,IND,,No,4.973877650417685,0,129,YIrSES,Returned,WH2,Bad,True,False,True,False,False,309576,641.6302169038813,61915.2,2381.353846153846,0
1092,1697,Dress,76293,4,1,Mumbai,IN,,No,3.377534550831828,0,89,YIrSES,Not Returned,WH3,Good,False,False,True,False,False,305172,300.6005750240327,61034.4,3390.8,0
1914,1579,Laptop,22142,1,0,Chennai,IN,2023-04-05,Y,4.252833797793809,0,322,SAVE10,Returned,WH1,Average,False,True,False,False,True,22142,1369.4124828896063,11071.0,68.55108359133126,0
3606,1913,Dress,41258,1,0,Chennai,IN,,Yes,4.227631844940467,0,241,SAVE10,Returned,WH1,Average,False,True,False,True,False,41258,1018.8592746306524,20629.0,170.48760330578511,0
110,1987,Shoes,10824,4,0,Chennai,IND,,N,1.290410522521909,1,248,YIrSES,Returned,WH2,Bad,False,True,False,False,False,43296,320.0218095854334,8659.2,173.87951807228916,0
1177,1739,Shoes,99981,2,3,Delhi,IND,2023-04-05,No,1.5051981265909178,1,251,YIrSES,Returned,WH3,Bad,False,False,True,False,True,199962,377.8047297743204,66654.0,793.5,0
2310,1093,Mobile,30103,2,0,Delhi,IND,2023-04-05,Y,1.101323886471287,0,438,YIrSES,Returned,WH3,Bad,False,False,True,False,True,60206,482.3798622744238,20068.666666666668,137.14350797266516,0
4243,1331,Headphones,15883,1,0,Delhi,IN,2023-04-05,N,3.083967662216213,1,26,YIrSES,Returned,WH1,Average,True,False,False,True,False,15883,80.18315921762154,7941.5,588.2592592592592,0
585,1401,Laptop,26864,3,3,Delhi,India,,Y,2.9696819892132167,1,252,YIrSES,Returned,WH3,Good,True,False,False,True,True,80592,748.3598612817306,20148.0,318.54545454545456,0
2143,1438,Laptop,43897,4,3,Delhi,IND,,Yes,3.088479184571295,2,303,YIrSES,Returned,WH3,Good,False,True,False,True,False,175588,935.8091929251024,35117.6,577.5921052631579,0
2688,1837,Laptop,47118,3,3,Hyderabad,IND,,Yes,2.5084053826781423,2,159,SAVE10,Returned,WH3,Average,True,False,False,True,True,141354,398.8364558458246,35338.5,883.4625,0
4713,1721,Laptop,3759,4,0,Hyderabad,India,2023-04-05,N,3.1671988838779908,2,353,OFF20,Not Returned,WH1,Average,True,False,False,False,True,15036,1118.0212060089307,3007.2,42.47457627118644,0
3159,1399,Dress,11341,2,2,Chennai,India,,Y,4.694147039928776,2,73,OFF20,Returned,WH1,Bad,True,False,True,False,True,22682,342.67273391480063,7560.666666666667,306.5135135135135,0
4560,1210,Shoes,58992,1,2,Chennai,IND,2023-04-05,N,4.263019396857166,2,381,YIrSES,Not Returned,WH3,Average,True,False,True,False,True,58992,1624.2103902025801,29496.0,154.42931937172776,0
1063,1331,Mobile,13399,1,1,Mumbai,IND,2023-04-05,Y,1.6581337258643618,1,88,SAVE10,Returned,WH1,Bad,True,False,False,False,True,13399,145.91576787606385,6699.5,150.5505617977528,0
3882,1833,Shoes,33495,4,3,Chennai,IND,,Y,4.007044225219973,0,403,OFF20,Returned,WH2,Bad,True,False,False,False,False,133980,1614.8388227636492,26796.0,331.63366336633663,0
3115,1279,Laptop,88665,4,1,Mumbai,IND,,N,4.46290784587218,2,44,YIrSES,Returned,WH1,Bad,True,False,False,True,True,354660,196.36794521837592,70932.0,7881.333333333333,0
1457,1369,Dress,38847,4,1,Chennai,IND,,N,1.2751591803218596,2,327,YIrSES,Returned,WH3,Good,False,True,False,False,True,155388,416.9770519652481,31077.6,473.7439024390244,0
2847,1678,Mobile,36165,3,3,Hyderabad,IND,,Y,3.799213119765946,0,37,SAVE10,Returned,WH3,Good,False,False,False,False,True,108495,140.57088543134,27123.75,2855.1315789473683,0
4797,1773,Laptop,3752,4,3,Mumbai,India,,Y,1.1804705443365462,1,332,SAVE10,Returned,WH3,Average,False,False,False,False,False,15008,391.91622071973336,3001.6,45.069069069069066,0
3340,1877,Mobile,37337,2,3,Mumbai,IN,2023-04-05,N,3.256913381008082,0,404,SAVE10,Returned,WH1,Good,False,False,False,False,False,74674,1315.793005927265,24891.333333333332,184.38024691358024,0
2414,1321,Shoes,52451,3,2,Delhi,IN,2023-04-05,No,4.519749419136485,1,351,OFF20,Returned,WH3,Good,False,False,False,True,True,157353,1586.4320461169061,39338.25,447.0255681818182,0
2806,1606,Shoes,61381,4,1,Delhi,IND,2023-04-05,No,4.040898899473941,1,311,OFF20,Returned,WH1,Good,False,False,False,True,True,245524,1256.7195577363957,49104.8,786.9358974358975,0
421,1609,Laptop,37617,3,2,Chennai,IND,2023-04-05,No,4.471784375969429,2,297,OFF20,Returned,WH1,Good,False,False,False,False,True,112851,1328.1199596629206,28212.75,378.69463087248323,0
3671,1153,Shoes,79341,4,2,Chennai,IN,,No,4.9968369572500055,0,446,SAVE10,Returned,WH2,Average,False,True,False,True,True,317364,2228.5892829335025,63472.8,709.9865771812081,0
4415,1207,Mobile,17364,2,0,Mumbai,IN,,Yes,1.7118886940972482,0,32,OFF20,Not Returned,WH1,Good,True,False,False,False,True,34728,54.78043821111194,11576.0,1052.3636363636363,0
1397,1294,Dress,69821,2,2,Mumbai,IN,,N,4.074397168743463,1,208,OFF20,Returned,WH2,Average,False,True,False,True,True,139642,847.4746110986403,46547.333333333336,668.1435406698564,0
1711,1900,Laptop,49922,1,2,Mumbai,IND,2023-04-05,Yes,3.3296793210120823,2,88,YIrSES,Not Returned,WH1,Bad,False,True,False,False,True,49922,293.01178024906324,24961.0,560.9213483146067,0
536,1740,Laptop,41470,3,0,Hyderabad,IND,,Yes,1.355187153059367,1,69,YIrSES,Not Returned,WH1,Bad,True,False,False,False,False,124410,93.50791356109633,31102.5,1777.2857142857142,0
833,1199,Laptop,93418,4,3,Delhi,IND,,No,3.8129873792421543,1,96,YIrSES,Not Returned,WH1,Bad,False,False,False,True,True,373672,366.0467884072468,74734.4,3852.2886597938145,0
682,1522,Headphones,24381,3,0,Mumbai,IN,,No,3.5008705210115134,2,299,OFF20,Not Returned,WH1,Bad,False,True,False,False,True,73143,1046.7602857824425,18285.75,243.81,0
3308,1281,Headphones,89454,2,2,Chennai,IN,2023-04-05,Yes,2.707741799062599,2,396,OFF20,Not Returned,WH1,Average,True,False,False,False,False,178908,1072.2657524287893,59636.0,450.64987405541564,0
4504,1997,Laptop,23016,1,1,Mumbai,IN,2023-04-05,Yes,2.251589896930584,0,2,SAVE10,Not Returned,WH1,Average,False,False,False,False,True,23016,4.503179793861168,11508.0,7672.0,-1
135,1438,Headphones,67498,4,1,Delhi,IND,2023-04-05,Yes,2.084992782418507,0,416,SAVE10,Returned,WH2,Average,False,False,False,False,True,269992,867.356997486099,53998.4,647.462829736211,0
438,1092,Mobile,60831,3,1,Chennai,India,,Y,3.1384221689914344,2,406,OFF20,Returned,WH2,Average,False,False,True,False,True,182493,1274.1994006105224,45623.25,448.38574938574936,0
1610,1067,Shoes,18158,3,1,Mumbai,IND,,N,1.8528759510256667,2,467,OFF20,Returned,WH2,Average,True,False,True,False,False,54474,865.2930691289863,13618.5,116.3974358974359,0
4318,1898,Shoes,93638,4,1,Delhi,IN,2023-04-05,Yes,3.585250373786159,2,301,YIrSES,Not Returned,WH2,Good,True,False,False,True,False,374552,1079.1603625096338,74910.4,1240.2384105960266,0
2614,1584,Shoes,65185,4,3,Chennai,IN,2023-04-05,Yes,4.2396797085061815,2,72,YIrSES,Not Returned,WH2,Bad,True,False,False,True,False,260740,305.25693901244506,52148.0,3571.780821917808,0
1480,1751,Headphones,5380,3,2,Chennai,IN,,Y,3.627388131481735,1,406,OFF20,Returned,WH2,Bad,False,False,True,False,False,16140,1472.7195813815845,4035.0,39.65601965601966,0
4386,1123,Dress,74557,4,2,Hyderabad,India,2023-04-05,Y,1.072011670287794,2,227,YIrSES,Returned,WH2,Bad,False,False,False,True,True,298228,243.34664915532923,59645.6,1308.017543859649,0
68,1790,Mobile,94897,1,3,Hyderabad,IND,2023-04-05,No,3.895620867672605,1,170,SAVE10,Returned,WH3,Bad,True,False,False,True,True,94897,662.2555475043429,47448.5,554.953216374269,0
3204,1401,Dress,58241,2,0,Hyderabad,IND,2023-04-05,Y,1.5921880129907575,1,306,OFF20,Returned,WH2,Average,False,False,False,True,True,116482,487.2095319751718,38827.333333333336,379.4201954397394,0
4481,1116,Dress,73381,3,0,Chennai,IND,,Yes,3.3503901184227947,1,452,YIrSES,Returned,WH2,Bad,False,False,False,True,True,220143,1514.3763335271033,55035.75,485.9668874172185,0
4691,1305,Dress,31325,1,0,Delhi,India,,Yes,2.714196079277466,1,347,SAVE10,Returned,WH2,Good,False,True,False,True,True,31325,941.8260395092808,15662.5,90.01436781609195,0
3725,1430,Shoes,3321,3,0,Hyderabad,IN,,Y,3.903697667395288,0,357,YIrSES,Returned,WH1,Bad,False,False,False,True,False,9963,1393.6200672601178,2490.75,27.829608938547487,0
859,1484,Shoes,57751,4,1,Chennai,India,2023-04-05,Y,1.0184096899898067,0,232,YIrSES,Not Returned,WH1,Bad,False,True,False,False,False,231004,236.27104807763516,46200.8,991.4334763948498,0
4800,1762,Laptop,68041,1,1,Chennai,IN,,No,4.258487207790013,0,75,OFF20,Not Returned,WH1,Good,False,True,False,True,False,68041,319.386540584251,34020.5,895.2763157894736,0
3801,1171,Dress,70100,1,3,Chennai,India,,No,4.714444597141833,0,126,SAVE10,Not Returned,WH1,Average,True,False,False,False,True,70100,594.020019239871,35050.0,551.9685039370079,0
318,1579,Mobile,11540,3,3,Hyderabad,IND,,Y,3.862091240973888,2,309,SAVE10,Returned,WH1,Bad,True,False,True,False,True,34620,1193.3861934609313,8655.0,111.6774193548387,0
2865,1910,Mobile,52976,3,0,Hyderabad,India,,N,1.3849815178286875,0,80,OFF20,Returned,WH3,Bad,True,False,True,False,True,158928,110.798521426295,39732.0,1962.0740740740741,0
1718,1685,Shoes,32554,1,3,Delhi,India,,N,4.061103386594624,2,164,SAVE10,Returned,WH3,Average,False,True,True,False,True,32554,666.0209554015183,16277.0,197.2969696969697,0
4398,1207,Dress,51575,1,0,Mumbai,India,,No,3.2726795345269992,1,421,SAVE10,Returned,WH3,Average,False,True,True,False,True,51575,1377.7980840358666,25787.5,122.21563981042654,0
764,1724,Laptop,43489,4,2,Delhi,India,,N,3.192227198712077,2,390,OFF20,Not Returned,WH1,Average,False,False,False,True,False,173956,1244.96860749771,34791.2,444.9002557544757,0
5000,1998,Laptop,81473,3,2,Delhi,India,,Yes,1.814167965553196,2,341,YIrSES,Not Returned,WH1,Average,True,False,True,False,False,244419,618.6312762536398,61104.75,714.6754385964912,0
2110,1999,Dress,42757,3,0,Delhi,IND,,No,4.384541933526443,2,38,OFF20,Returned,WH2,Average,True,False,False,False,True,128271,166.61259347400485,32067.75,3289.0,0
3110,1919,Mobile,11031,4,1,Mumbai,IN,,No,2.521171529417788,1,267,YIrSES,Returned,WH2,Average,False,False,False,False,True,44124,673.1527983545494,8824.8,164.6417910447761,0
2798,1084,Shoes,59793,3,1,Mumbai,IN,,No,1.6829556735629976,1,356,SAVE10,Returned,WH2,Good,True,False,False,False,True,179379,599.1322197884272,44844.75,502.4621848739496,0
3496,1526,Headphones,79049,4,3,Hyderabad,IN,2023-04-05,No,3.691920761547261,1,163,OFF20,Returned,WH2,Bad,False,False,True,False,False,316196,601.7830841322035,63239.2,1928.0243902439024,0
3941,1861,Laptop,57451,3,0,Mumbai,IN,,Y,4.508311402496673,1,132,OFF20,Returned,WH1,Average,False,False,False,True,False,172353,595.0971051295609,43088.25,1295.8872180451128,0
2640,1181,Laptop,17732,4,0,Hyderabad,IN,,No,1.2602089427433114,2,119,OFF20,Returned,WH2,Bad,True,False,False,True,False,70928,149.96486418645407,14185.6,591.0666666666667,0
976,1353,Shoes,97233,3,0,Chennai,IND,,No,2.460117690378308,0,78,SAVE10,Returned,WH2,Bad,False,False,False,True,False,291699,191.88917984950803,72924.75,3692.3924050632913,0
1950,1435,Mobile,91882,2,0,Mumbai,IN,,Y,2.0911890893357703,2,138,SAVE10,Not Returned,WH1,Average,False,True,False,True,True,183764,288.5840943283363,61254.666666666664,1322.0431654676258,0
2161,1207,Dress,33299,2,0,Chennai,IN,,Yes,2.2583373385899743,0,251,YIrSES,Not Returned,WH3,Bad,True,False,False,False,True,66598,566.8426719860836,22199.333333333332,264.27777777777777,0
3361,1987,Dress,53945,2,2,Chennai,IN,,N,4.3133105562738585,2,254,YIrSES,Not Returned,WH1,Average,True,False,False,False,True,107890,1095.58088129356,35963.333333333336,423.0980392156863,0
1699,1718,Dress,74374,4,0,Mumbai,IN,,N,4.971417263531336,1,335,YIrSES,Not Returned,WH3,Average,True,False,True,False,False,297496,1665.4247832829976,59499.2,885.4047619047619,0
4192,1980,Headphones,79992,4,2,Mumbai,India,,N,2.842205061221955,0,346,SAVE10,Not Returned,WH2,Good,True,False,True,False,True,319968,983.4029511827964,63993.6,922.0979827089337,0
2022,1161,Shoes,95277,4,1,Mumbai,India,2023-04-05,N,4.971564361413393,1,223,YIrSES,Not Returned,WH2,Good,True,False,True,False,False,381108,1108.6588525951868,76221.6,1701.375,0
327,1220,Mobile,75845,4,1,Delhi,IND,,Y,2.880212898661625,1,245,YIrSES,Not Returned,WH1,Good,True,False,False,False,False,303380,705.6521601720981,60676.0,1233.2520325203252,0
4574,1390,Mobile,82532,2,3,Chennai,IN,,Y,1.4236733653739495,1,68,OFF20,Not Returned,WH1,Bad,False,False,False,False,True,165064,96.80978884542857,55021.333333333336,2392.231884057971,0
1096,1959,Mobile,42196,4,0,Chennai,India,2023-04-05,N,2.990644805016448,2,428,OFF20,Returned,WH2,Bad,False,False,False,False,True,168784,1279.9959765470396,33756.8,393.43589743589746,0
3982,1255,Laptop,51752,4,0,Mumbai,India,,Y,1.3927917825662417,2,474,OFF20,Not Returned,WH3,Average,False,True,True,False,True,207008,660.1833049363986,41401.6,435.8063157894737,0
3932,1743,Laptop,33657,3,3,Chennai,India,,Y,1.4462814595246511,1,469,OFF20,Returned,WH3,Average,True,False,False,False,True,100971,678.3060045170614,25242.75,214.831914893617,0
550,1277,Laptop,93174,4,3,Hyderabad,India,,Y,4.8562260834094815,1,329,OFF20,Returned,WH3,Average,True,False,True,False,True,372696,1597.6983814417194,74539.2,1129.3818181818183,0
4882,1759,Shoes,802,4,1,Hyderabad,IND,,No,4.516405237907609,1,56,YIrSES,Returned,WH1,Good,False,False,True,False,False,3208,252.9186933228261,641.6,56.280701754385966,0
3040,1877,Shoes,81823,1,2,Hyderabad,IND,,No,2.216273353238823,1,378,SAVE10,Not Returned,WH2,Good,False,True,True,False,True,81823,837.751327524275,40911.5,215.89182058047493,0
3599,1678,Shoes,94260,3,2,Chennai,India,,N,2.2491445888117303,0,104,SAVE10,Not Returned,WH2,Average,False,True,False,True,True,282780,233.91103723641996,70695.0,2693.1428571428573,0
1219,1315,Shoes,41290,1,1,Delhi,India,,N,2.3136503640043378,1,376,OFF20,Not Returned,WH1,Bad,False,False,True,False,True,41290,869.932536865631,20645.0,109.52254641909815,0
1786,1250,Dress,99786,4,0,Chennai,IND,2023-04-05,N,2.556484442149585,2,375,OFF20,Not Returned,WH3,Good,False,False,True,False,False,399144,958.6816658060944,79828.8,1061.5531914893618,0
1821,1568,Shoes,64136,3,3,Chennai,IND,,No,3.6424882135364633,0,266,SAVE10,Not Returned,WH3,Good,False,True,False,True,True,192408,968.9018648006993,48102.0,720.629213483146,0
349,1573,Shoes,32627,2,2,Hyderabad,IND,2023-04-05,N,2.59529874411879,1,120,YIrSES,Not Returned,WH3,Bad,True,False,False,False,False,65254,311.43584929425475,21751.333333333332,539.2892561983471,0
1801,1555,Laptop,94002,2,2,Hyderabad,IND,,N,3.5286917959304445,1,341,YIrSES,Returned,WH2,Bad,True,False,False,False,False,188004,1203.2839024122816,62668.0,549.719298245614,0
1971,1128,Shoes,97688,3,2,Delhi,India,,N,3.1131879948822028,2,163,OFF20,Returned,WH2,Bad,False,False,True,False,False,293064,507.44964316579905,73266.0,1786.9756097560976,0
4966,1480,Shoes,96011,2,2,Hyderabad,India,,Y,3.7327597832142554,2,153,YIrSES,Not Returned,WH3,Bad,False,True,False,False,False,192022,571.112246831781,64007.333333333336,1246.8961038961038,0
1975,1903,Shoes,64195,3,0,Mumbai,India,,Yes,4.260859857671438,2,232,SAVE10,Returned,WH3,Bad,False,True,False,True,True,192585,988.5194869797735,48146.25,826.5450643776824,0
2914,1069,Laptop,68497,1,1,Mumbai,India,2023-04-05,N,4.972312442472466,1,180,YIrSES,Returned,WH3,Average,False,True,True,False,False,68497,895.0162396450439,34248.5,378.43646408839777,0
3785,1701,Laptop,2960,2,0,Mumbai,IND,,Y,3.5995207178616635,2,381,YIrSES,Returned,WH3,Bad,True,False,False,False,True,5920,1371.4173935052938,1973.3333333333333,15.497382198952879,0
1613,1444,Laptop,62433,4,3,Mumbai,IN,,Yes,3.8518913139113367,2,450,YIrSES,Returned,WH3,Average,True,False,False,False,False,249732,1733.3510912601014,49946.4,553.729490022173,0
828,1762,Laptop,62196,2,3,Mumbai,India,,No,3.597570608059621,2,295,YIrSES,Not Returned,WH2,Average,False,True,True,False,False,124392,1061.2833293775882,41464.0,420.2432432432432,0
3553,1182,Shoes,79541,1,3,Chennai,India,,No,3.114151076667444,0,423,SAVE10,Not Returned,WH2,Bad,False,True,False,True,True,79541,1317.2859054303287,39770.5,187.59669811320754,0
4173,1507,Headphones,74562,1,3,Chennai,India,,No,2.4664350023612407,2,177,SAVE10,Returned,WH2,Bad,True,False,False,False,True,74562,436.5589954179396,37281.0,418.8876404494382,0
3346,1078,Headphones,64068,3,1,Hyderabad,IN,,Y,4.545859631740578,0,71,YIrSES,Returned,WH2,Bad,False,True,True,False,False,192204,322.7560338535811,48051.0,2669.5,0
681,1093,Dress,67826,4,0,Chennai,IN,,No,2.685283557293222,0,495,SAVE10,Returned,WH2,Average,False,False,False,False,False,271304,1329.2153608601448,54260.8,546.983870967742,0
4845,1840,Mobile,73497,4,2,Mumbai,IN,,Yes,3.307307757199086,2,39,SAVE10,Returned,WH2,Bad,False,False,False,False,False,293988,128.98500253076435,58797.6,7349.7,0
2116,1062,Shoes,14199,4,3,Mumbai,IN,,N,2.587074249026491,0,426,YIrSES,Not Returned,WH2,Bad,False,True,True,False,False,56796,1102.0936300852852,11359.2,133.01170960187355,0
756,1405,Shoes,30473,3,3,Mumbai,IN,,Y,1.0048842087371024,0,33,YIrSES,Not Returned,WH3,Average,False,True,False,True,True,91419,33.16117888832438,22854.75,2688.794117647059,0
3717,1876,Dress,29266,1,0,Mumbai,IN,2023-04-05,Y,1.706248696109344,0,101,YIrSES,Not Returned,WH1,Average,False,True,False,True,True,29266,172.33111830704374,14633.0,286.921568627451,0
3022,1760,Headphones,60776,3,0,Hyderabad,India,,No,3.7421866734917866,0,22,SAVE10,Not Returned,WH1,Average,False,True,True,False,True,182328,82.3281068168193,45582.0,7927.304347826087,0
4520,1560,Dress,72256,4,2,Delhi,IND,,No,1.297587269530247,1,250,SAVE10,Not Returned,WH1,Bad,False,True,False,False,True,289024,324.3968173825618,57804.8,1151.4900398406373,0
4697,1704,Dress,830,2,2,Chennai,IND,,No,2.387570786079643,0,393,SAVE10,Not Returned,WH1,Good,False,True,True,False,False,1660,938.3153189292997,553.3333333333334,4.213197969543147,0
2180,1489,Laptop,98099,1,2,Chennai,India,,No,1.39027485461629,1,459,SAVE10,Not Returned,WH1,Good,False,True,True,False,False,98099,638.1361582688771,49049.5,213.2586956521739,0
56,1290,Mobile,84166,2,0,Delhi,IN,,No,2.0634380804479,2,332,SAVE10,Returned,WH2,Average,False,False,True,False,False,168332,685.0614427087028,56110.666666666664,505.5015015015015,0
4787,1183,Mobile,40387,2,3,Delhi,IND,2023-04-05,No,1.7820609068209143,0,340,OFF20,Returned,WH3,Good,False,False,True,False,False,80774,605.9007083191109,26924.666666666668,236.87390029325513,0
113,1515,Mobile,71910,1,0,Hyderabad,IND,,Yes,3.4823328104217905,0,35,YIrSES,Returned,WH1,Bad,False,True,True,False,False,71910,121.88164836476267,35955.0,1997.5,0
2119,1456,Dress,48510,3,0,Chennai,India,,No,3.383775124981096,1,277,YIrSES,Returned,WH2,Average,False,True,True,False,False,145530,937.3057096197637,36382.5,523.4892086330935,0
3576,1474,Shoes,14486,3,0,Chennai,India,,No,2.9744977706780538,1,109,YIrSES,Not Returned,WH2,Average,False,False,False,True,False,43458,324.2202570039079,10864.5,395.07272727272726,0
4191,1968,Shoes,48445,2,2,Hyderabad,India,,Yes,3.024374395681675,1,335,SAVE10,Not Returned,WH2,Good,False,True,False,True,False,96890,1013.165422553361,32296.666666666668,288.36309523809524,0
2788,1979,Dress,69451,3,3,Delhi,IND,,Y,2.5336298412177687,0,59,OFF20,Not Returned,WH2,Good,False,False,False,False,False,208353,149.48416063184834,52088.25,3472.55,0
62,1837,Dress,38158,2,3,Mumbai,IND,,Y,1.6690553249229805,0,131,SAVE10,Not Returned,WH2,Good,False,False,False,False,True,76316,218.64624756491045,25438.666666666668,578.1515151515151,0
752,1774,Headphones,19974,2,2,Mumbai,IND,2023-04-05,N,1.758266722619465,2,195,YIrSES,Returned,WH2,Average,False,False,False,False,True,39948,342.8620109107957,13316.0,203.81632653061226,0
2301,1030,Laptop,52376,4,0,Mumbai,IND,2023-04-05,No,2.639888930596465,2,13,OFF20,Returned,WH1,Average,False,True,True,False,False,209504,34.31855609775404,41900.8,14964.57142857143,-1
3836,1612,Headphones,15472,1,0,Mumbai,IND,2023-04-05,No,3.298326585674485,1,463,SAVE10,Returned,WH1,Bad,False,False,False,True,False,15472,1527.1252091672864,7736.0,33.3448275862069,0
1076,1127,Headphones,36965,2,0,Delhi,IND,2023-04-05,Yes,2.60545794436503,2,71,YIrSES,Returned,WH2,Average,False,False,False,True,False,73930,184.98751404991714,24643.333333333332,1026.8055555555557,0
2751,1297,Laptop,77031,2,3,Delhi,India,,Y,2.3943023902083023,0,401,SAVE10,Not Returned,WH2,Average,False,True,False,False,True,154062,960.1152584735293,51354.0,383.23880597014926,0
484,1851,Laptop,73731,3,2,Delhi,IND,2023-04-05,Y,4.565295664632881,0,407,SAVE10,Returned,WH1,Average,True,False,False,False,False,221193,1858.0753355055826,55298.25,542.1397058823529,0
3196,1376,Laptop,16555,3,2,Hyderabad,IND,2023-04-05,Y,3.807859709112441,0,397,SAVE10,Returned,WH2,Average,True,False,False,True,False,49665,1511.720304517639,12416.25,124.78643216080403,0
333,1324,Shoes,94396,3,2,Delhi,IND,,Y,4.009170413009114,2,222,OFF20,Returned,WH3,Good,True,False,False,False,False,283188,890.0358316880233,70797.0,1269.9013452914799,0
4600,1352,Mobile,68540,2,2,Chennai,India,,N,1.035564853182369,2,148,OFF20,Returned,WH3,Average,True,False,False,True,False,137080,153.2635982709906,45693.333333333336,920.0,0
2395,1079,Dress,37271,2,1,Hyderabad,India,,N,4.815665277135548,1,386,SAVE10,Returned,WH1,Average,True,False,True,False,False,74542,1858.8467969743217,24847.333333333332,192.61498708010336,0
1268,1344,Mobile,91629,3,2,Delhi,IND,2023-04-05,N,2.327672180996269,1,392,SAVE10,Returned,WH1,Bad,False,True,False,True,True,274887,912.4474949505374,68721.75,699.4580152671756,0
4286,1780,Shoes,1080,4,2,Delhi,IND,,Y,3.2888147836800705,1,369,SAVE10,Returned,WH3,Bad,False,True,True,False,False,4320,1213.572655177946,864.0,11.675675675675675,0
2093,1528,Headphones,54814,3,2,Delhi,India,,Y,1.356233379523717,1,391,SAVE10,Returned,WH3,Bad,True,False,True,False,False,164442,530.2872513937733,41110.5,419.4948979591837,0
3104,1619,Headphones,97982,4,1,Mumbai,IN,,Y,2.774271610384841,1,168,SAVE10,Not Returned,WH3,Bad,True,False,False,True,False,391928,466.0776305446533,78385.6,2319.1005917159764,0
1774,1477,Headphones,64327,4,2,Mumbai,India,,N,2.838216000911906,1,289,YIrSES,Returned,WH3,Average,True,False,False,False,False,257308,820.2444242635409,51461.6,887.2689655172413,0
3362,1180,Headphones,10176,4,2,Hyderabad,India,,Y,2.4438237256298394,1,158,YIrSES,Returned,WH1,Good,False,True,False,False,False,40704,386.1241486495146,8140.8,256.0,0
2190,1676,Headphones,64248,3,1,Hyderabad,IN,,Y,2.402923844098727,0,7,OFF20,Not Returned,WH1,Average,False,True,True,False,True,192744,16.82046690869109,48186.0,24093.0,-1
2873,1029,Mobile,748,4,1,Hyderabad,IN,,Y,3.4885553030663523,1,123,SAVE10,Not Returned,WH1,Average,True,False,False,True,True,2992,429.0923022771613,598.4,24.129032258064516,0
1571,1718,Mobile,52259,1,0,Mumbai,India,,N,4.20883579370352,1,312,SAVE10,Returned,WH3,Average,True,False,False,False,True,52259,1313.1567676354985,26129.5,166.96166134185304,0
3616,1118,Mobile,25514,4,3,Mumbai,India,,N,3.060800887959142,0,319,OFF20,Returned,WH2,Average,True,False,False,False,False,102056,976.3954832589664,20411.2,318.925,0
696,1259,Headphones,71408,3,0,Delhi,IN,,Yes,1.0775911616685945,0,247,OFF20,Returned,WH2,Bad,True,False,False,True,False,214224,266.16501693214286,53556.0,863.8064516129032,0
23,1111,Laptop,85999,2,0,Delhi,IND,,No,3.392091411166878,0,294,SAVE10,Returned,WH2,Bad,True,False,True,False,False,171998,997.2748748830621,57332.666666666664,583.0440677966102,0
2476,1910,Headphones,9581,4,3,Delhi,IND,,No,1.9041068703640005,0,73,SAVE10,Not Returned,WH3,Average,True,False,False,False,False,38324,138.99980153657205,7664.8,517.8918918918919,0
3776,1708,Shoes,11188,1,0,Chennai,IND,,No,2.564717687809269,1,105,YIrSES,Returned,WH1,Average,False,True,False,True,False,11188,269.29535721997325,5594.0,105.54716981132076,0
1171,1925,Dress,38662,2,2,Chennai,IN,,Yes,2.104406977139048,1,112,YIrSES,Returned,WH3,Good,True,False,True,False,False,77324,235.69358143957336,25774.666666666668,684.2831858407079,0
3655,1136,Headphones,52571,4,0,Mumbai,IN,2023-04-05,N,1.512820615686857,1,201,YIrSES,Returned,WH2,Good,True,False,False,True,False,210284,304.0769437530583,42056.8,1041.009900990099,0
4046,1780,Laptop,33150,1,0,Delhi,IND,,Yes,2.366087997582167,1,151,OFF20,Returned,WH1,Good,True,False,False,True,False,33150,357.2792876349072,16575.0,218.0921052631579,0
3005,1228,Headphones,1989,3,2,Mumbai,IN,2023-04-05,Yes,4.170185943603307,1,307,SAVE10,Returned,WH3,Good,True,False,False,True,False,5967,1280.2470846862152,1491.75,19.373376623376622,0
4830,1216,Headphones,17600,1,0,Chennai,IND,,Yes,3.030093307297101,1,51,SAVE10,Returned,WH2,Bad,True,False,False,True,True,17600,154.53475867215215,8800.0,338.46153846153845,0
4317,1131,Headphones,87125,3,1,Chennai,India,,Yes,3.945548194374431,1,497,SAVE10,Not Returned,WH2,Bad,False,True,False,False,False,261375,1960.9374526040922,65343.75,524.8493975903615,0
2536,1000,Headphones,93208,3,3,Mumbai,India,2023-04-05,Y,3.701384421728364,0,389,SAVE10,Not Returned,WH1,Average,False,False,False,False,False,279624,1439.8385400523334,69906.0,716.9846153846154,0
2092,1212,Headphones,44031,2,1,Hyderabad,IND,2023-04-05,Y,1.1101993694397656,1,39,SAVE10,Not Returned,WH1,Good,True,False,False,True,False,88062,43.297775408150855,29354.0,2201.55,0
776,1181,Mobile,90941,3,1,Mumbai,IND,,Y,3.8362938781620657,0,305,SAVE10,Returned,WH1,Bad,False,False,True,False,False,272823,1170.0696328394301,68205.75,891.5784313725491,0
1169,1987,Shoes,69418,2,3,Mumbai,India,2023-04-05,Yes,4.903386362120121,1,320,SAVE10,Returned,WH1,Good,True,False,True,False,False,138836,1569.0836358784386,46278.666666666664,432.5109034267913,0
1190,1570,Laptop,95061,2,3,Mumbai,India,2023-04-05,No,3.680268007610672,1,275,SAVE10,Returned,WH1,Good,False,True,False,True,True,190122,1012.0737020929348,63374.0,688.8478260869565,0
181,1966,Laptop,45358,1,2,Delhi,India,2023-04-05,No,3.579372120854321,2,57,OFF20,Not Returned,WH1,Bad,False,True,True,False,True,45358,204.0242108886963,22679.0,782.0344827586207,0
1743,1976,Headphones,87767,4,0,Delhi,India,,Yes,2.294289060093791,2,277,OFF20,Not Returned,WH1,Average,True,False,False,True,False,351068,635.5180696459801,70213.6,1262.8345323741007,0
4575,1615,Laptop,7520,2,3,Delhi,IND,,Yes,1.020510006026868,1,55,SAVE10,Not Returned,WH1,Average,False,True,True,False,False,15040,56.12805033147774,5013.333333333333,268.57142857142856,0
4648,1940,Shoes,11644,4,3,Hyderabad,IND,2023-04-05,Y,2.3216646813524355,1,106,YIrSES,Not Returned,WH2,Bad,False,False,True,False,True,46576,246.09645622335816,9315.2,435.2897196261682,0
724,1916,Laptop,726,3,1,Hyderabad,IND,2023-04-05,No,4.2951497039974775,1,84,SAVE10,Not Returned,WH2,Average,False,False,False,True,True,2178,360.7925751357881,544.5,25.623529411764707,0
2951,1633,Headphones,1469,2,1,Chennai,IN,,Y,2.2457798462453256,0,336,SAVE10,Returned,WH1,Good,True,False,False,True,True,2938,754.5820283384294,979.3333333333334,8.718100890207715,0
4101,1068,Dress,8970,1,2,Hyderabad,IND,2023-04-05,N,4.157699982889596,0,485,SAVE10,Not Returned,WH2,Good,True,False,False,True,True,8970,2016.4844917014543,4485.0,18.45679012345679,0
4315,1526,Headphones,7940,2,1,Hyderabad,India,2023-04-05,N,2.789001242018492,0,486,YIrSES,Not Returned,WH1,Good,True,False,False,True,False,15880,1355.4546036209872,5293.333333333333,32.60780287474333,0
409,1886,Headphones,22658,3,1,Hyderabad,India,2023-04-05,N,3.641552884715613,0,141,SAVE10,Not Returned,WH1,Good,False,True,True,False,False,67974,513.4589567449015,16993.5,478.6901408450704,0
4594,1384,Mobile,20134,4,2,Hyderabad,IND,,Yes,3.0211973576920026,0,353,OFF20,Returned,WH2,Good,False,True,False,True,True,80536,1066.4826672652769,16107.2,227.50282485875707,0
3329,1639,Dress,57720,4,1,Delhi,India,2023-04-05,Yes,2.469526719420842,0,240,OFF20,Returned,WH2,Bad,False,False,False,True,False,230880,592.6864126610021,46176.0,958.0082987551867,0
4833,1446,Headphones,13225,4,1,Delhi,IND,2023-04-05,N,3.0002239876295214,0,293,OFF20,Returned,WH3,Good,False,False,False,True,False,52900,879.0656283754497,10580.0,179.93197278911563,0
2357,1369,Headphones,46839,2,2,Hyderabad,IN,2023-04-05,N,1.629714208696754,0,12,OFF20,Returned,WH2,Bad,False,False,True,False,False,93678,19.556570504361048,31226.0,7206.0,0
1132,1463,Mobile,95613,2,1,Delhi,IND,,Yes,1.7583537129072222,0,408,OFF20,Returned,WH2,Bad,False,False,True,False,False,191226,717.4083148661466,63742.0,467.5452322738386,0
4617,1423,Headphones,96238,4,0,Delhi,IND,,Yes,4.737441629882861,0,428,OFF20,Returned,WH1,Good,False,False,False,True,False,384952,2027.6250175898645,76990.4,897.3240093240094,0
545,1696,Dress,86962,3,0,Hyderabad,IND,,Yes,3.591299234114128,0,444,SAVE10,Returned,WH1,Good,False,True,False,True,False,260886,1594.5368599466728,65221.5,586.2606741573034,0
2946,1117,Dress,97417,4,0,Mumbai,IND,,Y,1.3440913482318515,0,175,SAVE10,Not Returned,WH2,Average,False,True,False,True,True,389668,235.215985940574,77933.6,2214.0227272727275,0
2430,1487,Laptop,81954,1,0,Chennai,IND,2023-04-05,N,2.282508979110443,0,321,OFF20,Not Returned,WH2,Average,True,False,False,False,True,81954,732.6853822944522,40977.0,254.51552795031057,0
1440,1714,Mobile,54682,1,1,Chennai,IND,,Yes,4.819096408134751,0,216,YIrSES,Returned,WH1,Average,True,False,False,True,True,54682,1040.9248241571063,27341.0,251.99078341013825,0
3586,1058,Shoes,39789,3,0,Hyderabad,India,,Yes,1.479916791072183,0,95,SAVE10,Returned,WH3,Good,False,True,False,False,True,119367,140.5920951518574,29841.75,1243.40625,0
1776,1286,Dress,48346,3,3,Mumbai,India,2023-04-05,Yes,3.802893148121832,0,41,OFF20,Returned,WH3,Good,False,True,True,False,True,145038,155.9186190729951,36259.5,3453.285714285714,0
4922,1765,Dress,80145,1,1,Delhi,IND,,Yes,1.9698894323899931,0,280,YIrSES,Returned,WH1,Bad,False,True,True,False,False,80145,551.5690410691981,40072.5,285.2135231316726,0
301,1695,Laptop,60953,4,1,Mumbai,IN,,Yes,2.2535275187344985,0,446,OFF20,Returned,WH1,Bad,True,False,False,True,False,243812,1005.0732733555864,48762.4,545.4407158836689,0
2997,1452,Mobile,5161,3,0,Delhi,India,,No,3.512553151050018,0,319,OFF20,Returned,WH3,Bad,False,True,False,True,True,15483,1120.5044551849558,3870.75,48.384375,0
1386,1296,Headphones,45353,2,0,Hyderabad,IN,2023-04-05,Y,2.5107291890436474,0,333,YIrSES,Returned,WH2,Bad,False,True,False,True,True,90706,836.0728199515346,30235.333333333332,271.5748502994012,0
98,1824,Dress,67802,4,3,Hyderabad,IN,2023-04-05,Y,3.401882729641456,0,483,YIrSES,Returned,WH1,Bad,True,False,False,True,True,271208,1643.1093584168234,54241.6,560.3471074380166,0
265,1622,Dress,56052,1,1,Mumbai,IN,,N,4.5321632624683375,2,372,SAVE10,Not Returned,WH2,Bad,True,False,False,False,True,56052,1685.9647336382216,28026.0,150.2734584450402,0
1938,1751,Shoes,89739,2,1,Delhi,IND,,No,3.2148509861303385,2,87,SAVE10,Not Returned,WH2,Bad,False,False,False,True,True,179478,279.69203579333947,59826.0,2039.5227272727273,0
936,1515,Headphones,59414,3,1,Delhi,IND,,No,2.572900769689786,0,209,YIrSES,Not Returned,WH3,Bad,False,False,False,False,True,178242,537.7362608651653,44560.5,848.7714285714286,0
331,1168,Mobile,74674,4,0,Mumbai,India,,No,3.4769943459129915,1,259,YIrSES,Returned,WH3,Bad,True,False,False,False,True,298696,900.5415355914648,59739.2,1148.8307692307692,0
3771,1890,Laptop,99528,4,0,Delhi,IN,,Yes,3.846236428632432,1,341,YIrSES,Returned,WH1,Average,True,False,False,False,False,398112,1311.5666221636593,79622.4,1164.0701754385964,0
69,1717,Shoes,97876,1,0,Mumbai,IN,2023-04-05,Yes,4.774148987566544,2,472,YIrSES,Returned,WH1,Bad,False,False,False,True,True,97876,2253.398322131409,48938.0,206.92600422832982,0
4846,1899,Mobile,26692,3,0,Chennai,IN,2023-04-05,No,4.021154760960057,1,305,OFF20,Returned,WH1,Bad,True,False,False,True,True,80076,1226.4522020928173,20019.0,261.6862745098039,0
605,1234,Headphones,97847,4,1,Mumbai,IN,,N,2.1634744460830166,1,239,YIrSES,Not Returned,WH1,Good,True,False,False,True,True,391388,517.070392613841,78277.6,1630.7833333333333,0
3383,1116,Laptop,52985,1,3,Mumbai,IN,,No,4.330037439488121,1,195,OFF20,Not Returned,WH2,Bad,True,False,True,False,True,52985,844.3573007001837,26492.5,270.3316326530612,0
1232,1333,Dress,80408,3,3,Delhi,IN,,Y,1.8375049697898145,0,38,OFF20,Not Returned,WH2,Average,False,True,True,False,True,241224,69.82518885201296,60306.0,6185.2307692307695,0
3618,1416,Mobile,82468,4,3,Delhi,IN,,Yes,4.197720151919157,0,406,OFF20,Not Returned,WH2,Good,False,True,False,False,False,329872,1704.2743816791776,65974.4,810.4963144963145,0
3200,1192,Shoes,58476,1,2,Chennai,IN,,No,4.799369346931048,1,57,OFF20,Not Returned,WH2,Good,False,False,False,False,False,58476,273.56405277506974,29238.0,1008.2068965517242,0
1072,1032,Mobile,42694,1,3,Mumbai,IN,,Yes,2.280858306189934,2,72,OFF20,Returned,WH2,Good,False,False,False,False,True,42694,164.22179804567526,21347.0,584.8493150684932,0
3603,1887,Laptop,53126,4,1,Mumbai,IN,2023-04-05,N,4.862620951333564,1,412,OFF20,Returned,WH2,Average,True,False,True,False,True,212504,2003.3998319494283,42500.8,514.5375302663439,0
2028,1666,Headphones,8248,1,0,Mumbai,IN,,Yes,1.4863274930724346,2,417,SAVE10,Returned,WH2,Average,True,False,True,False,True,8248,619.7985646112053,4124.0,19.732057416267942,0
1038,1876,Headphones,97363,3,1,Chennai,IND,,No,2.767820549516643,1,201,SAVE10,Not Returned,WH3,Average,True,False,False,False,True,292089,556.3319304528452,73022.25,1445.9851485148515,0
4988,1417,Dress,68988,2,2,Chennai,IND,,Yes,1.1516265340433236,2,68,SAVE10,Returned,WH1,Bad,True,False,False,False,False,137976,78.310604314946,45992.0,1999.6521739130435,0
268,1611,Mobile,73097,4,2,Chennai,India,,Y,4.775045308160925,2,198,YIrSES,Returned,WH1,Bad,False,True,False,False,True,292388,945.4589710158631,58477.6,1469.286432160804,0
4357,1766,Headphones,57588,2,2,Chennai,IN,,Yes,1.9293040644769204,2,92,YIrSES,Returned,WH1,Bad,False,False,False,False,True,115176,177.49597393187668,38392.0,1238.4516129032259,0
2900,1183,Laptop,14742,4,0,Mumbai,IN,,No,2.26679665658185,1,52,YIrSES,Not Returned,WH2,Bad,True,False,False,False,False,58968,117.8734261422562,11793.6,1112.6037735849056,0
600,1419,Shoes,61763,4,3,Hyderabad,IN,,No,3.850179537005784,2,56,YIrSES,Not Returned,WH2,Average,True,False,False,False,False,247052,215.61005407232392,49410.4,4334.245614035088,0
3402,1635,Headphones,92715,2,1,Chennai,India,,N,2.674197687186722,2,317,SAVE10,Not Returned,WH2,Bad,False,False,True,False,False,185430,847.7206668381909,61810.0,583.1132075471698,0
638,1838,Headphones,13213,1,3,Chennai,India,,Yes,2.48305087456011,1,420,SAVE10,Not Returned,WH2,Bad,False,True,True,False,True,13213,1042.8813673152463,6606.5,31.38479809976247,0
1815,1058,Dress,88355,3,1,Mumbai,India,,Yes,4.178425623723976,0,457,SAVE10,Returned,WH2,Good,False,True,True,False,True,265065,1909.5405100418573,66266.25,578.7445414847161,0
1466,1476,Dress,53189,3,1,Mumbai,IND,2023-04-05,N,4.6249729204763685,0,178,YIrSES,Returned,WH2,Average,False,True,True,False,False,159567,823.2451798447936,39891.75,891.4357541899441,0
1465,1219,Dress,53832,2,1,Mumbai,IND,2023-04-05,N,3.0877375616469456,1,195,YIrSES,Not Returned,WH3,Average,True,False,False,True,True,107664,602.1088245211544,35888.0,549.3061224489796,0
3972,1767,Headphones,19377,1,3,Chennai,IND,,N,3.723834889217613,1,77,SAVE10,Not Returned,WH3,Average,False,False,False,True,True,19377,286.7352864697562,9688.5,248.42307692307693,0
4007,1833,Headphones,51925,2,0,Delhi,IN,2023-04-05,N,4.610978627060812,1,276,OFF20,Not Returned,WH3,Average,False,False,True,False,True,103850,1272.6301010687841,34616.666666666664,374.9097472924188,0
2977,1478,Laptop,71188,4,1,Chennai,IND,2023-04-05,N,1.8669755368762144,0,454,OFF20,Returned,WH3,Average,False,True,False,True,True,284752,847.6068937418014,56950.4,625.8285714285714,0
4211,1235,Laptop,71399,1,3,Mumbai,IN,,N,4.3066285032426,0,39,YIrSES,Returned,WH2,Good,False,True,False,True,False,71399,167.95851162646142,35699.5,1784.975,0
1620,1002,Laptop,69649,2,2,Chennai,IN,,Yes,4.169002394826805,0,36,OFF20,Returned,WH2,Bad,False,False,True,False,True,139298,150.08408621376498,46432.666666666664,3764.810810810811,0
4249,1435,Laptop,95831,2,2,Mumbai,IND,,Y,2.2152702719909234,1,8,OFF20,Returned,WH2,Good,False,True,True,False,False,191662,17.722162175927387,63887.333333333336,21295.777777777777,1
74,1765,Mobile,53190,1,2,Hyderabad,IND,2023-04-05,Y,4.868297527541088,1,372,YIrSES,Returned,WH1,Good,False,True,False,True,False,53190,1811.0066802452848,26595.0,142.60053619302948,0
825,1836,Headphones,56587,4,1,Delhi,IN,,No,3.139970364961918,0,408,OFF20,Returned,WH1,Average,False,True,False,True,True,226348,1281.1079089044624,45269.6,553.4180929095354,0
1649,1019,Headphones,32475,3,1,Mumbai,India,,No,1.3691990290802636,1,115,OFF20,Not Returned,WH1,Bad,False,True,False,True,False,97425,157.4578883442303,24356.25,839.8706896551724,0
2169,1754,Mobile,87141,3,0,Hyderabad,IND,,No,3.196035252603883,2,250,OFF20,Returned,WH1,Good,True,False,False,True,False,261423,799.0088131509707,65355.75,1041.5258964143427,0
4010,1175,Mobile,29923,4,0,Delhi,India,,N,4.316965345247389,2,371,OFF20,Returned,WH2,Good,False,True,False,True,True,119692,1601.5941430867813,23938.4,321.752688172043,0
3724,1004,Laptop,45395,2,3,Hyderabad,India,,N,3.740084752324462,2,433,OFF20,Returned,WH2,Good,False,False,False,False,True,90790,1619.4566977564918,30263.333333333332,209.19354838709677,0
2547,1278,Mobile,5423,4,3,Mumbai,India,2023-04-05,Y,3.990394642755158,1,441,YIrSES,Not Returned,WH1,Average,False,False,False,False,False,21692,1759.7640374550247,4338.4,49.07692307692308,0
3312,1057,Headphones,80085,1,3,Chennai,India,,N,1.492121407636926,1,334,OFF20,Not Returned,WH3,Average,True,False,True,False,False,80085,498.3685501507333,40042.5,239.0597014925373,0
119,1489,Shoes,77032,1,2,Chennai,IND,2023-04-05,N,2.267687038705633,2,400,SAVE10,Returned,WH3,Bad,False,True,True,False,True,77032,907.0748154822531,38516.0,192.0997506234414,0
2246,1567,Headphones,39860,3,3,Mumbai,IN,,N,1.8503214817752656,2,413,OFF20,Returned,WH3,Bad,False,True,False,False,True,119580,764.1827719731847,29895.0,288.84057971014494,0
3605,1221,Shoes,78035,2,2,Chennai,IND,,No,4.210432804622354,2,472,OFF20,Not Returned,WH3,Bad,True,False,False,False,False,156070,1987.3242837817509,52023.333333333336,329.95771670190277,0
3342,1062,Dress,13632,2,3,Chennai,India,,No,3.946342447390764,2,170,OFF20,Not Returned,WH3,Good,True,False,False,False,False,27264,670.8782160564299,9088.0,159.43859649122808,0
375,1149,Laptop,88549,4,3,Delhi,India,,Yes,3.187542107568454,2,106,SAVE10,Returned,WH2,Good,True,False,False,False,True,354196,337.8794634022561,70839.2,3310.2429906542056,0
3422,1733,Laptop,58189,1,2,Hyderabad,IN,,Yes,1.265531813969477,2,488,SAVE10,Returned,WH3,Average,False,False,True,False,True,58189,617.5795252171047,29094.5,118.9959100204499,0
708,1936,Headphones,74564,4,3,Mumbai,IN,,No,1.4324142608359691,2,156,SAVE10,Not Returned,WH3,Good,False,False,False,True,True,298256,223.4566246904112,59651.2,1899.71974522293,0
300,1731,Dress,15928,4,3,Mumbai,IN,,No,3.046833190761577,2,192,SAVE10,Not Returned,WH2,Good,False,False,False,True,True,63712,584.9919726262228,12742.4,330.1139896373057,0
678,1311,Dress,74456,3,3,Chennai,India,,No,1.751448214392239,2,403,SAVE10,Not Returned,WH1,Bad,False,True,False,True,True,223368,705.8336304000723,55842.0,552.8910891089109,0
2305,1382,Headphones,26033,3,3,Chennai,IN,,N,2.617808716777785,1,291,YIrSES,Returned,WH1,Good,True,False,True,False,True,78099,761.7823365823353,19524.75,267.46232876712327,0
120,1354,Dress,90235,4,3,Mumbai,IND,2023-04-05,Y,3.672404317942982,1,459,YIrSES,Returned,WH2,Bad,True,False,True,False,True,360940,1685.6335819358287,72188.0,784.6521739130435,0
854,1703,Dress,64837,1,3,Delhi,IN,,N,3.053157048520311,0,134,YIrSES,Returned,WH2,Bad,True,False,False,False,True,64837,409.12304450172167,32418.5,480.27407407407406,0
1663,1062,Dress,56025,4,3,Hyderabad,IN,,N,2.8666790413485432,1,394,YIrSES,Returned,WH2,Average,False,True,False,False,True,224100,1129.471542291326,44820.0,567.3417721518987,0
3113,1536,Headphones,84482,1,1,Mumbai,India,2023-04-05,Yes,3.6644574003336334,1,455,OFF20,Returned,WH3,Bad,True,False,False,True,True,84482,1667.328117151803,42241.0,185.26754385964912,0
4929,1809,Headphones,64004,4,3,Chennai,IND,2023-04-05,No,4.864252565356072,0,257,OFF20,Returned,WH3,Average,False,False,False,True,True,256016,1250.1129092965105,51203.2,992.3100775193799,0
4965,1937,Laptop,38426,3,3,Chennai,IND,2023-04-05,Yes,4.14978132395456,1,144,YIrSES,Not Returned,WH3,Average,False,True,False,False,False,115278,597.5685106494566,28819.5,795.0206896551724,0
3036,1722,Laptop,87309,2,1,Mumbai,India,2023-04-05,No,4.518156815950254,2,434,YIrSES,Returned,WH2,Average,True,False,False,False,True,174618,1960.8800581224104,58206.0,401.4206896551724,0
1912,1555,Laptop,24947,1,1,Chennai,India,,Yes,2.630676706151036,1,112,YIrSES,Returned,WH2,Good,True,False,False,False,False,24947,294.63579108891605,12473.5,220.76991150442478,0
4991,1997,Laptop,26443,3,2,Chennai,India,2023-04-05,Y,4.290498039846739,0,198,YIrSES,Returned,WH2,Good,False,False,False,False,False,79329,849.5186118896543,19832.25,398.63819095477385,0
1523,1470,Shoes,72618,4,2,Mumbai,India,,No,4.006982118204732,1,200,OFF20,Not Returned,WH2,Good,False,True,False,False,False,290472,801.3964236409464,58094.4,1445.134328358209,0
4667,1454,Laptop,56441,2,2,Delhi,IND,,N,1.3057498766204154,2,400,OFF20,Not Returned,WH2,Good,False,True,True,False,False,112882,522.2999506481661,37627.333333333336,281.501246882793,0
305,1855,Laptop,31623,2,2,Mumbai,India,,N,2.9420148179513115,2,304,OFF20,Not Returned,WH3,Good,False,True,False,True,False,63246,894.3725046571986,21082.0,207.36393442622952,0
1721,1290,Laptop,20894,2,2,Delhi,India,,N,1.9661776135778712,2,17,OFF20,Not Returned,WH2,Average,False,True,True,False,True,41788,33.42501943082381,13929.333333333334,2321.5555555555557,0
4177,1988,Laptop,19680,1,3,Delhi,India,,Yes,4.294479860210003,2,390,SAVE10,Not Returned,WH2,Bad,True,False,True,False,False,19680,1674.847145481901,9840.0,50.332480818414325,0
369,1596,Laptop,65786,2,0,Delhi,India,2023-04-05,Y,3.550927218286744,0,201,SAVE10,Returned,WH2,Average,True,False,True,False,False,131572,713.7363708756355,43857.333333333336,651.3465346534654,0
1418,1952,Headphones,86206,2,2,Delhi,India,,Y,1.4848402987055098,2,397,OFF20,Returned,WH2,Good,False,False,False,False,True,172412,589.4815985860874,57470.666666666664,433.1959798994975,0
3638,1490,Dress,30032,4,3,Delhi,IND,,No,4.30808709002147,2,273,OFF20,Not Returned,WH2,Average,False,True,False,False,True,120128,1176.1077755758613,24025.6,438.42335766423355,0
1422,1456,Mobile,24095,1,2,Hyderabad,IND,,Y,2.2779624291796368,1,249,SAVE10,Not Returned,WH3,Average,True,False,True,False,True,24095,567.2126448657295,12047.5,96.38,0
1086,1214,Mobile,78859,2,1,Chennai,IND,,Y,1.5740893941625127,2,307,YIrSES,Returned,WH3,Average,True,False,True,False,True,157718,483.2454440078914,52572.666666666664,512.0714285714286,0
1956,1097,Dress,21839,4,1,Chennai,India,,No,3.0724589544226424,2,494,OFF20,Returned,WH3,Bad,False,True,False,True,True,87356,1517.7947234847854,17471.2,176.47676767676768,0
2801,1546,Dress,84670,3,1,Mumbai,India,2023-04-05,N,1.1796124695803227,0,70,SAVE10,Not Returned,WH1,Bad,True,False,False,False,True,254010,82.57287287062259,63502.5,3577.605633802817,0
1481,1607,Shoes,43015,2,2,Delhi,India,2023-04-05,Yes,3.3420132267445752,1,286,YIrSES,Not Returned,WH2,Average,False,True,False,False,False,86030,955.8157828489485,28676.666666666668,299.7560975609756,0
1296,1133,Mobile,49534,1,2,Delhi,India,2023-04-05,Yes,1.6693215602295235,1,126,OFF20,Not Returned,WH3,Average,False,False,False,True,False,49534,210.33451658891997,24767.0,390.0314960629921,0
2825,1338,Headphones,51888,2,3,Delhi,India,,N,4.865602319253748,1,6,OFF20,Not Returned,WH3,Good,False,False,False,True,True,103776,29.193613915522487,34592.0,14825.142857142857,-1
3066,1944,Laptop,32148,4,0,Delhi,India,,N,4.383431028128467,0,243,OFF20,Not Returned,WH1,Average,False,False,False,True,False,128592,1065.1737398352175,25718.4,527.016393442623,0
4678,1851,Mobile,207,4,3,Delhi,India,,No,3.5545043990334566,1,125,OFF20,Not Returned,WH1,Good,True,False,False,False,True,828,444.3130498791821,165.6,6.571428571428571,0
860,1121,Mobile,18647,1,3,Delhi,India,2023-04-05,Yes,2.3829524963004083,1,34,YIrSES,Not Returned,WH2,Bad,True,False,False,False,True,18647,81.02038487421387,9323.5,532.7714285714286,0
2337,1258,Headphones,94431,3,3,Hyderabad,IN,,Yes,2.063758091746165,0,29,YIrSES,Not Returned,WH2,Bad,True,False,False,False,False,283293,59.848984660638784,70823.25,9443.1,0
552,1540,Shoes,26343,4,2,Chennai,IN,,Y,3.09710864611705,0,418,YIrSES,Returned,WH3,Average,False,True,True,False,True,105372,1294.5914140769269,21074.4,251.48448687350836,0
404,1583,Laptop,82790,1,0,Mumbai,India,2023-04-05,No,2.435384022201235,1,309,OFF20,Returned,WH3,Average,False,True,True,False,False,82790,752.5336628601816,41395.0,267.06451612903226,0
630,1180,Headphones,31822,1,0,Mumbai,IN,,N,2.790435305065459,0,406,OFF20,Returned,WH1,Average,False,False,False,True,False,31822,1132.9167338565765,15911.0,78.18673218673219,0
87,1971,Laptop,79151,3,1,Mumbai,India,,Y,4.74439437522638,2,110,OFF20,Returned,WH1,Bad,True,False,False,True,True,237453,521.8833812749018,59363.25,2139.2162162162163,0
1724,1481,Shoes,19478,2,0,Mumbai,India,2023-04-05,Yes,2.225026374861253,1,237,YIrSES,Returned,WH3,Good,True,False,False,True,True,38956,527.3312508421169,12985.333333333334,163.68067226890756,0
2259,1696,Laptop,32717,2,1,Mumbai,India,,Yes,1.156730052332835,0,183,YIrSES,Not Returned,WH1,Average,True,False,False,False,True,65434,211.6815995769088,21811.333333333332,355.6195652173913,0
4081,1514,Laptop,50075,2,0,Mumbai,India,,No,2.5025965695799166,0,269,YIrSES,Not Returned,WH1,Good,False,True,False,False,True,100150,673.1984772169976,33383.333333333336,370.9259259259259,0
4776,1038,Shoes,86657,2,0,Hyderabad,India,,No,4.071021036369936,0,477,OFF20,Not Returned,WH3,Good,False,True,False,True,True,173314,1941.8770343484596,57771.333333333336,362.581589958159,0
455,1061,Laptop,1838,1,2,Hyderabad,IN,,No,3.8684406287288846,0,202,OFF20,Not Returned,WH3,Good,False,True,False,True,False,1838,781.4250070032347,919.0,9.054187192118226,0
4675,1703,Shoes,93936,4,2,Mumbai,IN,,Y,4.658504297646653,2,9,SAVE10,Returned,WH2,Bad,False,True,True,False,False,375744,41.926538678819874,75148.8,37574.4,-1
1782,1340,Laptop,83848,1,2,Mumbai,IN,,No,2.1477397341671174,2,155,OFF20,Returned,WH1,Bad,True,False,True,False,True,83848,332.8996587959032,41924.0,537.4871794871794,0
2633,1437,Mobile,41401,3,0,Mumbai,IND,2023-04-05,Yes,1.7591317739944283,2,52,OFF20,Returned,WH1,Good,True,False,False,False,True,124203,91.47485224771027,31050.75,2343.4528301886794,0
2166,1428,Laptop,70076,2,0,Hyderabad,IND,2023-04-05,Yes,3.241794494528153,2,15,SAVE10,Not Returned,WH3,Good,False,False,False,True,True,140152,48.6269174179223,46717.333333333336,8759.5,0
3704,1643,Dress,7162,4,2,Delhi,India,,N,1.3661665605436788,2,120,SAVE10,Not Returned,WH3,Good,False,False,False,True,True,28648,163.93998726524146,5729.6,236.7603305785124,0
4707,1992,Headphones,8344,3,3,Delhi,IN,,Y,1.0702634903296002,0,220,YIrSES,Returned,WH2,Bad,False,True,False,True,False,25032,235.45796787251206,6258.0,113.26696832579185,0
4389,1647,Dress,3287,4,3,Delhi,IND,,No,4.225600723852598,0,259,OFF20,Returned,WH2,Bad,False,True,False,False,False,13148,1094.4305874778229,2629.6,50.56923076923077,0
1038,1876,Headphones,97363,3,1,Chennai,IND,,No,2.767820549516643,1,201,OFF20,Not Returned,WH3,Bad,False,True,False,False,True,292089,556.3319304528452,73022.25,1445.9851485148515,0
3923,1769,Dress,39075,3,1,Chennai,India,,No,3.737993822800531,0,322,YIrSES,Not Returned,WH2,Bad,False,False,False,False,True,117225,1203.634010941771,29306.25,362.9256965944272,0
2605,1450,Mobile,74247,3,2,Chennai,India,,N,4.108504905213652,2,434,YIrSES,Not Returned,WH2,Good,False,False,False,False,False,222741,1783.091128862725,55685.25,512.048275862069,0
2362,1468,Mobile,92812,1,2,Delhi,India,,Yes,4.368916928487479,0,177,OFF20,Not Returned,WH3,Good,False,False,False,False,False,92812,773.2982963422838,46406.0,521.4157303370787,0
1002,1527,Headphones,44522,1,3,Chennai,India,,Yes,1.901304694443772,0,258,OFF20,Returned,WH3,Good,True,False,True,False,False,44522,490.5366111664932,22261.0,171.8996138996139,0
3528,1460,Dress,16121,3,3,Chennai,IND,2023-04-05,Yes,2.116000452785331,1,467,SAVE10,Returned,WH1,Bad,True,False,False,False,False,48363,988.1722114507496,12090.75,103.33974358974359,0
4891,1890,Laptop,73084,2,1,Chennai,IND,,Yes,1.1692586529687077,0,155,SAVE10,Returned,WH1,Average,True,False,False,False,False,146168,181.23509121014968,48722.666666666664,936.974358974359,0
1500,1806,Dress,18833,4,3,Chennai,IND,,Yes,4.210857393628004,1,35,SAVE10,Not Returned,WH3,Average,True,False,False,False,False,75332,147.38000877698013,15066.4,2092.5555555555557,0
1650,1234,Mobile,16477,4,2,Hyderabad,India,,N,2.176331215310246,2,225,YIrSES,Returned,WH2,Bad,True,False,False,True,True,65908,489.67452344480535,13181.6,291.62831858407077,0
3051,1120,Shoes,29354,3,2,Mumbai,IN,,Yes,1.528430816709473,1,75,OFF20,Returned,WH2,Good,True,False,False,False,True,88062,114.63231125321046,22015.5,1158.7105263157894,0
4027,1348,Headphones,64735,4,3,Mumbai,IN,,Yes,3.5650502301863174,2,329,SAVE10,Returned,WH2,Bad,True,False,False,True,True,258940,1172.9015257312985,51788.0,784.6666666666666,0
3294,1255,Laptop,66063,3,0,Mumbai,IN,2023-04-05,Y,4.3723968311115495,2,155,OFF20,Not Returned,WH2,Average,True,False,True,False,True,198189,677.7215088222902,49547.25,1270.4423076923076,0
451,1943,Mobile,26258,2,1,Chennai,IN,,No,3.461450561427264,0,446,SAVE10,Returned,WH2,Good,True,False,True,False,True,52516,1543.8069503965596,17505.333333333332,117.48545861297539,0
1023,1059,Laptop,55322,1,1,Delhi,India,,N,4.0403596359024885,0,171,SAVE10,Returned,WH2,Average,True,False,True,False,True,55322,690.9014977393256,27661.0,321.63953488372096,0
3041,1755,Laptop,79545,2,0,Mumbai,IN,,N,4.903109849083824,2,172,SAVE10,Returned,WH3,Good,True,False,True,False,True,159090,843.3348940424178,53030.0,919.5953757225434,0
4229,1194,Shoes,83653,2,0,Hyderabad,India,,N,4.511941804399502,1,116,SAVE10,Returned,WH2,Good,False,True,True,False,True,167306,523.3852493103423,55768.666666666664,1429.965811965812,0
159,1433,Headphones,33298,1,0,Mumbai,IND,,N,4.563490125534351,1,457,SAVE10,Returned,WH1,Good,False,True,False,True,True,33298,2085.5149873691985,16649.0,72.70305676855895,0
587,1669,Dress,13418,1,1,Mumbai,IND,,Y,4.712267390375645,2,221,YIrSES,Returned,WH1,Average,True,False,True,False,True,13418,1041.4110932730175,6709.0,60.44144144144144,0
513,1158,Shoes,87162,4,0,Delhi,IN,2023-04-05,Yes,2.4386817583554503,2,42,YIrSES,Not Returned,WH2,Average,False,True,False,True,True,348648,102.42463385092891,69729.6,8108.093023255814,0
1590,1344,Dress,13645,3,0,Chennai,IND,,No,4.619524421000344,1,171,YIrSES,Not Returned,WH1,Good,False,True,True,False,True,40935,789.9386759910589,10233.75,237.99418604651163,0
3563,1874,Shoes,795,4,1,Chennai,IND,2023-04-05,N,1.994442241290435,1,370,YIrSES,Not Returned,WH1,Good,False,True,True,False,True,3180,737.9436292774609,636.0,8.571428571428571,0
216,1781,Mobile,96567,3,3,Chennai,India,2023-04-05,Y,3.270690811732189,2,347,SAVE10,Not Returned,WH3,Good,False,False,False,True,False,289701,1134.9297116710695,72425.25,832.4741379310345,0
1534,1943,Mobile,49822,2,3,Hyderabad,IND,2023-04-05,Yes,3.984636338795701,0,403,YIrSES,Not Returned,WH1,Good,False,False,False,False,False,99644,1605.8084445346674,33214.666666666664,246.64356435643563,0
813,1837,Headphones,35611,1,3,Mumbai,IND,,Yes,1.653807208855918,0,333,SAVE10,Returned,WH3,Average,False,False,False,False,False,35611,550.7178005490207,17805.5,106.61976047904191,0
1562,1099,Headphones,19983,1,3,Mumbai,IN,2023-04-05,Y,3.1834226457887134,0,360,SAVE10,Returned,WH2,Bad,True,False,True,False,True,19983,1146.032152483937,9991.5,55.35457063711911,0
3517,1947,Shoes,83293,3,1,Chennai,IN,,No,3.994890153989297,1,277,SAVE10,Returned,WH3,Good,False,False,True,False,True,249879,1106.5845726550353,62469.75,898.8453237410072,0
1089,1723,Mobile,43412,1,0,Chennai,India,,N,4.889637960101388,0,177,SAVE10,Returned,WH1,Average,False,True,False,True,False,43412,865.4659189379457,21706.0,243.8876404494382,0
3325,1226,Laptop,6150,1,1,Chennai,IND,,Yes,4.664823493084338,0,485,SAVE10,Not Returned,WH2,Average,False,True,False,True,False,6150,2262.439394145904,3075.0,12.654320987654321,0
1877,1116,Laptop,42526,4,0,Delhi,IND,,N,3.348010859526833,0,450,YIrSES,Returned,WH3,Average,False,True,False,True,False,170104,1506.604886787075,34020.8,377.1707317073171,0
4428,1840,Headphones,37081,2,3,Delhi,IND,,N,3.736419970063896,0,223,SAVE10,Returned,WH3,Average,False,False,False,True,False,74162,833.2216533242488,24720.666666666668,331.08035714285717,0
3931,1230,Mobile,14470,3,1,Delhi,IND,,N,3.0850097234675413,0,412,YIrSES,Returned,WH3,Average,False,True,False,True,True,43410,1271.024006068627,10852.5,105.10895883777239,0
812,1414,Laptop,84573,1,3,Mumbai,IND,,No,1.7635297871345004,2,197,YIrSES,Not Returned,WH1,Average,False,True,False,True,False,84573,347.4153680654966,42286.5,427.1363636363636,0
3439,1000,Mobile,6944,3,3,Mumbai,IND,2023-04-05,N,3.979756486247668,1,339,YIrSES,Not Returned,WH1,Bad,False,False,False,False,False,20832,1349.1374488379595,5208.0,61.27058823529412,0
3643,1108,Laptop,67418,3,1,Chennai,IND,,N,4.322983249164978,1,37,SAVE10,Not Returned,WH1,Bad,True,False,True,False,False,202254,159.9503802191042,50563.5,5322.473684210527,0
3998,1579,Headphones,1983,3,1,Chennai,IND,,Yes,1.6986368640545426,1,360,OFF20,Not Returned,WH3,Bad,True,False,True,False,False,5949,611.5092710596354,1487.25,16.479224376731302,0
3482,1124,Dress,9547,2,0,Chennai,IND,,Y,2.484263902515211,1,225,OFF20,Not Returned,WH2,Average,True,False,True,False,False,19094,558.9593780659225,6364.666666666667,84.48672566371681,0
4377,1252,Dress,64573,4,3,Chennai,India,,N,2.570475697705587,0,10,YIrSES,Not Returned,WH1,Average,True,False,True,False,False,258292,25.704756977055872,51658.4,23481.090909090908,-1
156,1296,Dress,21414,4,3,Delhi,India,,Y,3.66187512376067,2,242,OFF20,Returned,WH1,Good,True,False,True,False,False,85656,886.1737799500821,17131.2,352.4938271604938,0
3919,1601,Dress,26720,1,1,Delhi,India,2023-04-05,Y,1.309440178032983,2,161,SAVE10,Returned,WH2,Bad,True,False,True,False,False,26720,210.81986866331025,13360.0,164.93827160493828,0
3497,1056,Shoes,40787,3,3,Chennai,IND,,Yes,1.925721574610412,1,298,SAVE10,Returned,WH2,Average,True,False,False,False,True,122361,573.8650292339028,30590.25,409.2341137123746,0
3287,1020,Shoes,6952,1,3,Hyderabad,IND,2023-04-05,Yes,2.3088100577158954,1,116,OFF20,Not Returned,WH3,Good,True,False,False,False,False,6952,267.8219666950439,3476.0,59.41880341880342,0
977,1029,Laptop,8873,2,3,Chennai,IN,2023-04-05,Yes,1.1174097982174969,2,384,OFF20,Returned,WH3,Good,False,False,False,False,False,17746,429.0853625155188,5915.333333333333,46.093506493506496,0
795,1160,Mobile,55281,2,2,Mumbai,IND,2023-04-05,No,1.0740840341329014,1,146,SAVE10,Not Returned,WH3,Bad,True,False,False,True,False,110562,156.8162689834036,36854.0,752.1224489795918,0
3697,1318,Dress,36696,1,3,Delhi,IN,2023-04-05,N,3.273960907742868,1,223,YIrSES,Returned,WH1,Average,True,False,False,True,False,36696,730.0932824266596,18348.0,163.82142857142858,0
4925,1784,Laptop,76084,4,3,Delhi,IN,,No,1.4594042175843995,0,330,SAVE10,Returned,WH1,Bad,False,False,True,False,False,304336,481.60339180285183,60867.2,919.4441087613293,0
819,1253,Laptop,16648,2,2,Chennai,IN,,Yes,4.365861699154064,2,340,OFF20,Returned,WH1,Bad,False,False,False,False,False,33296,1484.392977712382,11098.666666666666,97.64222873900293,0
3622,1001,Dress,49205,2,2,Chennai,IN,2023-04-05,No,1.1130326957783176,0,43,OFF20,Returned,WH1,Bad,False,True,False,False,False,98410,47.860405918467656,32803.333333333336,2236.590909090909,0
4770,1822,Dress,18517,1,3,Mumbai,IN,2023-04-05,Y,3.299694118685991,0,30,YIrSES,Returned,WH1,Average,False,True,False,False,True,18517,98.99082356057973,9258.5,597.3225806451613,0
4086,1931,Mobile,86550,1,3,Chennai,IN,2023-04-05,No,3.2454052234197195,0,268,OFF20,Returned,WH3,Bad,False,False,False,True,True,86550,869.7685998764848,43275.0,321.74721189591077,0
1247,1895,Dress,5572,1,3,Mumbai,IN,2023-04-05,N,3.4078394150620857,1,142,SAVE10,Returned,WH1,Bad,False,False,False,True,True,5572,483.91319693881616,2786.0,38.96503496503497,0
916,1755,Shoes,1800,2,2,Mumbai,IND,,Yes,2.7199906762209385,2,277,YIrSES,Returned,WH1,Average,True,False,False,True,True,3600,753.4374173132,1200.0,12.949640287769784,0
3627,1358,Mobile,44783,1,3,Delhi,IND,,Y,4.059802000017386,1,353,OFF20,Returned,WH1,Average,False,True,False,True,True,44783,1433.1101060061371,22391.5,126.50564971751412,0
2167,1431,Dress,58817,1,1,Chennai,IN,,N,2.337026042121908,1,188,YIrSES,Returned,WH1,Average,True,False,False,True,False,58817,439.3608959189187,29408.5,311.2010582010582,0
2570,1400,Dress,7431,1,1,Delhi,IND,,N,2.5396874306544164,1,479,SAVE10,Returned,WH2,Average,False,True,True,False,False,7431,1216.5102792834655,3715.5,15.48125,0
4133,1677,Shoes,57126,2,2,Delhi,India,2023-04-05,N,1.78179625965126,1,7,SAVE10,Returned,WH2,Bad,False,False,True,False,False,114252,12.47257381755882,38084.0,14281.5,-1
1632,1325,Shoes,68315,3,0,Mumbai,India,,N,1.2550182621779498,0,389,SAVE10,Returned,WH2,Bad,True,False,False,True,False,204945,488.2021039872225,51236.25,525.5,0
4977,1691,Headphones,24749,4,0,Mumbai,IND,,Yes,4.407022961076974,2,344,OFF20,Not Returned,WH3,Bad,True,False,False,False,True,98996,1516.015898610479,19799.2,286.9449275362319,0
1797,1411,Headphones,83098,4,0,Chennai,IN,2023-04-05,No,1.401994962615213,2,156,OFF20,Returned,WH3,Bad,True,False,False,True,True,332392,218.71121416797322,66478.4,2117.146496815287,0
1624,1608,Shoes,75701,3,2,Mumbai,IN,,N,4.594217166200718,0,143,OFF20,Not Returned,WH3,Bad,True,False,False,False,True,227103,656.9730547667026,56775.75,1577.1041666666667,0
900,1879,Shoes,74964,1,2,Delhi,IND,,No,2.902342557202257,0,405,OFF20,Returned,WH3,Average,False,True,True,False,True,74964,1175.4487356669142,37482.0,184.64039408866995,0
4193,1635,Headphones,90201,3,2,Hyderabad,India,,Y,2.500932644762887,0,5,OFF20,Not Returned,WH3,Bad,False,False,True,False,True,270603,12.504663223814434,67650.75,45100.5,-1
2719,1213,Headphones,2448,3,0,Hyderabad,IN,,No,1.832958953435242,0,152,OFF20,Not Returned,WH3,Average,False,True,False,True,True,7344,278.6097609221568,1836.0,48.0,0
1917,1620,Shoes,42135,4,3,Hyderabad,IND,2023-04-05,No,2.017288137275672,1,437,YIrSES,Not Returned,WH2,Average,True,False,False,False,False,168540,881.5549159894687,33708.0,384.7945205479452,0
219,1257,Mobile,46534,3,3,Mumbai,India,2023-04-05,No,4.520694200639465,2,487,SAVE10,Returned,WH2,Bad,True,False,False,True,False,139602,2201.5780757114194,34900.5,286.0696721311475,0
23,1111,Laptop,85999,2,3,Delhi,IND,,No,3.392091411166878,2,294,SAVE10,Returned,WH2,Bad,True,False,True,False,False,171998,997.2748748830621,57332.666666666664,583.0440677966102,0
1622,1648,Shoes,626,2,2,Mumbai,IN,,No,1.7257213999737129,0,68,YIrSES,Not Returned,WH1,Average,False,False,False,True,False,1252,117.34905519821248,417.3333333333333,18.144927536231883,0
1977,1380,Mobile,66321,2,0,Hyderabad,India,,N,3.477084492888735,2,434,YIrSES,Not Returned,WH1,Average,True,False,False,True,False,132642,1509.054669913711,44214.0,304.92413793103447,0
2516,1986,Mobile,22290,2,1,Hyderabad,India,2023-04-05,N,1.6826055017853585,1,394,YIrSES,Returned,WH1,Average,False,True,False,True,False,44580,662.9465677034312,14860.0,112.86075949367088,0
3162,1366,Headphones,11681,4,2,Delhi,IN,,Y,1.790061514509529,1,380,YIrSES,Not Returned,WH1,Average,False,True,False,True,False,46724,680.223375513621,9344.8,122.63517060367454,0
1153,1620,Laptop,55848,2,2,Delhi,India,,N,2.0965191678860498,0,432,SAVE10,Not Returned,WH2,Bad,False,True,False,True,False,111696,905.6962805267735,37232.0,257.95842956120094,0
1494,1911,Laptop,55438,4,1,Delhi,India,,Y,2.899403745643657,1,325,SAVE10,Returned,WH1,Good,True,False,True,False,False,221752,942.3062173341885,44350.4,680.2208588957055,0
2709,1461,Mobile,24158,3,3,Chennai,IN,,No,4.867450172757126,2,408,SAVE10,Returned,WH2,Bad,False,True,False,True,False,72474,1985.9196704849073,18118.5,177.19804400977995,0
4131,1093,Dress,99252,3,3,Hyderabad,IND,,No,2.9004636290884998,2,426,YIrSES,Returned,WH1,Bad,False,True,True,False,False,297756,1235.597505991701,74439.0,697.320843091335,0
1789,1868,Shoes,30231,4,3,Chennai,IN,,Yes,2.0876403280377223,2,472,YIrSES,Not Returned,WH3,Bad,False,True,True,False,True,120924,985.3662348338049,24184.8,255.65327695560254,0
1240,1208,Mobile,12637,4,3,Chennai,IN,2023-04-05,Y,4.747498186846902,2,115,OFF20,Not Returned,WH2,Good,True,False,True,False,True,50548,545.9622914873937,10109.6,435.7586206896552,0
1612,1446,Headphones,40040,4,3,Mumbai,IND,,Yes,4.469386232456321,1,316,OFF20,Returned,WH2,Bad,False,True,True,False,True,160160,1412.3260494561973,32032.0,505.2365930599369,0
1803,1771,Dress,39777,1,2,Mumbai,IND,,No,2.2435209490313253,1,103,OFF20,Returned,WH3,Bad,False,True,True,False,False,39777,231.0826577502265,19888.5,382.47115384615387,0
3201,1019,Dress,48036,3,2,Chennai,IND,,Yes,2.833461718528173,1,359,SAVE10,Returned,WH2,Bad,False,True,True,False,True,144108,1017.2127569516142,36027.0,400.3,0
4573,1972,Headphones,23644,4,2,Hyderabad,India,,Y,3.5595069732461515,2,311,SAVE10,Not Returned,WH3,Bad,False,True,False,False,True,94576,1107.006668679553,18915.2,303.12820512820514,0
143,1628,Mobile,78792,1,2,Hyderabad,IN,2023-04-05,N,2.701281144350184,2,452,SAVE10,Not Returned,WH3,Bad,False,True,False,False,True,78792,1220.9790772462832,39396.0,173.9337748344371,0
3487,1616,Mobile,59747,4,2,Mumbai,IND,2023-04-05,Yes,3.102214091898225,2,210,SAVE10,Not Returned,WH3,Good,False,True,False,False,True,238988,651.4649592986273,47797.6,1132.6445497630332,0
65,1418,Headphones,96199,1,2,Mumbai,IND,,N,3.842225453860534,2,477,YIrSES,Not Returned,WH1,Average,False,True,False,False,True,96199,1832.7415414914747,48099.5,201.2531380753138,0
4752,1168,Shoes,20951,2,0,Hyderabad,India,,Y,1.4466821709678133,2,391,YIrSES,Not Returned,WH3,Bad,False,True,False,False,True,41902,565.652728848415,13967.333333333334,106.89285714285714,0
4557,1406,Dress,70418,2,3,Hyderabad,IN,,No,1.3466646686808068,2,29,SAVE10,Not Returned,WH2,Bad,True,False,False,False,True,140836,39.0532753917434,46945.333333333336,4694.533333333334,0
4766,1228,Dress,14273,4,2,Hyderabad,India,,No,1.027691464032313,0,304,SAVE10,Not Returned,WH2,Bad,True,False,True,False,False,57092,312.41820506582314,11418.4,187.18688524590164,0
2979,1954,Mobile,20448,4,2,Hyderabad,IND,,No,3.3015977668770904,2,173,OFF20,Returned,WH3,Average,False,False,True,False,False,81792,571.1764136697367,16358.4,470.0689655172414,0
1537,1869,Mobile,80795,2,2,Chennai,IND,,Y,4.29870642509527,1,375,YIrSES,Returned,WH3,Average,False,True,False,True,False,161590,1612.0149094107264,53863.333333333336,429.76063829787233,0
926,1709,Shoes,14990,1,2,Chennai,IN,,Yes,1.3792559222704903,1,66,YIrSES,Not Returned,WH1,Good,False,True,True,False,False,14990,91.03089086985236,7495.0,223.73134328358208,0
4605,1053,Mobile,15054,4,0,Chennai,India,2023-04-05,Yes,4.716225885680156,1,123,OFF20,Not Returned,WH1,Average,False,True,False,True,True,60216,580.0957839386592,12043.2,485.61290322580646,0
4547,1612,Headphones,15698,2,3,Mumbai,India,2023-04-05,Yes,4.046390687078263,1,59,YIrSES,Not Returned,WH1,Bad,False,False,True,False,True,31396,238.73705053761753,10465.333333333334,523.2666666666667,0
649,1115,Laptop,39891,2,2,Chennai,India,,Y,1.865383859074361,1,398,YIrSES,Not Returned,WH2,Bad,False,False,True,False,False,79782,742.4227759115956,26594.0,199.95488721804512,0
454,1526,Dress,67731,2,2,Hyderabad,India,2023-04-05,Yes,2.4308151595260057,1,113,YIrSES,Not Returned,WH1,Bad,True,False,True,False,False,135462,274.6821130264386,45154.0,1188.2631578947369,0
4996,1066,Mobile,51783,1,1,Mumbai,IN,,N,4.764288913167397,1,349,SAVE10,Returned,WH1,Bad,True,False,False,True,True,51783,1662.7368306954218,25891.5,147.95142857142858,0
4844,1896,Shoes,4794,4,1,Chennai,IND,,N,1.2319002553843783,0,235,SAVE10,Not Returned,WH1,Bad,True,False,True,False,True,19176,289.4965600153289,3835.2,81.2542372881356,0
1085,1768,Headphones,25811,1,2,Chennai,India,,No,3.221974307325496,1,426,SAVE10,Returned,WH1,Bad,True,False,False,True,True,25811,1372.5610549206613,12905.5,60.44730679156908,0
3741,1992,Shoes,72217,4,3,Hyderabad,IN,,Yes,1.1447792011212092,1,11,YIrSES,Returned,WH1,Average,False,True,False,False,True,288868,12.5925712123333,57773.6,24072.333333333332,-1
1872,1208,Dress,17859,4,0,Mumbai,IND,,No,4.401965901330133,1,264,SAVE10,Returned,WH2,Good,False,True,False,False,True,71436,1162.118997951155,14287.2,269.5698113207547,0
989,1071,Headphones,82000,3,3,Mumbai,IND,2023-04-05,No,3.2905998850681137,1,308,SAVE10,Returned,WH1,Bad,False,True,False,False,False,246000,1013.504764600979,61500.0,796.1165048543689,0
2947,1515,Shoes,62375,3,3,Mumbai,IND,2023-04-05,Yes,3.779895014377408,2,322,OFF20,Returned,WH3,Good,False,False,True,False,True,187125,1217.1261946295253,46781.25,579.3343653250774,0
2178,1811,Headphones,1901,2,3,Delhi,IND,,Yes,2.737879214689639,2,63,SAVE10,Returned,WH2,Good,True,False,False,False,True,3802,172.48639052544726,1267.3333333333333,59.40625,0
2038,1866,Dress,61293,1,1,Delhi,India,2023-04-05,Yes,3.4885436734399344,0,113,YIrSES,Not Returned,WH2,Good,True,False,False,False,True,61293,394.2054350987126,30646.5,537.6578947368421,0
2494,1928,Dress,52535,4,3,Delhi,India,,N,3.7249048048140745,0,392,YIrSES,Returned,WH2,Average,False,False,False,False,False,210140,1460.1626834871172,42028.0,534.70737913486,0
354,1974,Shoes,39803,3,1,Hyderabad,IN,,Y,3.931433365282559,0,36,YIrSES,Returned,WH2,Average,False,False,False,False,True,119409,141.53160115017212,29852.25,3227.2702702702704,0
692,1554,Headphones,83730,3,2,Hyderabad,India,,Y,1.0184492674982375,1,193,SAVE10,Not Returned,WH3,Bad,False,True,False,False,True,251190,196.56070862715984,62797.5,1294.7938144329896,0
1282,1335,Dress,99247,3,3,Chennai,India,2023-04-05,Yes,2.6499763142510604,2,475,YIrSES,Not Returned,WH3,Bad,True,False,False,False,True,297741,1258.7387492692537,74435.25,625.5063025210084,0
2377,1471,Mobile,96772,3,1,Hyderabad,IN,,Y,4.98782833608832,0,350,YIrSES,Returned,WH3,Bad,False,False,False,True,True,290316,1745.739917630912,72579.0,827.1111111111111,0
4032,1672,Shoes,93629,1,0,Mumbai,IN,,N,3.8585176244893966,0,38,OFF20,Not Returned,WH3,Good,False,True,True,False,True,93629,146.62366973059707,46814.5,2400.74358974359,0
2003,1653,Shoes,61360,4,2,Delhi,IND,,N,1.283937118715203,0,155,OFF20,Not Returned,WH3,Average,True,False,True,False,True,245440,199.01025340085647,49088.0,1573.3333333333333,0
203,1065,Shoes,80295,3,1,Delhi,IND,,Yes,3.3470242859828114,0,136,OFF20,Not Returned,WH2,Average,False,True,True,False,True,240885,455.19530289366236,60221.25,1758.2846715328467,0
3695,1304,Mobile,29386,4,2,Mumbai,India,,Yes,1.611775880277424,0,8,OFF20,Not Returned,WH2,Bad,False,True,False,False,False,117544,12.894207042219392,23508.8,13060.444444444445,-1
912,1202,Laptop,66921,2,1,Mumbai,IN,,N,4.181563889391842,0,342,OFF20,Not Returned,WH3,Bad,False,True,False,False,True,133842,1430.09485017201,44614.0,390.20991253644314,0
1504,1719,Laptop,72070,3,3,Mumbai,India,2023-04-05,No,4.130985681543971,1,180,OFF20,Not Returned,WH3,Bad,False,True,False,False,True,216210,743.5774226779148,54052.5,1194.5303867403316,0
3143,1676,Laptop,37161,2,3,Delhi,IND,2023-04-05,Y,1.478146467064073,2,470,YIrSES,Not Returned,WH3,Average,False,True,False,False,True,74322,694.7288395201143,24774.0,157.79617834394904,0
3264,1430,Headphones,40874,3,3,Delhi,IN,2023-04-05,Y,2.444937925374384,0,308,OFF20,Not Returned,WH1,Bad,True,False,True,False,False,122622,753.0408810153103,30655.5,396.8349514563107,0
2962,1635,Headphones,40386,2,3,Chennai,IND,2023-04-05,Yes,2.927677568172335,0,7,SAVE10,Not Returned,WH1,Bad,True,False,True,False,False,80772,20.493742977206345,26924.0,10096.5,0
4974,1021,Laptop,84055,2,1,Chennai,IND,2023-04-05,No,3.862686941562621,1,219,SAVE10,Returned,WH1,Bad,False,False,False,False,True,168110,845.928440202214,56036.666666666664,764.1363636363636,0
2399,1482,Shoes,61794,4,1,Chennai,IN,2023-04-05,Y,3.871961799336243,0,123,SAVE10,Not Returned,WH1,Average,True,False,False,False,True,247176,476.2513013183579,49435.2,1993.3548387096773,0
3985,1141,Dress,1664,2,1,Delhi,India,,Yes,2.778240809440096,2,487,SAVE10,Not Returned,WH1,Bad,False,False,False,False,True,3328,1353.0032741973268,1109.3333333333333,6.819672131147541,0
4536,1633,Shoes,4701,2,1,Mumbai,India,2023-04-05,Yes,3.659776913225983,2,166,SAVE10,Not Returned,WH1,Good,False,False,False,True,True,9402,607.5229675955133,3134.0,56.29940119760479,0
4942,1795,Shoes,45485,1,0,Mumbai,India,2023-04-05,Yes,2.9290815127266066,1,351,SAVE10,Not Returned,WH1,Good,False,True,False,False,True,45485,1028.107610967039,22742.5,129.21875,0
2656,1071,Mobile,45540,4,1,Mumbai,India,2023-04-05,Y,4.955965310852189,1,337,SAVE10,Not Returned,WH3,Bad,False,True,True,False,False,182160,1670.1603097571879,36432.0,538.9349112426036,0
4017,1664,Dress,84363,4,1,Mumbai,IN,,N,1.0411357776258483,0,129,SAVE10,Not Returned,WH2,Bad,True,False,False,True,False,337452,134.30651531373442,67490.4,2595.7846153846153,0
4795,1733,Laptop,50136,2,0,Chennai,IND,,No,2.9750055511004496,0,71,SAVE10,Not Returned,WH1,Average,True,False,False,True,True,100272,211.2253941281319,33424.0,1392.6666666666667,0
3327,1370,Dress,52169,1,0,Chennai,IND,,N,2.609342500473032,0,303,YIrSES,Returned,WH2,Average,False,True,True,False,True,52169,790.6307776433288,26084.5,171.60855263157896,0
2144,1883,Dress,96147,1,2,Chennai,IND,,No,4.852212661292482,0,90,YIrSES,Not Returned,WH2,Average,True,False,False,False,True,96147,436.6991395163234,48073.5,1056.5604395604396,0
2986,1615,Headphones,86836,4,1,Chennai,IND,,No,4.236337252566764,2,149,OFF20,Not Returned,WH2,Average,False,True,False,False,True,347344,631.2142506324478,69468.8,2315.6266666666666,0
3101,1112,Shoes,90266,4,2,Chennai,IND,,Y,3.127988366439434,2,174,OFF20,Returned,WH2,Good,False,True,False,False,True,361064,544.2699757604615,72212.8,2063.2228571428573,0
2415,1059,Laptop,8772,2,2,Chennai,IND,,Y,2.656237516508864,0,235,OFF20,Returned,WH2,Good,False,True,False,False,True,17544,624.2158163795831,5848.0,74.33898305084746,0
4590,1343,Dress,74378,1,1,Chennai,India,2023-04-05,No,3.1569565127855808,0,218,OFF20,Returned,WH3,Average,False,True,False,True,False,74378,688.2165197872566,37189.0,339.6255707762557,0
1765,1140,Shoes,77637,1,1,Chennai,India,2023-04-05,No,4.347162221358633,0,462,YIrSES,Returned,WH1,Good,False,False,False,True,False,77637,2008.3889462676884,38818.5,167.68250539956804,0
4948,1274,Shoes,48250,4,1,Delhi,India,,N,1.257457088667277,2,170,OFF20,Not Returned,WH3,Average,False,True,False,True,True,193000,213.76770507343707,38600.0,1128.654970760234,0
4140,1105,Laptop,2090,1,3,Chennai,India,,N,1.8402030342968336,2,49,YIrSES,Not Returned,WH1,Bad,False,False,False,True,True,2090,90.16994868054485,1045.0,41.8,0
4455,1575,Dress,68058,3,2,Hyderabad,India,,N,4.060416619395978,2,430,SAVE10,Not Returned,WH2,Average,False,True,False,True,True,204174,1745.9791463402705,51043.5,473.7215777262181,0
768,1559,Dress,61976,2,2,Delhi,IND,2023-04-05,N,1.7548823487782164,2,245,YIrSES,Not Returned,WH2,Good,False,True,True,False,True,123952,429.946175450663,41317.333333333336,503.869918699187,0
1325,1874,Shoes,70135,4,2,Hyderabad,IN,,N,1.149862226220359,0,373,SAVE10,Returned,WH3,Bad,False,True,False,False,True,280540,428.89861038019393,56108.0,750.1069518716578,0
4567,1848,Headphones,62188,4,2,Chennai,India,,Y,2.5498303553626127,2,384,SAVE10,Returned,WH3,Bad,False,True,False,False,True,248752,979.1348564592433,49750.4,646.1090909090909,0
4065,1807,Dress,90179,3,1,Chennai,India,,Yes,2.5022444127529786,1,233,SAVE10,Returned,WH1,Bad,True,False,False,True,False,270537,583.022948171444,67634.25,1156.1410256410256,0
2400,1781,Mobile,99775,2,1,Mumbai,IND,,Y,2.657516104804936,1,319,OFF20,Returned,WH2,Average,True,False,False,True,True,199550,847.7476374327746,66516.66666666667,623.59375,0
2177,1548,Headphones,37830,4,0,Mumbai,India,2023-04-05,No,3.462145672409397,1,315,YIrSES,Returned,WH1,Average,False,True,False,True,False,151320,1090.5758868089601,30264.0,478.8607594936709,0
2379,1432,Shoes,40881,1,1,Mumbai,IN,2023-04-05,No,2.0682362585093848,2,373,SAVE10,Returned,WH2,Average,False,True,True,False,True,40881,771.4521244240005,20440.5,109.30748663101605,0
1447,1570,Dress,99114,4,3,Hyderabad,IN,,Yes,3.9333861642453463,0,467,SAVE10,Returned,WH2,Bad,True,False,True,False,True,396456,1836.8913387025766,79291.2,847.1282051282051,0
2521,1061,Laptop,85500,3,1,Chennai,IN,,Y,3.6743007576902,0,415,SAVE10,Not Returned,WH1,Average,True,False,False,True,True,256500,1524.834814441433,64125.0,616.5865384615385,0
3804,1854,Headphones,97669,3,1,Mumbai,IN,,No,2.44963074069798,2,469,OFF20,Not Returned,WH1,Good,True,False,False,True,True,293007,1148.8768173873525,73251.75,623.4191489361702,0
939,1365,Headphones,1446,4,0,Hyderabad,IN,,N,2.978551087769797,1,8,OFF20,Not Returned,WH2,Good,True,False,False,False,True,5784,23.828408702158377,1156.8,642.6666666666666,0
597,1520,Laptop,7907,1,1,Delhi,IN,2023-04-05,No,4.025635819108544,1,26,OFF20,Not Returned,WH2,Good,False,True,False,False,False,7907,104.66653129682214,3953.5,292.85185185185185,0
4826,1376,Headphones,85676,2,3,Delhi,India,2023-04-05,No,1.2805002954570033,1,23,OFF20,Returned,WH3,Bad,False,False,True,False,False,171352,29.451506795511076,57117.333333333336,7139.666666666667,0
2538,1831,Headphones,30881,2,3,Hyderabad,India,,Y,3.936482035690343,0,118,OFF20,Not Returned,WH1,Average,False,False,True,False,False,61762,464.5048802114605,20587.333333333332,519.0084033613446,0
1952,1347,Dress,93859,1,0,Delhi,IND,,Yes,4.832139960929244,0,191,OFF20,Not Returned,WH3,Bad,False,False,True,False,False,93859,922.9387325374856,46929.5,488.8489583333333,0
2389,1550,Laptop,64658,1,3,Delhi,IND,2023-04-05,Y,1.085086677385288,1,446,OFF20,Not Returned,WH1,Bad,False,False,False,True,True,64658,483.94865811383846,32329.0,144.64876957494408,0
3744,1507,Mobile,31722,3,1,Chennai,IN,2023-04-05,No,2.886408957068745,0,75,YIrSES,Not Returned,WH1,Bad,False,False,True,False,False,95166,216.4806717801559,23791.5,1252.1842105263158,0
2502,1535,Mobile,71661,4,3,Hyderabad,IND,2023-04-05,No,3.4504311667579195,0,388,SAVE10,Not Returned,WH1,Bad,True,False,False,True,False,286644,1338.7672927020728,57328.8,736.8740359897172,0
4128,1878,Laptop,31832,3,3,Mumbai,IND,,N,1.8092970015205283,0,337,SAVE10,Not Returned,WH3,Bad,False,False,False,True,False,95496,609.733089512418,23874.0,282.5325443786982,0
628,1258,Headphones,26657,3,2,Hyderabad,IND,,N,3.5550578979332226,1,63,SAVE10,Not Returned,WH3,Bad,False,False,False,True,True,79971,223.96864756979303,19992.75,1249.546875,0
712,1655,Headphones,76730,3,2,Delhi,IN,,N,4.104199965329145,1,340,YIrSES,Returned,WH3,Bad,False,False,False,True,False,230190,1395.4279882119092,57547.5,675.0439882697947,0
4284,1906,Dress,19442,2,2,Delhi,India,,Yes,3.3037460450919944,2,414,OFF20,Returned,WH3,Bad,False,True,True,False,True,38884,1367.7508626680858,12961.333333333334,93.69638554216867,0
2459,1938,Headphones,96521,1,1,Delhi,India,,No,4.284644833750443,0,51,YIrSES,Returned,WH2,Bad,True,False,True,False,True,96521,218.5168865212726,48260.5,1856.173076923077,0
3639,1805,Mobile,80780,2,1,Delhi,IN,,N,3.177891975305352,2,379,OFF20,Returned,WH3,Good,True,False,True,False,True,161560,1204.4210586407282,53853.333333333336,425.1578947368421,0
3634,1587,Shoes,80030,4,1,Chennai,IND,2023-04-05,N,2.3210286289241973,2,285,OFF20,Not Returned,WH3,Average,True,False,True,False,True,320120,661.4931592433962,64024.0,1119.3006993006993,0
2454,1272,Dress,35598,1,2,Chennai,IND,2023-04-05,Yes,1.9522175851487515,2,129,YIrSES,Not Returned,WH3,Average,False,False,False,True,True,35598,251.83606848418896,17799.0,273.83076923076925,0
1151,1027,Laptop,59811,4,3,Hyderabad,IND,,No,3.799244675026401,2,444,SAVE10,Not Returned,WH1,Average,True,False,False,False,False,239244,1686.864635711722,47848.8,537.6269662921349,0
3798,1676,Shoes,98951,3,3,Hyderabad,IN,,N,4.860889776969637,0,194,SAVE10,Returned,WH3,Good,True,False,True,False,False,296853,943.0126167321097,74213.25,1522.323076923077,0
1159,1467,Dress,78275,3,3,Chennai,IND,,N,2.4460970059503597,2,234,OFF20,Returned,WH3,Good,False,True,True,False,False,234825,572.3866993923842,58706.25,999.2553191489362,0
2098,1980,Mobile,49546,1,0,Delhi,IND,,N,4.090100588814778,0,354,OFF20,Not Returned,WH1,Good,False,False,False,True,False,49546,1447.8956084404313,24773.0,139.56619718309858,0
3644,1744,Laptop,43386,4,0,Delhi,IND,,Yes,2.681584318751849,0,475,SAVE10,Not Returned,WH1,Good,True,False,False,True,False,173544,1273.7525514071283,34708.8,364.5882352941176,0
2021,1185,Laptop,29861,4,2,Chennai,India,,N,1.040330339495284,1,277,YIrSES,Returned,WH3,Average,False,True,False,True,False,119444,288.17150404019367,23888.8,429.6546762589928,0
4283,1881,Mobile,64487,2,2,Chennai,IND,,No,3.966619598455796,1,421,OFF20,Not Returned,WH3,Average,False,False,False,False,True,128974,1669.9468509498902,42991.333333333336,305.6255924170616,0
1094,1953,Laptop,2829,1,2,Chennai,India,2023-04-05,No,3.981567433205004,0,197,YIrSES,Not Returned,WH1,Average,False,False,False,False,True,2829,784.3687843413858,1414.5,14.287878787878787,0
563,1281,Headphones,90671,2,3,Mumbai,IND,,No,2.902029583216271,2,115,OFF20,Returned,WH2,Good,True,False,False,True,True,181342,333.73340206987115,60447.333333333336,1563.2931034482758,0
2342,1651,Mobile,32571,2,3,Mumbai,IND,,No,1.486314097896854,2,98,SAVE10,Returned,WH2,Good,False,False,False,True,True,65142,145.6587815938917,21714.0,658.0,0
3473,1133,Mobile,90342,1,3,Mumbai,IN,2023-04-05,Yes,3.999414501430267,0,82,YIrSES,Returned,WH2,Bad,False,False,False,True,False,90342,327.95198911728187,45171.0,1088.4578313253012,0
3246,1970,Dress,86255,3,1,Mumbai,IN,,Yes,2.574262268646425,0,363,SAVE10,Not Returned,WH3,Average,True,False,False,False,False,258765,934.4572035186524,64691.25,710.8928571428571,0
4957,1872,Shoes,18274,1,2,Chennai,IN,,Yes,2.208934592114866,0,364,SAVE10,Not Returned,WH3,Good,True,False,True,False,False,18274,804.0521915298114,9137.0,50.06575342465754,0
2729,1048,Dress,12826,3,2,Hyderabad,India,,No,2.2902418605151635,0,293,SAVE10,Not Returned,WH1,Good,True,False,True,False,False,38478,671.040865130943,9619.5,130.87755102040816,0
1489,1888,Dress,89727,1,3,Chennai,IND,,No,4.034441418839979,2,43,SAVE10,Not Returned,WH1,Average,True,False,True,False,False,89727,173.48098101011908,44863.5,2039.25,0
3608,1985,Headphones,57272,1,3,Chennai,IND,,No,4.075460403962492,2,346,SAVE10,Not Returned,WH2,Good,False,False,True,False,False,57272,1410.1092997710223,28636.0,165.04899135446686,0
2157,1454,Laptop,36353,2,3,Mumbai,IND,,Y,1.3674857654410275,2,51,SAVE10,Returned,WH3,Good,False,True,False,True,False,72706,69.7417740374924,24235.333333333332,1398.1923076923076,0
1350,1516,Laptop,88058,4,1,Mumbai,India,,Yes,2.9064594728769544,2,73,SAVE10,Returned,WH3,Bad,False,False,False,True,True,352232,212.17154152001768,70446.4,4759.891891891892,0
1685,1230,Shoes,29938,1,1,Mumbai,India,2023-04-05,Yes,3.3904049040774438,0,360,SAVE10,Returned,WH2,Bad,False,True,False,False,True,29938,1220.5457654678798,14969.0,82.93074792243767,0
2506,1507,Mobile,10873,3,1,Mumbai,India,,No,4.138074596229777,0,134,SAVE10,Not Returned,WH2,Bad,False,True,True,False,True,32619,554.5019958947902,8154.75,241.62222222222223,0
3877,1136,Shoes,13518,1,0,Mumbai,India,,No,2.147962403823512,0,136,SAVE10,Not Returned,WH2,Good,False,True,True,False,True,13518,292.12288691999765,6759.0,98.67153284671532,0
4223,1735,Mobile,62918,1,1,Hyderabad,India,,Yes,3.336732577343557,2,480,OFF20,Returned,WH1,Bad,False,True,True,False,True,62918,1601.6316371249075,31459.0,130.8066528066528,0
2080,1377,Headphones,65800,4,1,Chennai,IN,,Yes,3.068743485099448,2,277,OFF20,Returned,WH2,Bad,False,True,True,False,False,263200,850.0419453725472,52640.0,946.7625899280575,0
940,1063,Mobile,34070,2,1,Chennai,India,,Yes,1.5350167939762378,0,494,YIrSES,Not Returned,WH2,Bad,False,True,True,False,False,68140,758.2982962242614,22713.333333333332,137.65656565656565,0
107,1745,Mobile,9102,1,1,Hyderabad,IN,,No,1.643977737760295,1,40,YIrSES,Not Returned,WH3,Good,False,False,True,False,False,9102,65.7591095104118,4551.0,222.0,0
2737,1422,Mobile,95939,2,3,Hyderabad,India,,Yes,3.0266042502331536,2,460,OFF20,Not Returned,WH3,Good,False,False,False,False,False,191878,1392.2379551072506,63959.333333333336,416.22125813449026,0
1727,1436,Mobile,68283,3,3,Hyderabad,IND,,Y,1.604684200751401,2,398,SAVE10,Not Returned,WH3,Good,True,False,False,False,False,204849,638.6643118990576,51212.25,513.406015037594,0
3379,1034,Mobile,25260,2,3,Mumbai,India,2023-04-05,Y,3.01841565968696,0,74,OFF20,Not Returned,WH3,Bad,True,False,False,False,False,50520,223.36275881683503,16840.0,673.6,0
4620,1714,Shoes,48453,3,1,Chennai,IND,2023-04-05,N,1.2630646814300088,0,394,OFF20,Returned,WH3,Good,False,False,False,False,False,145359,497.64748448342345,36339.75,367.9974683544304,0
2276,1577,Shoes,65923,3,3,Mumbai,IND,2023-04-05,Yes,2.4556025815339426,0,434,YIrSES,Returned,WH3,Average,False,False,False,True,False,197769,1065.731520385731,49442.25,454.6413793103448,0
1186,1551,Laptop,34792,2,2,Mumbai,IND,2023-04-05,Yes,2.9195674321945373,0,332,SAVE10,Not Returned,WH2,Good,True,False,False,True,True,69584,969.2963874885863,23194.666666666668,208.96096096096096,0
253,1092,Mobile,59814,2,0,Chennai,India,2023-04-05,N,3.13849598959755,1,209,SAVE10,Not Returned,WH1,Average,True,False,True,False,True,119628,655.9456618258879,39876.0,569.6571428571428,0
2213,1990,Dress,27756,2,3,Hyderabad,India,,Y,2.64037328913676,0,89,YIrSES,Not Returned,WH2,Bad,True,False,True,False,True,55512,234.99322273317165,18504.0,616.8,0
1661,1737,Dress,20197,3,3,Hyderabad,IND,,Y,4.254642245752548,0,413,SAVE10,Not Returned,WH2,Bad,False,False,False,False,True,60591,1757.1672474958023,15147.75,146.35507246376812,0
4778,1803,Shoes,30348,1,0,Delhi,India,,N,2.13327119025684,2,74,SAVE10,Returned,WH1,Bad,True,False,False,False,False,30348,157.86206807900618,15174.0,404.64,0
4313,1620,Shoes,66510,4,0,Delhi,IN,,N,1.5126553187833167,2,401,OFF20,Not Returned,WH1,Average,True,False,False,False,True,266040,606.57478283211,53208.0,661.7910447761194,0
488,1224,Laptop,76875,3,0,Delhi,India,,N,3.176909057653458,1,14,OFF20,Returned,WH3,Good,True,False,True,False,False,230625,44.47672680714842,57656.25,15375.0,2
1009,1792,Headphones,26463,2,0,Chennai,India,,Yes,4.19036157895858,0,158,SAVE10,Not Returned,WH1,Good,True,False,False,False,False,52926,662.0771294754556,17642.0,332.8679245283019,0
3893,1123,Headphones,63058,2,3,Chennai,India,,Yes,2.1948905741914886,0,297,YIrSES,Not Returned,WH1,Good,False,False,False,False,True,126116,651.8825005348721,42038.666666666664,423.20805369127515,0
4621,1140,Headphones,67066,2,3,Hyderabad,IN,2023-04-05,No,4.328772753621768,2,279,SAVE10,Not Returned,WH1,Bad,False,False,False,False,True,134132,1207.7275982604733,44710.666666666664,479.04285714285714,0
4388,1303,Mobile,40190,1,3,Hyderabad,IN,,Y,3.710662633007491,2,219,SAVE10,Not Returned,WH1,Bad,False,True,False,False,True,40190,812.6351166286405,20095.0,182.6818181818182,0
121,1003,Shoes,84248,4,2,Hyderabad,IN,,Y,3.8997374079546594,2,370,SAVE10,Not Returned,WH2,Bad,False,False,True,False,True,336992,1442.902840943224,67398.4,908.3342318059299,0
3286,1040,Headphones,56108,3,3,Delhi,IN,,Y,3.4541006903803373,0,257,SAVE10,Returned,WH2,Average,False,False,False,False,True,168324,887.7038774277466,42081.0,652.4186046511628,0
679,1071,Shoes,99062,3,0,Chennai,IN,,Y,2.5800433251721446,0,456,SAVE10,Returned,WH2,Average,False,False,False,False,True,297186,1176.499756278498,74296.5,650.2975929978118,0
2151,1584,Dress,87098,1,1,Chennai,IN,2023-04-05,N,4.3035862235504805,1,50,YIrSES,Not Returned,WH2,Good,True,False,False,True,True,87098,215.17931117752403,43549.0,1707.8039215686274,0
2075,1700,Shoes,98279,2,2,Chennai,India,,Y,4.41167524795406,0,354,YIrSES,Not Returned,WH1,Average,False,False,False,False,True,196558,1561.733037775737,65519.333333333336,553.6845070422535,0
3828,1930,Laptop,98840,4,1,Hyderabad,IN,2023-04-05,Yes,2.3218489558972557,0,278,SAVE10,Not Returned,WH2,Average,False,False,False,False,True,395360,645.4740097394371,79072.0,1417.0609318996417,0
2435,1073,Shoes,6846,4,0,Delhi,IN,,No,1.4926241063334251,1,303,SAVE10,Not Returned,WH3,Good,False,False,False,True,True,27384,452.2651042190278,5476.8,90.07894736842105,0
1962,1171,Laptop,37203,4,3,Delhi,IN,,N,4.299109927064299,1,56,OFF20,Not Returned,WH2,Bad,False,False,False,True,False,148812,240.75015591560071,29762.4,2610.7368421052633,0
1358,1467,Laptop,9430,4,2,Mumbai,IN,,N,3.2686293948907275,1,454,OFF20,Not Returned,WH2,Average,True,False,False,True,False,37720,1483.9577452803903,7544.0,82.9010989010989,0
1069,1079,Mobile,14894,4,2,Mumbai,IND,,No,4.520537786934363,1,34,SAVE10,Returned,WH3,Average,False,False,True,False,True,59576,153.69828475576836,11915.2,1702.1714285714286,0
2108,1897,Shoes,58127,1,3,Delhi,India,,No,2.749926382276747,1,14,YIrSES,Returned,WH3,Average,False,False,False,False,False,58127,38.49896935187446,29063.5,3875.133333333333,0
291,1251,Headphones,21909,2,1,Delhi,IND,,Y,1.3523722963968503,0,482,OFF20,Returned,WH3,Bad,True,False,False,False,False,43818,651.8434468632819,14606.0,90.72049689440993,0
2909,1575,Headphones,77290,2,2,Mumbai,IN,2023-04-05,Y,2.6380387692441407,1,136,SAVE10,Not Returned,WH3,Average,True,False,False,True,False,154580,358.77327261720313,51526.666666666664,1128.3211678832117,0
4070,1320,Mobile,68240,4,0,Delhi,India,2023-04-05,N,1.8283144577821655,1,68,YIrSES,Not Returned,WH1,Average,False,False,False,True,False,272960,124.32538312918726,54592.0,3955.942028985507,0
1943,1944,Mobile,70701,4,0,Chennai,India,2023-04-05,No,3.9347668847661454,0,286,YIrSES,Returned,WH1,Average,False,False,True,False,False,282804,1125.3433290431176,56560.8,985.3797909407665,0
2322,1755,Mobile,24220,1,2,Hyderabad,India,2023-04-05,Y,1.319433722958959,2,106,SAVE10,Returned,WH1,Average,False,False,True,False,False,24220,139.85997463364964,12110.0,226.3551401869159,0
2667,1038,Shoes,99866,3,1,Delhi,IN,2023-04-05,Yes,1.6418124118491817,1,178,SAVE10,Returned,WH1,Average,True,False,True,False,False,299598,292.2426093091543,74899.5,1673.731843575419,0
3754,1716,Shoes,10859,4,1,Delhi,IND,,No,3.2881116943376014,2,320,SAVE10,Not Returned,WH2,Average,True,False,False,True,False,43436,1052.1957421880325,8687.2,135.31464174454828,0
1742,1953,Headphones,81064,4,0,Delhi,IN,,Yes,4.11136019296884,2,435,OFF20,Returned,WH1,Average,True,False,True,False,False,324256,1788.4416839414455,64851.2,743.7064220183486,0
3177,1978,Shoes,16877,3,2,Hyderabad,IND,2023-04-05,N,3.922639148592503,2,441,YIrSES,Not Returned,WH2,Average,False,True,False,True,True,50631,1729.8838645292938,12657.75,114.5497737556561,0
4118,1111,Headphones,35947,2,3,Mumbai,IND,2023-04-05,Y,4.149429523281532,1,21,SAVE10,Not Returned,WH3,Average,False,True,True,False,True,71894,87.13801998891218,23964.666666666668,3267.909090909091,0
1768,1138,Shoes,22461,3,3,Mumbai,IND,2023-04-05,Y,3.287576037478168,0,151,YIrSES,Not Returned,WH3,Bad,False,False,True,False,True,67383,496.4239816592034,16845.75,443.3092105263158,0
876,1743,Shoes,45610,1,3,Chennai,IN,,No,1.7544373826586686,2,463,OFF20,Returned,WH3,Good,False,False,False,True,True,45610,812.3045081709636,22805.0,98.29741379310344,0
1994,1076,Shoes,56733,3,3,Delhi,IND,,No,3.461498202488555,2,428,OFF20,Not Returned,WH3,Average,False,False,True,False,False,170199,1481.5212306651015,42549.75,396.73426573426576,0
4968,1895,Dress,44065,1,1,Delhi,IND,,Y,4.628082532852794,2,187,OFF20,Not Returned,WH3,Good,False,False,False,True,True,44065,865.4514336434725,22032.5,234.38829787234042,0
1864,1684,Mobile,7805,4,1,Mumbai,IND,,N,3.3788857846997917,1,359,OFF20,Returned,WH3,Good,False,False,False,False,True,31220,1213.0199967072251,6244.0,86.72222222222223,0
4279,1192,Dress,33149,4,2,Delhi,India,,Y,2.799050321359537,1,54,OFF20,Returned,WH3,Good,False,False,True,False,False,132596,151.148717353415,26519.2,2410.836363636364,0
4304,1292,Shoes,69105,3,2,Hyderabad,IND,,No,2.40670596733678,2,216,SAVE10,Returned,WH2,Bad,False,False,True,False,False,207315,519.8484889447445,51828.75,955.36866359447,0
1617,1720,Laptop,8254,2,2,Mumbai,IN,,No,3.697892405224741,0,285,YIrSES,Returned,WH2,Good,False,False,True,False,False,16508,1053.899335489051,5502.666666666667,57.72027972027972,0
593,1755,Shoes,13714,3,3,Mumbai,IND,,N,3.540127288227501,0,132,YIrSES,Returned,WH2,Good,False,False,False,False,True,41142,467.2968020460301,10285.5,309.3383458646617,0
4366,1286,Laptop,79084,4,1,Delhi,India,,N,4.464920330086297,2,348,YIrSES,Returned,WH2,Bad,False,False,False,False,False,316336,1553.7922748700314,63267.2,906.4068767908309,0
784,1187,Laptop,75952,3,1,Delhi,IN,2023-04-05,N,4.665334534732281,1,298,YIrSES,Returned,WH2,Bad,True,False,False,False,False,227856,1390.2696913502198,56964.0,762.0602006688963,0
1615,1901,Dress,46286,4,2,Delhi,IND,,Y,1.9068888869841465,2,73,OFF20,Not Returned,WH2,Good,False,True,False,False,True,185144,139.20288874984269,37028.8,2501.945945945946,0
1840,1303,Mobile,38013,1,1,Hyderabad,IN,2023-04-05,Y,2.2087415630976377,2,441,SAVE10,Not Returned,WH1,Good,False,False,False,True,True,38013,974.0550293260583,19006.5,86.00226244343891,0
254,1459,Mobile,25892,2,2,Hyderabad,IND,2023-04-05,Y,1.0305273329502476,1,457,OFF20,Not Returned,WH1,Good,False,False,False,False,True,51784,470.95099115826315,17261.333333333332,113.06550218340611,0
4119,1605,Mobile,31623,4,2,Delhi,IND,,No,2.5446518835631515,1,393,OFF20,Not Returned,WH2,Good,True,False,False,False,True,126492,1000.0481902403186,25298.4,321.0456852791878,0
4490,1090,Mobile,26001,4,1,Hyderabad,IND,,Y,3.647268969170856,1,421,YIrSES,Not Returned,WH3,Average,False,False,True,False,True,104004,1535.5002360209303,20800.8,246.45497630331752,0
2427,1978,Dress,92006,3,3,Hyderabad,India,,Y,2.546170494130582,2,401,SAVE10,Not Returned,WH3,Bad,True,False,False,True,True,276018,1021.0143681463633,69004.5,686.6119402985074,0
1966,1795,Headphones,67186,4,1,Delhi,IN,2023-04-05,N,3.947679038201665,1,52,YIrSES,Not Returned,WH2,Average,False,False,True,False,True,268744,205.27930998648657,53748.8,5070.641509433963,0
245,1950,Shoes,9554,1,1,Mumbai,IND,,Y,1.2161066345442446,1,49,YIrSES,Returned,WH1,Bad,False,True,False,True,True,9554,59.58922509266799,4777.0,191.08,0
4417,1506,Shoes,22708,3,3,Mumbai,India,,Y,4.768263657052054,0,413,SAVE10,Returned,WH3,Average,False,False,False,True,True,68124,1969.2928903624982,17031.0,164.55072463768116,0
2743,1643,Headphones,21299,4,3,Mumbai,IN,,No,2.02250759913532,1,463,SAVE10,Not Returned,WH1,Average,False,False,False,False,False,85196,936.4210183996532,17039.2,183.61206896551724,0
2793,1126,Mobile,26734,1,3,Hyderabad,IN,,No,2.203433388553326,2,130,OFF20,Not Returned,WH1,Bad,False,False,True,False,True,26734,286.44634051193236,13367.0,204.0763358778626,0
2615,1538,Headphones,77675,4,1,Chennai,IN,2023-04-05,Y,1.4416986038892574,0,97,YIrSES,Returned,WH1,Average,False,False,False,False,True,310700,139.84476457725796,62140.0,3170.408163265306,0
425,1442,Shoes,72565,3,0,Hyderabad,IND,,No,2.4548551671677874,0,203,OFF20,Returned,WH2,Average,False,False,True,False,True,217695,498.33559893506083,54423.75,1067.1323529411766,0
1760,1212,Shoes,58373,1,0,Hyderabad,India,,N,3.3216437252186326,1,255,OFF20,Not Returned,WH1,Bad,False,False,False,False,False,58373,847.0191499307513,29186.5,228.01953125,0
743,1794,Headphones,17610,4,2,Hyderabad,India,,No,2.3681471949492057,0,383,SAVE10,Not Returned,WH3,Bad,False,False,False,False,True,70440,907.0003756655458,14088.0,183.4375,0
3826,1353,Dress,83743,3,2,Delhi,India,,N,1.555958696988213,0,313,OFF20,Returned,WH3,Bad,False,True,False,True,True,251229,487.0150721573107,62807.25,800.0923566878981,0
3004,1608,Mobile,90503,3,0,Delhi,India,2023-04-05,Y,4.37973993077996,2,422,SAVE10,Not Returned,WH1,Bad,True,False,False,True,True,271509,1848.250250789143,67877.25,641.8652482269504,0
3420,1110,Dress,34913,2,0,Chennai,IND,2023-04-05,N,1.6665379006979566,2,488,SAVE10,Not Returned,WH1,Good,False,False,True,False,True,69826,813.2704955406028,23275.333333333332,142.79345603271983,0
3665,1297,Laptop,28261,4,3,Chennai,IN,,Yes,3.733822983696549,2,209,SAVE10,Not Returned,WH3,Good,False,True,True,False,True,113044,780.3690035925788,22608.8,538.3047619047619,0
2513,1932,Laptop,84677,2,3,Delhi,IN,,N,1.945079360973676,1,361,SAVE10,Not Returned,WH3,Average,True,False,False,True,True,169354,702.1736493114971,56451.333333333336,467.82872928176795,0
2924,1779,Dress,41571,4,0,Delhi,IN,,N,4.9964545474957855,1,153,OFF20,Not Returned,WH2,Good,False,True,False,True,False,166284,764.4575457668552,33256.8,1079.7662337662337,0
2588,1385,Dress,17759,2,0,Chennai,IN,,N,2.010897960605151,0,225,OFF20,Returned,WH2,Average,False,False,False,False,False,35518,452.452041136159,11839.333333333334,157.15929203539824,0
590,1790,Shoes,66433,2,0,Mumbai,IN,2023-04-05,N,2.102801847358798,0,113,OFF20,Not Returned,WH2,Good,False,True,False,False,False,132866,237.6166087515442,44288.666666666664,1165.4912280701753,0
3243,1193,Shoes,70485,4,0,Hyderabad,IND,,No,4.844693133170468,0,329,YIrSES,Not Returned,WH1,Average,False,True,True,False,False,281940,1593.9040408130838,56388.0,854.3636363636364,0
4915,1238,Shoes,94565,1,2,Hyderabad,India,,No,4.692734709662364,0,296,YIrSES,Not Returned,WH2,Average,False,True,False,False,False,94565,1389.0494740600598,47282.5,318.4006734006734,0
4682,1302,Mobile,79158,4,2,Hyderabad,IND,2023-04-05,N,1.3477041148523026,1,115,YIrSES,Not Returned,WH2,Average,True,False,False,True,False,316632,154.9859732080148,63326.4,2729.5862068965516,0
3566,1474,Laptop,72877,2,0,Mumbai,IND,2023-04-05,Yes,2.7940818576434925,0,180,SAVE10,Not Returned,WH1,Bad,False,True,False,True,False,145754,502.93473437582867,48584.666666666664,805.2707182320441,0
2601,1847,Shoes,43633,2,1,Mumbai,IND,,No,2.0850192170933344,1,58,YIrSES,Not Returned,WH3,Average,False,False,False,True,False,87266,120.93111459141339,29088.666666666668,1479.084745762712,0
3417,1219,Dress,8510,1,0,Chennai,IND,2023-04-05,N,4.756048417682455,1,465,YIrSES,Returned,WH1,Average,False,False,False,True,False,8510,2211.5625142223416,4255.0,18.261802575107296,0
3880,1070,Shoes,63714,3,1,Mumbai,IND,2023-04-05,No,2.088276801390869,0,10,SAVE10,Returned,WH1,Good,False,True,False,True,False,191142,20.882768013908688,47785.5,17376.545454545456,-1
1811,1728,Shoes,67032,4,2,Delhi,India,2023-04-05,Yes,3.242623978882462,0,182,SAVE10,Not Returned,WH1,Bad,False,False,False,True,False,268128,590.157564156608,53625.6,1465.1803278688524,0
2508,1002,Headphones,12598,4,1,Chennai,India,,Yes,3.6796597260727952,0,235,SAVE10,Not Returned,WH3,Bad,False,False,False,True,True,50392,864.7200356271069,10078.4,213.52542372881356,0
3976,1285,Shoes,50572,4,0,Mumbai,India,2023-04-05,Yes,3.681693656150157,0,244,OFF20,Returned,WH1,Bad,True,False,True,False,True,202288,898.3332521006383,40457.6,825.665306122449,0
3448,1433,Shoes,35141,2,2,Mumbai,IND,,No,4.998558078781263,2,356,OFF20,Not Returned,WH1,Bad,False,False,False,False,False,70282,1779.4866760461298,23427.333333333332,196.86834733893556,0
3974,1136,Laptop,49952,4,2,Hyderabad,IN,,Y,1.851224460443468,2,151,OFF20,Not Returned,WH3,Bad,False,True,False,False,True,199808,279.5348935269637,39961.6,1314.5263157894738,0
3215,1225,Shoes,92557,1,0,Delhi,India,,Yes,3.9668375283276034,2,396,YIrSES,Not Returned,WH3,Bad,False,True,False,False,True,92557,1570.867661217731,46278.5,233.1410579345088,0
1349,1916,Shoes,32048,1,3,Mumbai,IN,,Yes,1.984001168801783,2,111,YIrSES,Not Returned,WH3,Bad,False,True,False,False,True,32048,220.2241297369979,16024.0,286.14285714285717,0
2662,1741,Shoes,98275,1,3,Mumbai,IND,,N,1.0703492641153618,0,450,YIrSES,Not Returned,WH3,Good,False,True,False,True,True,98275,481.6571688519128,49137.5,217.90465631929047,0
3422,1733,Shoes,58189,1,2,Hyderabad,IN,,N,1.265531813969477,0,488,SAVE10,Returned,WH3,Average,False,False,True,False,True,58189,617.5795252171047,29094.5,118.9959100204499,0
3065,1139,Mobile,47600,2,0,Hyderabad,IN,,Yes,4.638950030837243,0,97,OFF20,Not Returned,WH2,Good,True,False,False,False,False,95200,449.9781529912126,31733.333333333332,971.4285714285714,0
3369,1666,Mobile,70440,2,2,Delhi,India,,Yes,1.4140382110166438,2,343,OFF20,Returned,WH3,Average,False,True,True,False,False,140880,485.0151063787088,46960.0,409.5348837209302,0
2882,1413,Laptop,29302,2,1,Chennai,India,,Y,4.978470471917356,2,111,YIrSES,Returned,WH1,Good,False,True,False,False,False,58604,552.6102223828265,19534.666666666668,523.25,0
629,1823,Mobile,91571,2,1,Chennai,IN,,N,1.7800433231610038,0,256,SAVE10,Returned,WH2,Good,False,True,False,True,False,183142,455.69109072921697,61047.333333333336,712.6147859922179,0
2562,1659,Dress,3955,2,2,Delhi,India,2023-04-05,No,4.102378665864663,2,161,SAVE10,Returned,WH2,Average,True,False,False,False,False,7910,660.4829652042107,2636.6666666666665,48.82716049382716,0
2160,1865,Dress,49951,2,2,Delhi,IND,2023-04-05,No,3.4065153100599197,1,412,YIrSES,Not Returned,WH3,Average,True,False,False,False,False,99902,1403.484307744687,33300.666666666664,241.89346246973366,0
1090,1974,Shoes,50515,3,3,Mumbai,IN,,No,3.0744010169202247,1,136,OFF20,Not Returned,WH3,Average,False,False,True,False,False,151545,418.1185383011506,37886.25,1106.1678832116788,0
39,1596,Mobile,36014,3,3,Mumbai,IN,,No,4.777779000373704,0,53,OFF20,Returned,WH1,Average,False,False,True,False,False,108042,253.22228701980634,27010.5,2000.7777777777778,0
4281,1423,Shoes,71890,2,1,Mumbai,IN,,Y,3.3329671859353818,2,459,OFF20,Returned,WH1,Average,False,False,True,False,False,143780,1529.8319383443402,47926.666666666664,312.5652173913044,0
1940,1240,Shoes,11837,1,1,Chennai,IN,,No,3.3501032738122447,0,199,YIrSES,Not Returned,WH1,Bad,False,True,False,False,False,11837,666.6705514886366,5918.5,59.185,0
2851,1827,Dress,43777,1,1,Hyderabad,India,,N,3.757840574365001,0,473,YIrSES,Returned,WH2,Bad,False,True,False,True,False,43777,1777.4585916746455,21888.5,92.35654008438819,0
19,1073,Shoes,97962,1,2,Mumbai,India,,Y,2.2883704893898367,2,119,YIrSES,Not Returned,WH2,Average,False,True,False,False,False,97962,272.31608823739055,48981.0,816.35,0
4901,1503,Dress,9222,4,0,Chennai,IN,,N,3.468993409688976,1,181,YIrSES,Returned,WH3,Average,False,True,False,False,True,36888,627.8878071537047,7377.6,202.6813186813187,0
3484,1850,Headphones,74339,1,0,Chennai,India,,Y,4.909744242393013,0,362,YIrSES,Returned,WH2,Bad,False,False,False,True,True,74339,1777.3274157462708,37169.5,204.79063360881543,0
4643,1160,Dress,92743,1,2,Hyderabad,IND,,Y,4.8293426745375125,1,316,YIrSES,Returned,WH1,Average,False,False,False,True,True,92743,1526.072285153854,46371.5,292.5646687697161,0
1321,1009,Headphones,37617,3,2,Hyderabad,IN,2023-04-05,Y,3.1802696718630914,0,152,YIrSES,Returned,WH1,Good,False,False,False,True,True,112851,483.4009901231899,28212.75,737.5882352941177,0
3468,1358,Headphones,24144,4,1,Chennai,India,2023-04-05,N,1.492517414580917,1,209,SAVE10,Returned,WH1,Bad,False,True,False,False,True,96576,311.93613964741166,19315.2,459.8857142857143,0
4378,1999,Headphones,27265,3,2,Chennai,IN,2023-04-05,No,1.073007708518793,1,204,YIrSES,Not Returned,WH2,Bad,True,False,False,False,True,81795,218.89357253783376,20448.75,399.0,0
2297,1632,Laptop,79690,2,3,Hyderabad,IND,,N,4.1807680476876765,1,426,YIrSES,Not Returned,WH1,Bad,True,False,False,False,True,159380,1781.00718831495,53126.666666666664,373.25526932084307,0
2486,1113,Dress,37083,2,1,Hyderabad,IN,,Yes,3.3319432975725105,2,482,YIrSES,Not Returned,WH2,Bad,True,False,False,False,True,74166,1605.99666942995,24722.0,153.5527950310559,0
1906,1924,Headphones,71828,2,0,Mumbai,IN,,Yes,3.5726103082050704,2,95,YIrSES,Returned,WH2,Bad,False,False,False,False,True,143656,339.3979792794817,47885.333333333336,1496.4166666666667,0
1288,1454,Headphones,3322,3,1,Mumbai,IND,,Yes,4.975632635373582,0,291,YIrSES,Returned,WH2,Good,True,False,True,False,True,9966,1447.9090968937123,2491.5,34.13013698630137,0
1736,1441,Headphones,61823,1,0,Mumbai,IN,,No,1.478400159576862,1,408,SAVE10,Returned,WH2,Average,True,False,False,True,True,61823,603.1872651073597,30911.5,151.1564792176039,0
2311,1020,Headphones,65492,1,3,Mumbai,IN,,Y,1.9331496555631944,2,380,OFF20,Not Returned,WH2,Bad,True,False,False,True,False,65492,734.5968691140139,32746.0,171.89501312335958,0
3520,1821,Headphones,89312,1,2,Delhi,India,,Y,2.130093699710589,1,490,OFF20,Not Returned,WH2,Bad,True,False,False,True,False,89312,1043.7459128581886,44656.0,181.89816700611,0
534,1880,Laptop,63263,3,2,Delhi,India,,Y,3.313412191535574,2,64,OFF20,Not Returned,WH2,Average,False,False,False,False,False,189789,212.05838025827674,47447.25,2919.8307692307694,0
2613,1064,Headphones,82137,2,1,Delhi,India,,N,1.8546785583685537,2,484,OFF20,Not Returned,WH2,Good,False,False,False,True,False,164274,897.66442225038,54758.0,338.7092783505155,0
2366,1178,Mobile,7929,2,1,Chennai,IND,2023-04-05,Yes,4.066666088354889,2,84,YIrSES,Returned,WH2,Good,False,True,True,False,False,15858,341.5999514218107,5286.0,186.56470588235294,0
3686,1580,Mobile,30174,3,1,Chennai,IND,2023-04-05,N,1.7591713538648204,2,390,YIrSES,Returned,WH2,Good,False,True,False,True,False,90522,686.0768280072799,22630.5,231.51406649616368,0
2712,1113,Mobile,25310,2,3,Hyderabad,IND,2023-04-05,Y,3.7108065523539855,0,97,YIrSES,Returned,WH1,Bad,False,True,False,True,False,50620,359.9482355783366,16873.333333333332,516.530612244898,0
904,1685,Laptop,56190,4,2,Delhi,IND,,Y,2.732396231118009,0,434,SAVE10,Returned,WH1,Bad,False,True,True,False,False,224760,1185.8599643052157,44952.0,516.6896551724138,0
2445,1810,Laptop,49890,4,1,Hyderabad,IND,,N,4.328096441759713,2,394,SAVE10,Returned,WH1,Average,False,False,False,False,False,199560,1705.2699980533268,39912.0,505.2151898734177,0
4505,1502,Headphones,70765,1,1,Hyderabad,IND,2023-04-05,N,2.9755286385495348,2,339,OFF20,Returned,WH3,Bad,False,True,False,False,False,70765,1008.7042084682923,35382.5,208.13235294117646,0
2384,1973,Headphones,64801,3,0,Chennai,IN,2023-04-05,Y,2.5982788203732774,0,372,SAVE10,Not Returned,WH1,Good,False,True,True,False,False,194403,966.5597211788591,48600.75,521.1876675603218,0
4715,1270,Dress,88165,1,1,Delhi,IN,,N,2.21496854271182,0,402,SAVE10,Not Returned,WH2,Bad,False,True,True,False,False,88165,890.4173541701517,44082.5,218.77171215880892,0
2164,1456,Headphones,26374,3,1,Hyderabad,India,,Yes,2.95316094471282,0,406,SAVE10,Not Returned,WH2,Good,False,True,False,False,False,79122,1198.983343553405,19780.5,194.4029484029484,0
958,1645,Headphones,6283,1,3,Chennai,India,2023-04-05,Yes,3.712293708019253,0,494,OFF20,Not Returned,WH3,Good,True,False,False,False,False,6283,1833.873091761511,3141.5,12.692929292929293,0
317,1355,Headphones,87245,1,3,Mumbai,IND,,Y,2.051227663669388,0,319,YIrSES,Returned,WH1,Average,False,True,True,False,False,87245,654.3416247105347,43622.5,272.640625,0
1723,1867,Mobile,72442,1,1,Delhi,India,2023-04-05,N,1.981273816926262,1,182,OFF20,Returned,WH3,Bad,False,True,True,False,False,72442,360.59183468057967,36221.0,395.85792349726773,0
1126,1692,Laptop,57969,4,0,Delhi,India,,Yes,4.409920802604636,0,244,SAVE10,Returned,WH1,Good,False,True,False,True,False,231876,1076.0206758355312,46375.2,946.4326530612245,0
2216,1464,Laptop,67553,3,3,Delhi,India,,Y,1.446881454137905,2,62,SAVE10,Returned,WH1,Good,False,True,False,True,False,202659,89.70665015655011,50664.75,3216.809523809524,0
4821,1867,Laptop,79389,3,1,Delhi,IN,,No,3.3589724041409807,1,496,SAVE10,Returned,WH3,Good,False,True,True,False,True,238167,1666.0503124539264,59541.75,479.2092555331992,0
2967,1755,Headphones,34591,1,1,Chennai,IN,,N,1.8556770402163891,2,489,YIrSES,Returned,WH1,Average,True,False,False,False,False,34591,907.4260726658143,17295.5,70.59387755102041,0
2286,1726,Shoes,17012,1,0,Chennai,India,,N,1.7139354886407383,2,325,YIrSES,Returned,WH1,Average,True,False,False,True,True,17012,557.02903380824,8506.0,52.1840490797546,0
3000,1905,Laptop,3553,1,0,Chennai,IN,,N,1.6946296723268546,0,415,YIrSES,Returned,WH3,Bad,False,True,False,True,False,3553,703.2713140156446,1776.5,8.540865384615385,0
3412,1494,Dress,76868,2,0,Hyderabad,IN,2023-04-05,N,3.400487461587821,0,369,OFF20,Returned,WH3,Average,False,False,False,False,True,153736,1254.779873325906,51245.333333333336,415.5027027027027,0
3560,1549,Headphones,17618,1,1,Chennai,IN,2023-04-05,N,2.1288270829855382,1,362,SAVE10,Returned,WH1,Average,False,True,False,True,True,17618,770.6354040407648,8809.0,48.53443526170799,0
4877,1509,Laptop,24993,2,2,Hyderabad,India,2023-04-05,Yes,3.882460964565196,2,372,SAVE10,Not Returned,WH2,Average,False,True,False,True,False,49986,1444.275478818253,16662.0,134.01072386058982,0
2328,1359,Headphones,67486,2,0,Mumbai,India,2023-04-05,Yes,3.207786429497863,2,29,YIrSES,Returned,WH3,Bad,False,True,False,True,True,134972,93.02580645543803,44990.666666666664,4499.066666666667,0
4566,1866,Shoes,56400,3,2,Delhi,India,2023-04-05,N,3.817741470235667,2,390,OFF20,Returned,WH3,Average,False,True,True,False,False,169200,1488.9191733919101,42300.0,432.73657289002557,0
1987,1169,Mobile,7274,1,3,Delhi,India,,Yes,2.29795514767861,2,317,YIrSES,Not Returned,WH3,Good,False,True,True,False,True,7274,728.4517818141194,3637.0,22.87421383647799,0
1572,1660,Dress,22385,4,3,Delhi,India,,Y,2.9892581980696677,0,469,OFF20,Not Returned,WH1,Bad,True,False,False,False,True,89540,1401.9620948946742,17908.0,190.51063829787233,0
302,1290,Dress,66682,3,1,Mumbai,IND,,N,4.57866808379665,0,214,YIrSES,Not Returned,WH1,Good,False,True,False,False,True,200046,979.8349699324831,50011.5,930.446511627907,0
4865,1381,Mobile,77214,3,3,Hyderabad,India,,N,1.0403380048095716,2,222,YIrSES,Not Returned,WH2,Average,True,False,True,False,True,231642,230.9550370677249,57910.5,1038.7533632286995,0
2163,1443,Shoes,53793,1,1,Hyderabad,India,,Yes,1.7568217669120414,2,382,SAVE10,Returned,WH2,Good,False,True,False,False,True,53793,671.1059149603998,26896.5,140.45169712793734,0
688,1174,Shoes,1772,2,2,Mumbai,IN,,Yes,1.9924219780644965,1,226,YIrSES,Returned,WH3,Good,True,False,True,False,True,3544,450.2873670425762,1181.3333333333333,15.612334801762115,0
3033,1604,Shoes,93569,3,3,Chennai,IN,,Yes,2.2488895760616923,1,146,YIrSES,Returned,WH3,Good,False,True,True,False,True,280707,328.33787810500706,70176.75,1909.5714285714287,0
391,1913,Shoes,71118,2,0,Chennai,IND,,Yes,2.686599764174086,2,466,YIrSES,Not Returned,WH3,Average,False,True,False,True,True,142236,1251.955490105124,47412.0,304.57387580299786,0
4077,1051,Shoes,22327,1,2,Chennai,IND,2023-04-05,Yes,4.810972551208769,1,380,YIrSES,Not Returned,WH3,Average,False,True,True,False,False,22327,1828.1695694593323,11163.5,58.6010498687664,0
2207,1468,Headphones,12323,1,3,Delhi,IND,,Yes,3.906007318160821,2,10,YIrSES,Not Returned,WH3,Average,False,False,True,False,False,12323,39.06007318160821,6161.5,1120.2727272727273,0
4340,1876,Dress,97941,4,3,Hyderabad,IND,,N,4.513622155670129,0,286,SAVE10,Returned,WH1,Bad,False,False,True,False,False,391764,1290.895936521657,78352.8,1365.0313588850174,0
4785,1919,Dress,87861,1,3,Hyderabad,IN,,No,3.9049607379986657,0,283,OFF20,Not Returned,WH2,Average,False,False,True,False,True,87861,1105.1038888536225,43930.5,309.36971830985914,0
3269,1639,Shoes,3492,2,0,Hyderabad,IN,,No,4.226692734425503,0,109,OFF20,Not Returned,WH3,Good,True,False,True,False,True,6984,460.7095080523799,2328.0,63.49090909090909,0
3988,1775,Mobile,70042,2,3,Mumbai,IN,,N,4.414512176491886,0,381,YIrSES,Not Returned,WH3,Bad,False,False,False,True,False,140084,1681.9291392434086,46694.666666666664,366.71204188481676,0
4489,1770,Laptop,51883,3,2,Chennai,India,,N,4.924299495908024,0,96,SAVE10,Not Returned,WH2,Good,True,False,False,False,True,155649,472.73275160717037,38912.25,1604.6288659793815,0
4016,1332,Laptop,1270,2,3,Chennai,IND,,N,4.3599175926980935,1,251,SAVE10,Not Returned,WH1,Average,True,False,False,True,False,2540,1094.3393157672215,846.6666666666666,10.079365079365079,0
40,1559,Laptop,74636,1,0,Chennai,IN,,N,4.823797389122363,1,440,YIrSES,Not Returned,WH1,Average,True,False,False,False,False,74636,2122.4708512138395,37318.0,169.24263038548753,0
1259,1292,Laptop,32532,2,1,Chennai,India,2023-04-05,N,3.7585725289878695,0,168,OFF20,Not Returned,WH2,Average,False,False,True,False,False,65064,631.4401848699621,21688.0,384.9940828402367,0
2906,1665,Mobile,9006,1,1,Delhi,IND,,N,3.340244236378343,1,203,YIrSES,Not Returned,WH3,Average,False,False,False,False,True,9006,678.0695799848036,4503.0,44.14705882352941,0
4401,1250,Headphones,22611,2,0,Delhi,IND,,No,3.0953741747207424,0,364,SAVE10,Not Returned,WH1,Average,False,False,True,False,True,45222,1126.7161995983502,15074.0,123.8958904109589,0
3429,1367,Headphones,5485,4,0,Delhi,India,,N,4.623470427694485,2,263,SAVE10,Not Returned,WH1,Bad,True,False,False,True,True,21940,1215.9727224836497,4388.0,83.10606060606061,0
832,1389,Dress,68343,1,0,Delhi,IND,,N,2.4042201839286705,2,66,YIrSES,Returned,WH1,Bad,True,False,True,False,True,68343,158.67853213929226,34171.5,1020.044776119403,0
3250,1215,Shoes,55618,4,1,Chennai,IND,2023-04-05,N,1.6627294252455598,2,164,YIrSES,Not Returned,WH1,Bad,False,True,True,False,True,222472,272.6876257402718,44494.4,1348.3151515151515,0
4569,1575,Dress,27543,2,1,Delhi,IN,,Y,2.9529808488110225,2,299,OFF20,Not Returned,WH2,Average,True,False,True,False,False,55086,882.9412737944957,18362.0,183.62,0
2,1365,Laptop,77963,4,1,Hyderabad,IN,,Y,4.895932612624012,1,84,OFF20,Not Returned,WH1,Good,True,False,True,False,True,311852,411.258339460417,62370.4,3668.8470588235296,0
4788,1851,Laptop,58936,4,2,Hyderabad,India,,Y,3.7656794236665143,0,374,YIrSES,Returned,WH1,Good,False,False,False,True,True,235744,1408.3641044512763,47148.8,628.6506666666667,0
4834,1176,Headphones,91167,1,3,Hyderabad,India,,N,4.856242390154887,1,245,SAVE10,Returned,WH2,Average,True,False,False,True,False,91167,1189.7793855879472,45583.5,370.5975609756098,0
2344,1261,Mobile,77581,3,3,Hyderabad,India,,N,3.691125059868011,1,487,OFF20,Returned,WH3,Good,False,False,False,True,False,232743,1797.5779041557214,58185.75,476.93237704918033,0
3565,1495,Dress,72451,1,2,Hyderabad,India,,N,3.050216557064729,2,438,YIrSES,Returned,WH3,Good,False,False,False,True,False,72451,1335.9948519943512,36225.5,165.0364464692483,0
1012,1011,Shoes,15549,3,2,Hyderabad,India,,Y,2.5457179954062163,2,96,OFF20,Not Returned,WH2,Bad,False,False,True,False,False,46647,244.38892755899678,11661.75,480.89690721649487,0
4896,1062,Shoes,66006,1,2,Chennai,IN,2023-04-05,Yes,4.314511252212485,2,144,SAVE10,Not Returned,WH2,Bad,False,True,False,True,True,66006,621.2896203185978,33003.0,455.21379310344827,0
1082,1369,Laptop,30801,2,2,Mumbai,India,2023-04-05,Yes,2.481432963203943,2,332,SAVE10,Not Returned,WH2,Bad,False,True,False,False,True,61602,823.8357437837092,20534.0,184.99099099099098,0
461,1403,Laptop,1598,1,1,Chennai,India,,Y,3.900263471661591,1,329,SAVE10,Returned,WH3,Average,True,False,False,False,True,1598,1283.1866821766635,799.0,4.842424242424243,0
1836,1362,Laptop,85086,2,1,Delhi,IND,,Y,4.584027136295324,2,266,OFF20,Not Returned,WH2,Average,True,False,False,False,True,170172,1219.3512182545562,56724.0,637.3483146067416,0
4129,1172,Laptop,91867,1,3,Mumbai,IND,,Y,4.580329005650677,1,254,YIrSES,Not Returned,WH1,Bad,False,True,False,True,True,91867,1163.403567435272,45933.5,360.2627450980392,0
1846,1071,Mobile,56095,3,3,Mumbai,IND,2023-04-05,Yes,1.9292172736027675,2,309,OFF20,Not Returned,WH2,Good,True,False,False,True,True,168285,596.1281375432552,42071.25,542.8548387096774,0
2237,1341,Headphones,40530,2,2,Hyderabad,IN,,N,3.9222241630292953,1,348,YIrSES,Not Returned,WH2,Good,False,False,False,True,True,81060,1364.9340087341948,27020.0,232.26361031518624,0
464,1868,Mobile,84481,1,2,Chennai,IND,,N,4.127454394046497,2,420,SAVE10,Not Returned,WH1,Good,False,False,False,True,False,84481,1733.5308454995288,42240.5,200.66745843230404,0
4955,1855,Mobile,56447,3,1,Delhi,IND,,Y,2.602961211098019,2,246,YIrSES,Not Returned,WH1,Good,False,False,False,False,False,169341,640.3284579301127,42335.25,685.591093117409,0
4234,1172,Headphones,6955,2,1,Delhi,IND,,Yes,1.548070976149296,2,203,SAVE10,Not Returned,WH1,Good,False,True,False,False,False,13910,314.2584081583071,4636.666666666667,68.18627450980392,0
881,1064,Mobile,22938,3,3,Mumbai,India,,Yes,2.564023322863258,1,227,YIrSES,Not Returned,WH3,Bad,False,True,False,False,True,68814,582.0332942899596,17203.5,301.8157894736842,0
2703,1218,Mobile,89417,1,0,Mumbai,India,,N,4.722381815922446,2,162,OFF20,Returned,WH3,Good,False,False,False,False,False,89417,765.0258541794364,44708.5,548.5705521472393,0
2520,1517,Shoes,88998,4,0,Delhi,India,,No,4.0976927272137385,2,172,OFF20,Returned,WH3,Bad,False,True,False,False,False,355992,704.803149080763,71198.4,2057.757225433526,0
3945,1348,Mobile,49533,2,3,Hyderabad,India,,Yes,3.0346920605172087,2,153,SAVE10,Not Returned,WH2,Good,False,True,False,False,False,99066,464.30788525913295,33022.0,643.2857142857143,0
1378,1897,Laptop,53097,4,2,Delhi,India,2023-04-05,No,3.2007218106669435,2,217,YIrSES,Returned,WH2,Good,True,False,False,False,False,212388,694.5566329147267,42477.6,974.256880733945,0
4602,1789,Dress,20578,2,3,Hyderabad,IND,2023-04-05,Y,4.438540538484974,2,376,OFF20,Not Returned,WH3,Good,False,True,True,False,True,41156,1668.89124247035,13718.666666666666,109.16710875331565,0
229,1088,Dress,71126,3,2,Hyderabad,IND,,No,1.4728400906016414,2,393,SAVE10,Not Returned,WH2,Bad,False,True,False,False,False,213378,578.8261556064451,53344.5,541.5685279187817,0
4134,1058,Headphones,44465,3,2,Hyderabad,IND,,No,2.626115957003981,0,472,SAVE10,Returned,WH2,Bad,True,False,False,False,True,133395,1239.526731705879,33348.75,282.01902748414375,0
3698,1452,Headphones,34582,4,0,Delhi,IND,,Y,1.021699871620097,1,200,OFF20,Returned,WH2,Average,True,False,False,True,False,138328,204.33997432401938,27665.6,688.1990049751244,0
1698,1642,Headphones,75524,1,0,Delhi,IND,,No,1.6648510375487446,2,93,SAVE10,Returned,WH2,Good,True,False,False,True,True,75524,154.83114649203324,37762.0,803.4468085106383,0
2077,1523,Mobile,67942,4,1,Chennai,IND,,N,1.149728579157785,1,198,OFF20,Not Returned,WH2,Good,False,False,False,True,True,271768,227.64625867324142,54353.6,1365.6683417085428,0
654,1435,Laptop,41569,1,2,Delhi,IND,,N,1.7605534046696725,1,369,OFF20,Not Returned,WH3,Average,False,False,False,True,True,41569,649.6442063231092,20784.5,112.34864864864865,0
2984,1665,Shoes,42656,1,0,Chennai,IND,,Yes,4.670177375921681,2,126,YIrSES,Not Returned,WH1,Bad,False,True,False,True,True,42656,588.4423493661318,21328.0,335.87401574803147,0
4002,1560,Mobile,2982,4,2,Hyderabad,IND,,Y,3.382556907606576,2,61,SAVE10,Not Returned,WH1,Bad,False,True,False,True,True,11928,206.33597136400113,2385.6,192.38709677419354,0
1319,1175,Mobile,30916,3,2,Mumbai,India,,Yes,3.473286941556444,2,438,SAVE10,Not Returned,WH1,Good,False,True,False,False,True,92748,1521.2996804017223,23187.0,211.27107061503418,0
3948,1910,Mobile,20620,3,2,Mumbai,IN,,Yes,4.014850510041223,2,301,SAVE10,Not Returned,WH2,Good,True,False,False,False,True,61860,1208.470003522408,15465.0,204.83443708609272,0
4581,1430,Headphones,23955,3,2,Mumbai,IN,,N,1.615726542512351,2,397,SAVE10,Not Returned,WH1,Bad,True,False,False,False,False,71865,641.4434373774034,17966.25,180.56532663316582,0
3539,1402,Shoes,39844,1,2,Mumbai,IND,,No,2.4042387926038726,1,93,OFF20,Returned,WH1,Average,False,False,False,False,True,39844,223.59420771216014,19922.0,423.8723404255319,0
3462,1174,Mobile,41873,3,2,Delhi,IND,,No,4.175911170638278,1,341,OFF20,Not Returned,WH3,Good,False,False,True,False,True,125619,1423.9857091876527,31404.75,367.3070175438597,0
4951,1479,Mobile,11816,4,3,Chennai,IN,,No,3.731643869657032,2,189,OFF20,Not Returned,WH2,Good,True,False,False,False,True,47264,705.2806913651791,9452.8,248.7578947368421,0
3049,1971,Mobile,21979,3,0,Hyderabad,IN,,Y,3.7090147856330686,0,230,SAVE10,Not Returned,WH3,Good,True,False,False,True,False,65937,853.0734006956058,16484.25,285.4415584415584,0
3123,1091,Laptop,8714,1,0,Chennai,IN,2023-04-05,Y,4.94079379574624,0,114,YIrSES,Not Returned,WH2,Average,False,False,False,False,True,8714,563.2504927150713,4357.0,75.77391304347826,0
1630,1448,Dress,51364,3,3,Hyderabad,India,2023-04-05,Yes,2.235777318884732,2,213,YIrSES,Not Returned,WH3,Average,True,False,False,False,True,154092,476.2205689224479,38523.0,720.0560747663551,0
4112,1799,Dress,83196,4,2,Chennai,India,2023-04-05,Y,2.205524390545038,2,284,YIrSES,Not Returned,WH3,Bad,False,True,False,False,False,332784,626.3689269147908,66556.8,1167.6631578947367,0
4450,1568,Laptop,91940,3,1,Mumbai,IND,,No,4.985352043181196,2,326,YIrSES,Not Returned,WH3,Average,True,False,False,False,False,275820,1625.22476607707,68955.0,843.4862385321101,0
2147,1542,Mobile,71254,2,2,Mumbai,IND,,No,4.536137628082518,2,152,YIrSES,Returned,WH3,Bad,True,False,False,False,False,142508,689.4929194685427,47502.666666666664,931.4248366013072,0
3799,1506,Dress,13441,4,2,Delhi,IND,,N,4.394477454485696,1,192,YIrSES,Returned,WH3,Bad,True,False,False,True,False,53764,843.7396712612538,10752.8,278.5699481865285,0
2617,1322,Dress,51846,1,1,Mumbai,IND,2023-04-05,N,4.503893569316556,1,366,OFF20,Not Returned,WH1,Good,True,False,True,False,True,51846,1648.4250463698595,25923.0,141.26975476839237,0
4379,1940,Shoes,56339,1,2,Chennai,IND,2023-04-05,Yes,1.7826121401592898,0,233,YIrSES,Not Returned,WH1,Bad,True,False,True,False,True,56339,415.34862865711455,28169.5,240.76495726495727,0
465,1986,Mobile,87317,3,2,Chennai,India,,Y,4.102729713167411,0,283,OFF20,Returned,WH3,Good,True,False,False,True,False,261951,1161.0725088263775,65487.75,922.362676056338,0
4803,1036,Shoes,3295,2,2,Hyderabad,IND,,N,4.0089283493966335,0,100,YIrSES,Not Returned,WH2,Good,False,False,False,False,True,6590,400.8928349396633,2196.6666666666665,65.24752475247524,0
1697,1578,Dress,64451,3,2,Mumbai,IND,,Y,1.4415079163049769,0,152,YIrSES,Not Returned,WH3,Bad,True,False,False,False,True,193353,219.1092032783565,48338.25,1263.7450980392157,0
851,1213,Laptop,30893,4,3,Hyderabad,IN,,Yes,2.861634635548276,1,374,YIrSES,Not Returned,WH3,Bad,False,False,False,False,True,123572,1070.251353695055,24714.4,329.5253333333333,0
4068,1960,Shoes,863,2,3,Hyderabad,IN,,N,1.5277596528412891,1,279,YIrSES,Returned,WH2,Average,False,True,False,False,False,1726,426.24494314271965,575.3333333333334,6.164285714285715,0
4578,1600,Shoes,75041,4,2,Chennai,India,,N,3.9069463273758047,1,310,OFF20,Returned,WH2,Average,False,False,False,True,False,300164,1211.1533614864995,60032.8,965.1575562700965,0
827,1636,Dress,64442,3,1,Hyderabad,IND,,Yes,4.1707322506773785,1,209,OFF20,Not Returned,WH2,Bad,True,False,False,True,True,193326,871.6830403915721,48331.5,920.6,0
3574,1129,Shoes,84572,4,1,Mumbai,India,,No,1.6328303397328598,1,420,OFF20,Not Returned,WH2,Bad,True,False,True,False,True,338288,685.7887426878011,67657.6,803.5344418052257,0
1121,1840,Shoes,28471,3,1,Hyderabad,India,,Yes,1.5082991386228568,0,465,OFF20,Returned,WH2,Bad,True,False,False,True,False,85413,701.3590994596284,21353.25,183.28969957081546,0
4827,1805,Laptop,49494,4,1,Chennai,IN,,Y,2.0395022020417874,1,495,OFF20,Returned,WH1,Good,True,False,False,True,False,197976,1009.5535900106848,39595.2,399.14516129032256,0
2252,1368,Laptop,46070,4,1,Hyderabad,IN,,No,4.927786742530622,1,196,SAVE10,Not Returned,WH1,Average,False,True,False,True,False,184280,965.8462015360019,36856.0,935.4314720812183,0
4214,1300,Laptop,93172,4,2,Hyderabad,IN,,No,1.816614056044433,2,228,SAVE10,Returned,WH2,Good,False,False,False,True,False,372688,414.18800477813073,74537.6,1627.4585152838429,0
2390,1599,Mobile,89393,4,0,Hyderabad,IN,,No,1.5791597781968625,2,263,SAVE10,Returned,WH3,Good,True,False,False,True,True,357572,415.3190216657748,71514.4,1354.439393939394,0
32,1817,Headphones,24684,3,1,Hyderabad,IN,,Y,4.553045907640208,2,455,SAVE10,Not Returned,WH3,Bad,True,False,True,False,False,74052,2071.6358879762947,18513.0,162.39473684210526,0
1696,1690,Laptop,42760,3,3,Chennai,IND,2023-04-05,Yes,1.072741981278906,2,492,SAVE10,Returned,WH1,Bad,False,True,True,False,True,128280,527.7890547892218,32070.0,260.2028397565923,0
207,1887,Dress,1855,2,3,Mumbai,IND,,N,1.014696172902041,2,111,OFF20,Not Returned,WH1,Good,True,False,False,True,False,3710,112.63127519212655,1236.6666666666667,33.125,0
4042,1226,Dress,84159,2,0,Mumbai,IND,2023-04-05,Y,2.3423962812378902,2,441,YIrSES,Returned,WH3,Bad,True,False,False,True,True,168318,1032.9967600259097,56106.0,380.8099547511312,0
1138,1567,Shoes,70137,1,3,Mumbai,IN,2023-04-05,No,3.801620848997606,0,205,YIrSES,Returned,WH3,Good,True,False,False,True,True,70137,779.3322740445093,35068.5,340.47087378640776,0
3946,1781,Shoes,93359,2,2,Mumbai,IN,,No,3.916198688097474,0,459,SAVE10,Returned,WH2,Bad,False,False,True,False,True,186718,1797.5351978367407,62239.333333333336,405.9086956521739,0
2343,1565,Shoes,48364,4,0,Mumbai,India,,Y,1.993192848582658,2,221,YIrSES,Not Returned,WH2,Average,False,False,True,False,True,193456,440.49561953676744,38691.2,871.4234234234234,0
3648,1114,Dress,313,4,2,Mumbai,IND,,Yes,3.840588066477736,0,152,SAVE10,Not Returned,WH3,Average,False,False,True,False,False,1252,583.7693861046159,250.4,8.183006535947712,0
3802,1093,Dress,90659,3,3,Mumbai,IND,,Yes,1.101823818058107,0,366,SAVE10,Not Returned,WH3,Average,True,False,False,False,True,271977,403.26751740926716,67994.25,741.0817438692098,0
1597,1240,Dress,219,1,1,Chennai,India,,N,1.372712466423439,2,184,SAVE10,Returned,WH3,Good,True,False,False,False,True,219,252.57909382191275,109.5,1.1837837837837837,0
2675,1314,Laptop,58021,3,1,Chennai,IN,,N,2.6033952616299456,2,347,SAVE10,Returned,WH3,Average,False,False,False,False,True,174063,903.3781557855912,43515.75,500.1810344827586,0
1657,1448,Headphones,95420,3,2,Chennai,IN,,N,2.4099021736413992,0,111,SAVE10,Not Returned,WH3,Average,False,True,True,False,True,286260,267.4991412741953,71565.0,2555.8928571428573,0
814,1821,Dress,38697,4,3,Chennai,IN,,Yes,1.4644616979614191,0,322,OFF20,Returned,WH2,Good,False,True,True,False,True,154788,471.55666674357695,30957.6,479.21981424148606,0
1930,1752,Headphones,79076,3,3,Hyderabad,IND,,N,2.493096916974252,0,204,SAVE10,Returned,WH1,Good,True,False,False,True,False,237228,508.5917710627474,59307.0,1157.209756097561,0
4930,1423,Shoes,24381,4,0,Delhi,IND,,Y,3.1980449250341025,2,246,SAVE10,Not Returned,WH1,Good,True,False,True,False,False,97524,786.7190515583892,19504.8,394.834008097166,0
459,1549,Shoes,86085,1,0,Hyderabad,India,,N,2.3827718845674544,0,272,SAVE10,Not Returned,WH3,Good,True,False,True,False,True,86085,648.1139526023476,43042.5,315.3296703296703,0
3138,1517,Shoes,59741,1,2,Hyderabad,India,,Yes,3.2561615780069952,2,375,YIrSES,Not Returned,WH2,Average,True,False,True,False,True,59741,1221.0605917526232,29870.5,158.88563829787233,0
106,1885,Laptop,10923,3,2,Hyderabad,India,2023-04-05,Yes,2.713629339126179,2,262,YIrSES,Not Returned,WH2,Bad,False,False,True,False,True,32769,710.9708868510589,8192.25,124.59695817490494,0
982,1211,Mobile,61473,2,2,Hyderabad,India,,Yes,3.845064312635746,1,92,OFF20,Not Returned,WH1,Bad,True,False,False,True,True,122946,353.7459167624886,40982.0,1322.0,0
3391,1690,Laptop,23241,2,3,Delhi,IN,,N,2.296442348089985,2,18,OFF20,Returned,WH2,Average,False,True,False,True,True,46482,41.335962265619735,15494.0,2446.4210526315787,0
4640,1265,Laptop,26642,3,1,Chennai,IN,,N,2.686146747141434,1,15,YIrSES,Returned,WH1,Average,False,False,False,True,False,79926,40.29220120712151,19981.5,4995.375,0
4561,1244,Laptop,64717,1,0,Mumbai,IN,,N,3.0562116135194124,1,184,SAVE10,Returned,WH1,Average,True,False,False,True,False,64717,562.3429368875719,32358.5,349.8216216216216,0
1807,1519,Mobile,98715,3,0,Delhi,IN,,N,3.4605376566463746,1,276,SAVE10,Returned,WH2,Good,False,False,False,False,False,296145,955.1083932343994,74036.25,1069.115523465704,0
1606,1244,Headphones,47823,4,3,Mumbai,IN,2023-04-05,Yes,1.0851681746652568,2,52,YIrSES,Returned,WH1,Average,True,False,False,True,True,191292,56.42874508259335,38258.4,3609.2830188679245,0
2132,1483,Headphones,25071,1,3,Hyderabad,IN,2023-04-05,Yes,2.703708692052144,1,57,YIrSES,Not Returned,WH1,Average,True,False,False,True,True,25071,154.1113954469722,12535.5,432.2586206896552,0
4763,1799,Dress,61835,2,0,Delhi,IND,,No,1.8681691499705595,1,248,OFF20,Not Returned,WH1,Bad,False,False,True,False,True,123670,463.30594919269873,41223.333333333336,496.6666666666667,0
1874,1416,Dress,45252,1,3,Delhi,IN,,No,3.260144626699293,2,454,YIrSES,Not Returned,WH1,Average,False,False,False,True,False,45252,1480.105660521479,22626.0,99.45494505494506,0
1409,1230,Laptop,83710,1,3,Delhi,IN,2023-04-05,Yes,4.274882595645966,2,257,OFF20,Not Returned,WH1,Average,False,False,False,False,False,83710,1098.6448270810133,41855.0,324.4573643410853,0
4309,1593,Laptop,82760,4,1,Mumbai,IND,2023-04-05,Y,4.250219327189434,0,383,OFF20,Not Returned,WH3,Good,True,False,False,True,False,331040,1627.8340023135534,66208.0,862.0833333333334,0
1062,1016,Laptop,39713,3,0,Delhi,IND,2023-04-05,N,4.392893199068438,0,309,OFF20,Not Returned,WH1,Good,True,False,False,True,False,119139,1357.4039985121474,29784.75,384.31935483870967,0
3493,1109,Shoes,52731,3,0,Chennai,IN,2023-04-05,No,3.5931335652014336,2,333,YIrSES,Returned,WH1,Bad,True,False,False,True,False,158193,1196.5134772120773,39548.25,473.6317365269461,0
4510,1932,Headphones,89684,1,0,Hyderabad,India,2023-04-05,Y,1.7127104672472484,0,102,OFF20,Returned,WH1,Bad,False,False,True,False,False,89684,174.69646765921934,44842.0,870.7184466019418,0
1517,1665,Mobile,80638,3,2,Chennai,India,,Y,2.534476314693109,0,440,OFF20,Not Returned,WH1,Good,False,False,False,True,True,241914,1115.169578464968,60478.5,548.5578231292517,0
495,1672,Mobile,69701,3,1,Hyderabad,India,,N,2.004364488129128,0,257,OFF20,Returned,WH3,Good,False,False,False,True,True,209103,515.1216734491859,52275.75,810.4767441860465,0
500,1414,Mobile,69044,3,2,Delhi,India,,N,3.198924454666765,1,386,OFF20,Returned,WH3,Bad,True,False,False,True,True,207132,1234.7848395013714,51783.0,535.2248062015503,0
1561,1741,Mobile,13791,2,3,Hyderabad,India,,Yes,2.144872152168437,1,354,OFF20,Returned,WH2,Good,False,True,False,False,False,27582,759.2847418676266,9194.0,77.69577464788732,0
4074,1718,Laptop,23370,3,3,Hyderabad,India,2023-04-05,Yes,2.1563080400950243,1,187,YIrSES,Returned,WH3,Good,False,True,False,False,True,70110,403.2296034977695,17527.5,372.9255319148936,0
1253,1387,Laptop,82708,2,2,Chennai,India,,N,1.1063636695672576,1,164,OFF20,Not Returned,WH2,Good,False,False,False,False,True,165416,181.44364180903025,55138.666666666664,1002.5212121212121,0
401,1881,Headphones,20762,4,3,Mumbai,India,2023-04-05,No,4.560212075626945,2,201,OFF20,Not Returned,WH2,Good,False,False,False,False,True,83048,916.6026272010158,16609.6,411.1287128712871,0
3939,1797,Mobile,43566,4,2,Mumbai,IND,,No,3.7999788341753904,1,137,SAVE10,Not Returned,WH3,Average,False,False,False,True,True,174264,520.5971002820285,34852.8,1262.7826086956522,0
4950,1796,Laptop,21862,2,2,Hyderabad,India,,Y,4.962578365303504,1,176,YIrSES,Not Returned,WH1,Bad,False,False,False,True,True,43724,873.4137922934167,14574.666666666666,247.02824858757063,0
3498,1755,Dress,76787,4,2,Hyderabad,IND,2023-04-05,Y,2.454967253502283,1,186,YIrSES,Not Returned,WH1,Bad,False,True,True,False,True,307148,456.62390915142464,61429.6,1642.5026737967914,0
3,1382,Dress,42988,1,2,Hyderabad,IN,2023-04-05,Y,2.280644509626648,1,430,SAVE10,Not Returned,WH2,Bad,False,True,True,False,True,42988,980.6771391394586,21494.0,99.74013921113689,0
4376,1515,Mobile,11360,4,0,Hyderabad,IN,2023-04-05,N,4.369333114535244,2,276,SAVE10,Not Returned,WH1,Good,False,False,False,False,True,45440,1205.9359396117272,9088.0,164.043321299639,0
719,1743,Mobile,61844,1,1,Chennai,IND,2023-04-05,Yes,4.495763636848176,2,415,SAVE10,Not Returned,WH3,Average,False,False,False,True,True,61844,1865.7419092919931,30922.0,148.66346153846155,0
1808,1609,Mobile,82972,3,1,Hyderabad,IND,,N,1.3712434321193032,2,359,SAVE10,Not Returned,WH2,Bad,False,True,False,True,True,248916,492.27639213082983,62229.0,691.4333333333333,0
320,1321,Headphones,68210,3,2,Delhi,IN,,N,1.1219360804945628,1,464,SAVE10,Not Returned,WH2,Average,False,True,True,False,True,204630,520.5783413494771,51157.5,440.06451612903226,0
1357,1959,Mobile,71601,2,1,Mumbai,IN,2023-04-05,No,1.862092835866973,1,430,SAVE10,Not Returned,WH1,Bad,False,False,True,False,False,143202,800.6999194227984,47734.0,332.25522041763344,0
2844,1294,Laptop,95431,3,2,Mumbai,IN,,Y,1.1118608066099105,2,489,OFF20,Returned,WH1,Bad,False,True,False,True,True,286293,543.6999344322462,71573.25,584.2714285714286,0
1320,1728,Shoes,67586,3,1,Delhi,India,,No,1.5803632738384068,2,103,YIrSES,Returned,WH1,Bad,True,False,False,False,False,202758,162.7774172053559,50689.5,1949.5961538461538,0
4899,1917,Headphones,1155,4,3,Delhi,India,,Yes,3.785554637306555,0,221,YIrSES,Returned,WH2,Bad,True,False,False,True,True,4620,836.6075748447487,924.0,20.81081081081081,0
2490,1197,Laptop,18572,3,3,Chennai,India,,No,1.7547365154506085,1,56,YIrSES,Returned,WH1,Average,False,False,False,True,True,55716,98.26524486523408,13929.0,977.4736842105264,0
2339,1828,Headphones,66213,1,2,Mumbai,IND,2023-04-05,No,2.2330079298212087,1,467,YIrSES,Not Returned,WH3,Bad,True,False,False,True,True,66213,1042.8147032265044,33106.5,141.48076923076923,0
4062,1614,Shoes,59788,1,2,Hyderabad,IND,,No,2.0647176800357565,2,393,SAVE10,Not Returned,WH3,Good,True,False,False,True,True,59788,811.4340482540523,29894.0,151.746192893401,0
733,1768,Headphones,8306,2,1,Hyderabad,IND,,No,2.105209335758256,1,97,OFF20,Returned,WH1,Bad,False,False,False,False,True,16612,204.20530556855084,5537.333333333333,169.51020408163265,0
1798,1396,Laptop,5229,3,0,Delhi,IND,,Yes,4.255762677190768,2,39,SAVE10,Returned,WH2,Average,False,False,True,False,False,15687,165.97474441043997,3921.75,392.175,0
4324,1643,Headphones,61165,3,1,Hyderabad,IN,,N,1.9942791619466176,1,395,SAVE10,Returned,WH2,Good,False,False,True,False,False,183495,787.7402689689139,45873.75,463.3712121212121,0
2837,1361,Headphones,80392,3,1,Delhi,IN,,Y,3.812685382953666,2,261,YIrSES,Returned,WH2,Average,True,False,True,False,False,241176,995.1108849509069,60294.0,920.5190839694657,0
2467,1469,Headphones,15955,2,3,Hyderabad,IND,,N,3.159515396856209,0,15,YIrSES,Returned,WH3,Average,True,False,True,False,False,31910,47.39273095284314,10636.666666666666,1994.375,0
2971,1507,Headphones,34877,1,0,Chennai,IND,2023-04-05,Y,4.022101198047839,1,150,YIrSES,Returned,WH1,Good,False,True,True,False,True,34877,603.3151797071758,17438.5,230.97350993377484,0
4206,1584,Dress,63966,2,1,Chennai,India,,Yes,4.279738514779561,1,155,YIrSES,Not Returned,WH1,Bad,False,True,False,False,True,127932,663.359469790832,42644.0,820.0769230769231,0
2345,1547,Dress,84800,2,2,Delhi,IN,,Yes,4.405862961520635,1,39,YIrSES,Returned,WH1,Average,False,False,False,True,False,169600,171.82865549930474,56533.333333333336,4240.0,0
4580,1971,Headphones,81578,2,1,Hyderabad,IN,,Yes,4.033823585024701,1,451,YIrSES,Not Returned,WH2,Average,False,False,False,True,False,163156,1819.25443684614,54385.333333333336,360.9646017699115,0
1308,1534,Headphones,56871,4,0,Chennai,IND,,Y,4.80178872342432,2,438,SAVE10,Not Returned,WH1,Average,False,False,False,True,True,227484,2103.183460859852,45496.8,518.1867881548975,0
1142,1948,Headphones,5113,4,2,Delhi,India,,N,2.82051787685877,0,250,OFF20,Not Returned,WH1,Average,False,False,True,False,False,20452,705.1294692146926,4090.4,81.4820717131474,0
412,1019,Shoes,36552,2,3,Hyderabad,IND,,Y,3.690293872062355,2,359,YIrSES,Returned,WH3,Average,True,False,False,True,False,73104,1324.8155000703853,24368.0,203.06666666666666,0
4808,1523,Dress,50176,1,2,Chennai,IND,,Yes,1.5113353828186122,0,382,YIrSES,Returned,WH2,Bad,False,True,True,False,False,50176,577.3301162367098,25088.0,131.00783289817232,0
2794,1049,Dress,32557,4,2,Delhi,IND,2023-04-05,N,1.7360529827986153,2,26,OFF20,Not Returned,WH1,Good,False,True,True,False,False,130228,45.137377552764,26045.6,4823.259259259259,0
4040,1370,Dress,6456,3,3,Hyderabad,India,,N,1.6167729282565395,1,418,OFF20,Not Returned,WH1,Good,False,True,False,False,False,19368,675.8110840112336,4842.0,46.224343675417664,0
684,1248,Shoes,59015,3,2,Hyderabad,India,,N,3.979303632677993,2,46,OFF20,Returned,WH2,Bad,False,True,False,False,False,177045,183.0479671031877,44261.25,3766.9148936170213,0
1986,1518,Headphones,43892,4,2,Hyderabad,IN,,No,1.9755187175686253,2,412,SAVE10,Returned,WH2,Average,True,False,False,False,True,175568,813.9137116382736,35113.6,425.1041162227603,0
3770,1288,Headphones,66582,2,2,Hyderabad,India,,No,4.630926641504942,1,26,SAVE10,Not Returned,WH2,Average,False,False,False,False,True,133164,120.4040926791285,44388.0,4932.0,0
1573,1057,Headphones,92212,3,2,Hyderabad,India,2023-04-05,Y,2.7581519257939795,1,499,OFF20,Returned,WH2,Good,False,False,False,False,True,276636,1376.3178109711957,69159.0,553.272,0
1250,1823,Headphones,44131,3,2,Mumbai,IN,2023-04-05,Yes,4.6858716083068135,1,263,OFF20,Returned,WH3,Good,False,False,False,False,True,132393,1232.3842329846918,33098.25,501.4886363636364,0
4121,1215,Laptop,56787,3,3,Mumbai,IND,2023-04-05,No,1.8555005410968584,1,418,YIrSES,Not Returned,WH2,Good,False,False,True,False,False,170361,775.5992261784868,42590.25,406.58949880668257,0
4429,1929,Headphones,90053,4,2,Delhi,IND,2023-04-05,Yes,2.770178565992849,1,188,SAVE10,Not Returned,WH2,Good,False,True,True,False,True,360212,520.7935704066556,72042.4,1905.883597883598,0
4356,1291,Dress,25939,2,3,Hyderabad,IND,,Yes,4.388972850771173,0,115,SAVE10,Not Returned,WH2,Average,False,False,False,True,False,51878,504.73187783868497,17292.666666666668,447.2241379310345,0
1454,1396,Laptop,96321,1,3,Chennai,IND,2023-04-05,Yes,3.4144279567666054,2,436,YIrSES,Not Returned,WH1,Average,False,False,True,False,True,96321,1488.69058915024,48160.5,220.4141876430206,0
3691,1444,Laptop,78653,4,2,Delhi,IND,2023-04-05,N,2.6543164902021474,2,439,OFF20,Not Returned,WH1,Bad,True,False,True,False,True,314612,1165.2449391987427,62922.4,715.0272727272727,0
803,1533,Mobile,66523,3,2,Hyderabad,IN,,Yes,1.296199141226218,0,39,OFF20,Not Returned,WH2,Average,False,False,True,False,True,199569,50.5517665078225,49892.25,4989.225,0
4108,1217,Dress,69040,2,0,Chennai,India,2023-04-05,Yes,1.300523678592968,2,450,SAVE10,Returned,WH2,Good,False,False,True,False,True,138080,585.2356553668355,46026.666666666664,306.16407982261643,0
3478,1178,Headphones,17639,1,2,Chennai,IN,,Y,1.1627272587339612,2,98,SAVE10,Returned,WH2,Average,False,False,True,False,True,17639,113.9472713559282,8819.5,178.17171717171718,0
1922,1202,Laptop,473,2,2,Chennai,IND,,Yes,4.403485288655376,2,76,OFF20,Returned,WH2,Average,False,False,False,False,True,946,334.66488193780856,315.3333333333333,12.285714285714286,0
3281,1650,Laptop,85665,3,2,Chennai,IND,,No,4.073194354004249,1,68,OFF20,Returned,WH1,Average,False,False,True,False,True,256995,276.9772160722889,64248.75,3724.5652173913045,0
390,1436,Headphones,9411,4,2,Chennai,IN,,No,2.8046927688071697,1,178,YIrSES,Not Returned,WH3,Average,True,False,True,False,True,37644,499.2353128476762,7528.8,210.30167597765364,0
3096,1913,Headphones,77648,4,2,Mumbai,IN,,Y,1.2805136730361475,2,444,SAVE10,Not Returned,WH3,Good,False,False,False,True,True,310592,568.5480708280495,62118.4,697.9595505617978,0
1313,1190,Headphones,52249,1,1,Mumbai,India,,Y,4.861619658504484,2,80,SAVE10,Not Returned,WH3,Good,False,False,False,True,False,52249,388.9295726803587,26124.5,645.0493827160494,0
1544,1846,Headphones,20959,2,2,Delhi,IND,2023-04-05,Y,4.644152416330943,1,310,OFF20,Not Returned,WH1,Good,False,False,False,True,False,41918,1439.6872490625924,13972.666666666666,134.78456591639872,0
243,1475,Headphones,79046,1,3,Delhi,India,,No,2.1209765124328497,1,347,OFF20,Not Returned,WH1,Average,True,False,False,True,False,79046,735.9788498141988,39523.0,227.14367816091954,0
2111,1130,Headphones,4510,1,3,Hyderabad,IN,,N,3.9568487075228576,2,39,YIrSES,Not Returned,WH1,Good,True,False,True,False,True,4510,154.31709959339145,2255.0,112.75,0
1847,1355,Laptop,19403,4,1,Mumbai,India,,Y,3.9933800736926863,1,71,YIrSES,Not Returned,WH2,Bad,False,False,True,False,False,77612,283.5299852321807,15522.4,1077.9444444444443,0
885,1942,Laptop,85720,4,0,Chennai,India,2023-04-05,N,3.641787714740528,0,96,YIrSES,Not Returned,WH2,Good,False,False,True,False,False,342880,349.6116206150907,68576.0,3534.8453608247423,0
4051,1794,Laptop,8282,2,1,Hyderabad,India,,Yes,2.297410983451477,1,484,YIrSES,Not Returned,WH3,Good,False,False,True,False,False,16564,1111.9469159905148,5521.333333333333,34.15257731958763,0
2372,1130,Laptop,80989,2,1,Mumbai,IND,,Yes,1.058380634523277,0,401,OFF20,Returned,WH3,Bad,False,False,False,False,False,161978,424.41063444383406,53992.666666666664,402.9303482587065,0
3172,1857,Dress,69941,3,1,Mumbai,IN,,Y,2.359752240524088,1,97,YIrSES,Returned,WH1,Good,False,False,False,False,False,209823,228.89596733083653,52455.75,2141.0510204081634,0
2409,1842,Headphones,30110,4,1,Hyderabad,IN,,Y,1.5690054779760905,2,327,YIrSES,Returned,WH1,Bad,False,True,True,False,False,120440,513.0647912981816,24088.0,367.1951219512195,0
1266,1900,Shoes,61196,1,0,Hyderabad,IN,,No,1.2027634373189842,2,330,YIrSES,Not Returned,WH1,Good,False,True,True,False,False,61196,396.9119343152648,30598.0,184.8821752265861,0
2973,1948,Headphones,83288,3,0,Hyderabad,India,,Y,1.42156451127908,1,329,YIrSES,Not Returned,WH1,Bad,False,False,True,False,False,249864,467.6947242108173,62466.0,757.1636363636363,0
1592,1123,Shoes,54004,3,0,Delhi,IN,2023-04-05,N,1.960623299183084,1,281,SAVE10,Returned,WH3,Bad,False,True,False,False,True,162012,550.9351470704466,40503.0,574.5106382978723,0
1704,1004,Shoes,19167,2,2,Delhi,India,2023-04-05,N,2.611254865786075,1,452,SAVE10,Returned,WH1,Bad,False,True,False,False,True,38334,1180.287199335306,12778.0,84.62251655629139,0
2893,1082,Shoes,75079,4,1,Delhi,IN,,Y,3.5599375426138637,0,160,OFF20,Returned,WH1,Bad,False,True,False,False,True,300316,569.5900068182182,60063.2,1865.3167701863354,0
4106,1403,Mobile,16235,1,1,Delhi,India,,Yes,3.4154018283899767,2,351,OFF20,Returned,WH1,Average,False,True,False,False,True,16235,1198.806041764882,8117.5,46.12215909090909,0
1924,1138,Mobile,30653,4,3,Delhi,IND,,N,4.898373556369011,0,438,SAVE10,Not Returned,WH1,Average,False,True,False,True,True,122612,2145.487617689627,24522.4,279.2984054669704,0
3054,1970,Headphones,118,2,3,Mumbai,IND,,Y,2.532351758004497,0,41,SAVE10,Not Returned,WH1,Bad,True,False,False,True,True,236,103.82642207818438,78.66666666666667,5.619047619047619,0
233,1609,Laptop,59038,4,3,Chennai,IN,2023-04-05,Y,1.753360836883918,2,330,OFF20,Not Returned,WH1,Bad,False,False,False,True,True,236152,578.6090761716929,47230.4,713.4501510574019,0
4172,1689,Shoes,23491,2,3,Chennai,IN,,Y,4.405702931835101,2,299,YIrSES,Not Returned,WH3,Average,False,True,True,False,True,46982,1317.3051766186952,15660.666666666666,156.60666666666665,0
2266,1514,Dress,52561,4,3,Chennai,IN,,N,3.291971789240248,1,404,YIrSES,Not Returned,WH1,Average,False,True,False,False,True,210244,1329.9566028530603,42048.8,519.120987654321,0
4998,1518,Dress,43529,4,3,Delhi,India,,N,1.5720268462305995,1,45,OFF20,Not Returned,WH3,Average,False,True,False,False,True,174116,70.74120808037698,34823.2,3785.1304347826085,0
3192,1927,Laptop,51433,1,3,Mumbai,IND,,N,4.405595570026506,1,270,YIrSES,Not Returned,WH3,Bad,False,False,False,True,True,51433,1189.5108039071565,25716.5,189.78966789667896,0
1316,1659,Headphones,33912,2,1,Mumbai,IND,2023-04-05,N,4.02310185422835,1,242,OFF20,Not Returned,WH2,Bad,False,True,True,False,True,67824,973.5906487232606,22608.0,279.1111111111111,0
3905,1081,Headphones,36692,3,1,Mumbai,IND,2023-04-05,Y,3.367627184249145,1,316,OFF20,Not Returned,WH2,Bad,False,False,False,False,True,110076,1064.1701902227298,27519.0,347.2429022082019,0
1998,1626,Shoes,69051,1,1,Mumbai,IND,2023-04-05,Y,2.2123871296754296,2,66,OFF20,Not Returned,WH2,Average,True,False,True,False,True,69051,146.01755055857836,34525.5,1030.6119402985075,0
4288,1879,Dress,61438,4,1,Mumbai,India,2023-04-05,N,4.696975512171246,0,479,OFF20,Not Returned,WH1,Good,True,False,False,False,True,245752,2249.8512703300266,49150.4,511.98333333333335,0
1933,1657,Dress,22162,4,1,Mumbai,IND,2023-04-05,Yes,1.9027954912339928,2,13,YIrSES,Not Returned,WH1,Good,False,True,False,False,True,88648,24.736341386041907,17729.6,6332.0,0
997,1003,Headphones,24264,3,2,Mumbai,IND,,Y,1.2592977994077863,1,355,SAVE10,Not Returned,WH1,Good,False,True,False,False,False,72792,447.0507187897641,18198.0,204.47191011235955,0
3906,1895,Laptop,25391,3,1,Mumbai,India,2023-04-05,N,4.121313378634404,0,283,SAVE10,Returned,WH2,Bad,True,False,True,False,False,76173,1166.331686153536,19043.25,268.21478873239437,0
1635,1829,Laptop,93062,1,0,Mumbai,India,2023-04-05,Y,4.326532199804921,1,103,SAVE10,Not Returned,WH3,Bad,True,False,False,True,False,93062,445.6328165799069,46531.0,894.8269230769231,0
2607,1182,Shoes,60136,3,0,Hyderabad,IND,2023-04-05,N,4.037009452864508,2,338,OFF20,Not Returned,WH3,Average,False,True,False,False,False,180408,1364.5091950682038,45102.0,532.1769911504425,0
1249,1442,Shoes,66728,1,0,Delhi,IND,2023-04-05,No,1.530418262681224,2,57,SAVE10,Not Returned,WH1,Bad,False,False,True,False,False,66728,87.23384097282977,33364.0,1150.4827586206898,0
4903,1452,Mobile,73582,4,2,Delhi,IND,2023-04-05,Y,3.07803298973038,2,332,OFF20,Not Returned,WH1,Good,False,True,False,True,False,294328,1021.9069525904862,58865.6,883.8678678678679,0
3245,1982,Mobile,99971,1,1,Hyderabad,IND,,N,1.186619922388973,2,7,OFF20,Not Returned,WH3,Good,False,True,False,True,False,99971,8.306339456722812,49985.5,12496.375,-1
548,1796,Dress,76837,4,1,Mumbai,IND,2023-04-05,No,1.836496494438498,2,53,OFF20,Not Returned,WH1,Bad,False,True,False,False,True,307348,97.3343142052404,61469.6,5691.62962962963,0
3085,1903,Headphones,86478,2,0,Delhi,IN,,No,2.6246104865782125,2,93,OFF20,Not Returned,WH2,Bad,False,True,False,False,True,172956,244.08877525177377,57652.0,1839.9574468085107,0
3683,1697,Headphones,23084,3,3,Delhi,India,,No,4.964412242399172,2,215,SAVE10,Returned,WH1,Bad,False,True,False,False,False,69252,1067.348632115822,17313.0,320.6111111111111,0
2557,1599,Shoes,91290,4,0,Delhi,India,,Y,4.340981106310787,1,479,SAVE10,Not Returned,WH1,Bad,True,False,False,False,True,365160,2079.329949922867,73032.0,760.75,0
1505,1283,Mobile,86993,4,0,Mumbai,IND,,Y,1.6385793697752318,0,122,SAVE10,Not Returned,WH3,Good,False,False,False,True,True,347972,199.90668311257826,69594.4,2829.040650406504,0
3443,1158,Mobile,49109,3,0,Mumbai,IND,2023-04-05,Y,1.643101208476188,0,180,YIrSES,Not Returned,WH1,Bad,False,False,True,False,False,147327,295.75821752571386,36831.75,813.9613259668508,0
2320,1049,Shoes,26348,4,1,Hyderabad,IN,2023-04-05,N,4.051516630817792,1,15,YIrSES,Returned,WH2,Average,True,False,True,False,False,105392,60.77274946226688,21078.4,6587.0,0
3155,1684,Shoes,27303,4,2,Delhi,IN,,No,2.7155658354823293,0,429,OFF20,Not Returned,WH1,Good,True,False,False,False,False,109212,1164.9777434219193,21842.4,253.9813953488372,0
1267,1090,Laptop,32186,2,2,Mumbai,IN,,No,3.589266589169378,0,17,YIrSES,Not Returned,WH3,Bad,False,True,False,False,False,64372,61.017532015879425,21457.333333333332,3576.222222222222,0
1414,1175,Mobile,68084,1,0,Mumbai,IN,,No,1.91168842917622,0,120,SAVE10,Not Returned,WH3,Bad,True,False,False,True,False,68084,229.4026115011464,34042.0,562.6776859504132,0
861,1238,Mobile,21488,3,0,Mumbai,India,,Y,1.0471095395394316,2,159,YIrSES,Returned,WH2,Average,True,False,True,False,False,64464,166.49041678676963,16116.0,402.9,0
4279,1192,Dress,33149,4,2,Delhi,India,,Y,2.799050321359537,1,54,YIrSES,Returned,WH3,Good,True,False,True,False,False,132596,151.148717353415,26519.2,2410.836363636364,0
2784,1968,Shoes,54039,4,0,Hyderabad,IND,,Y,3.182486303684508,1,449,YIrSES,Not Returned,WH3,Good,False,False,True,False,True,216156,1428.936350354344,43231.2,480.3466666666667,0
1106,1880,Dress,14367,1,2,Delhi,IN,,Yes,1.6297039066883785,1,414,YIrSES,Not Returned,WH3,Good,True,False,False,True,True,14367,674.6974173689887,7183.5,34.619277108433735,0
3921,1193,Headphones,7137,4,1,Mumbai,IN,2023-04-05,No,1.811745955143317,1,314,SAVE10,Returned,WH3,Average,True,False,False,False,True,28548,568.8882299150016,5709.6,90.62857142857143,0
1374,1705,Laptop,32907,3,3,Hyderabad,IN,,No,3.263497698205565,0,393,SAVE10,Returned,WH2,Bad,True,False,False,False,False,98721,1282.5545953947872,24680.25,250.56091370558374,0
1103,1862,Dress,76566,4,3,Hyderabad,IN,,No,4.550134471240012,1,471,YIrSES,Returned,WH1,Average,False,False,False,False,False,306264,2143.113335954046,61252.8,648.8644067796611,0
589,1179,Mobile,25532,1,3,Mumbai,IND,,Yes,4.410915678873741,0,181,YIrSES,Returned,WH2,Bad,False,True,True,False,False,25532,798.3757378761472,12766.0,140.28571428571428,0
1655,1032,Dress,29747,1,2,Chennai,IND,2023-04-05,N,2.084010816335651,1,31,YIrSES,Returned,WH1,Bad,False,True,True,False,False,29747,64.60433530640519,14873.5,929.59375,0
3746,1696,Headphones,15841,4,3,Chennai,IN,2023-04-05,Y,4.695661441488612,0,340,SAVE10,Not Returned,WH2,Average,True,False,False,True,False,63364,1596.5248901061282,12672.8,185.8181818181818,0
3620,1745,Dress,76756,4,0,Mumbai,IND,2023-04-05,Y,3.5936955171322054,1,230,YIrSES,Returned,WH2,Bad,True,False,True,False,False,307024,826.5499689404072,61404.8,1329.108225108225,0
4205,1447,Laptop,43609,4,0,Mumbai,IND,,Y,1.8189560353668583,1,479,YIrSES,Not Returned,WH1,Bad,False,True,True,False,True,174436,871.2799409407252,34887.2,363.40833333333336,0
1903,1532,Shoes,55375,4,1,Mumbai,India,,N,1.0239715239728384,2,197,YIrSES,Not Returned,WH3,Bad,False,False,False,True,False,221500,201.72239022264918,44300.0,1118.6868686868686,0
3140,1432,Headphones,82106,4,1,Mumbai,IN,,No,1.7396152667846505,0,184,YIrSES,Not Returned,WH2,Bad,False,True,False,True,True,328424,320.0892090883757,65684.8,1775.2648648648649,0
4335,1088,Mobile,24895,3,1,Mumbai,IN,2023-04-05,Y,4.446116235342806,1,266,YIrSES,Not Returned,WH2,Bad,False,True,False,True,False,74685,1182.6669186011864,18671.25,279.7191011235955,0
4410,1285,Dress,16869,2,0,Delhi,IN,,Y,4.579757008625524,2,305,YIrSES,Not Returned,WH1,Good,False,True,True,False,False,33738,1396.8258876307848,11246.0,110.25490196078431,0
3375,1498,Dress,56237,1,0,Chennai,IN,2023-04-05,Yes,2.3247672818153298,1,157,OFF20,Not Returned,WH1,Average,False,True,True,False,True,56237,364.98846324500676,28118.5,355.93037974683546,0
3235,1268,Dress,3669,4,2,Hyderabad,IN,,No,3.3848167619015133,0,425,OFF20,Returned,WH3,Bad,True,False,True,False,False,14676,1438.5471238081432,2935.2,34.45070422535211,0
1916,1407,Headphones,23317,2,2,Hyderabad,IN,,N,4.876344622059584,2,392,SAVE10,Returned,WH2,Bad,False,False,False,True,False,46634,1911.5270918473568,15544.666666666666,118.6615776081425,0
2405,1453,Headphones,47723,3,1,Chennai,IN,,Y,2.355896998765857,1,257,YIrSES,Returned,WH2,Bad,False,False,False,True,True,143169,605.4655286828253,35792.25,554.9186046511628,0
3427,1023,Laptop,87329,4,3,Chennai,IND,,Y,2.501323302069254,0,196,OFF20,Returned,WH2,Bad,False,False,False,False,True,349316,490.25936720557377,69863.2,1773.1776649746193,0
3156,1737,Shoes,37929,2,3,Chennai,IND,,Y,4.106794005486323,1,240,YIrSES,Returned,WH2,Good,False,False,False,False,True,75858,985.6305613167176,25286.0,314.76348547717845,0
2741,1451,Mobile,62955,1,0,Mumbai,IN,,No,4.216000166424398,1,250,SAVE10,Returned,WH3,Bad,False,False,False,False,True,62955,1054.0000416060996,31477.5,250.81673306772907,0
2758,1209,Mobile,31313,2,0,Chennai,India,,No,3.709266664453596,1,488,SAVE10,Returned,WH3,Good,False,False,False,False,True,62626,1810.122132253355,20875.333333333332,128.06952965235175,0
1900,1501,Headphones,47440,2,1,Delhi,India,,Y,4.646747220145489,1,157,SAVE10,Returned,WH3,Bad,False,False,False,True,True,94880,729.5393135628418,31626.666666666668,600.506329113924,0
2859,1317,Headphones,30808,3,3,Mumbai,India,2023-04-05,Y,1.0871701741177664,1,274,YIrSES,Returned,WH3,Good,False,True,False,True,False,92424,297.884627708268,23106.0,336.0872727272727,0
4856,1218,Dress,31897,3,1,Hyderabad,India,,Y,4.408093543906018,0,324,SAVE10,Not Returned,WH2,Good,False,True,False,False,False,95691,1428.2223082255498,23922.75,294.43384615384616,0
531,1293,Headphones,78565,3,0,Hyderabad,India,,Y,2.639305803392181,2,264,OFF20,Not Returned,WH2,Bad,False,True,False,True,True,235695,696.7767320955357,58923.75,889.4150943396227,0
4353,1124,Mobile,29537,4,2,Delhi,IN,,Y,3.903168066512627,0,266,SAVE10,Not Returned,WH1,Good,False,True,False,True,False,118148,1038.2427056923589,23629.6,442.50187265917606,0
1654,1008,Dress,76865,1,2,Delhi,IN,,N,1.5448748511116106,0,365,YIrSES,Not Returned,WH3,Bad,False,True,True,False,False,76865,563.8793206557378,38432.5,210.0136612021858,0
4944,1017,Headphones,45290,2,2,Delhi,IN,,N,2.436587589427223,1,26,YIrSES,Returned,WH2,Good,False,True,False,False,False,90580,63.351277325107795,30193.333333333332,3354.814814814815,0
2609,1931,Headphones,50049,2,1,Chennai,IN,2023-04-05,N,3.3228762332007498,2,68,SAVE10,Returned,WH2,Bad,True,False,True,False,False,100098,225.955583857651,33366.0,1450.695652173913,0
2254,1154,Mobile,10786,4,0,Chennai,IN,,N,2.9945581760545408,0,142,SAVE10,Returned,WH2,Bad,True,False,False,False,True,43144,425.2272609997448,8628.8,301.7062937062937,0
3746,1696,Headphones,15841,4,3,Chennai,IN,2023-04-05,Y,4.695661441488612,0,340,SAVE10,Not Returned,WH2,Average,True,False,False,True,True,63364,1596.5248901061282,12672.8,185.8181818181818,0
1195,1907,Headphones,31775,1,3,Delhi,IN,2023-04-05,N,3.7247801174024695,1,138,OFF20,Not Returned,WH1,Average,False,False,False,False,True,31775,514.0196562015408,15887.5,228.59712230215828,0
2579,1205,Laptop,18555,1,3,Mumbai,IN,2023-04-05,N,1.2546765487340736,1,357,OFF20,Returned,WH1,Bad,False,True,False,False,False,18555,447.9195278980643,9277.5,51.82960893854749,0
4013,1945,Headphones,20106,4,3,Mumbai,IN,2023-04-05,N,2.1546423704319566,1,322,OFF20,Returned,WH1,Average,False,True,False,False,False,80424,693.7948432790901,16084.8,248.99071207430342,0
4047,1140,Headphones,67967,4,3,Mumbai,IND,,N,2.7525219502990703,1,315,OFF20,Not Returned,WH1,Bad,False,True,True,False,True,271868,867.0444143442071,54373.6,860.3417721518987,0
3815,1687,Shoes,43436,3,0,Hyderabad,IND,,N,1.46497105483038,1,196,OFF20,Returned,WH1,Bad,False,False,False,True,True,130308,287.1343267467545,32577.0,661.4619289340102,0
1221,1697,Shoes,68542,2,3,Chennai,India,2023-04-05,No,1.0243961344510053,1,29,YIrSES,Not Returned,WH1,Bad,False,True,True,False,False,137084,29.707487899079155,45694.666666666664,4569.466666666666,0
3615,1642,Headphones,12911,2,3,Chennai,India,,No,1.7657856282789566,2,381,SAVE10,Returned,WH1,Bad,True,False,False,True,True,25822,672.7643243742824,8607.333333333334,67.59685863874346,0
3333,1268,Mobile,7791,4,1,Hyderabad,India,,No,1.4898621966811447,2,338,SAVE10,Not Returned,WH2,Bad,False,False,False,True,True,31164,503.5734224782269,6232.8,91.929203539823,0
2627,1241,Laptop,43372,3,1,Chennai,India,,No,3.179001321156231,2,435,SAVE10,Returned,WH3,Average,True,False,True,False,True,130116,1382.8655747029604,32529.0,298.43119266055044,0
3870,1127,Mobile,96962,4,1,Delhi,India,,N,2.3610584061802635,0,415,SAVE10,Returned,WH1,Average,False,True,False,True,False,387848,979.8392385648093,77569.6,932.3269230769231,0
1706,1527,Laptop,16210,4,1,Delhi,India,,N,3.328771142323288,0,80,SAVE10,Not Returned,WH1,Good,False,False,False,True,False,64840,266.301691385863,12968.0,800.4938271604939,0
278,1900,Dress,57616,1,3,Chennai,India,2023-04-05,Y,1.2790504560923277,2,231,YIrSES,Returned,WH1,Bad,False,True,False,True,False,57616,295.4606553573277,28808.0,248.3448275862069,0
2888,1430,Headphones,92054,4,2,Hyderabad,India,,Yes,4.213210980359861,2,242,SAVE10,Returned,WH2,Bad,False,True,False,True,False,368216,1019.5970572470864,73643.2,1515.2921810699588,0
3418,1690,Headphones,85411,4,2,Delhi,India,,Y,3.173478092446629,1,19,YIrSES,Returned,WH2,Average,False,True,False,False,False,341644,60.29608375648595,68328.8,17082.2,-1
1127,1856,Mobile,14184,4,1,Mumbai,IN,,Yes,3.1738196839092194,2,235,OFF20,Returned,WH2,Bad,False,True,False,False,True,56736,745.8476257186666,11347.2,240.40677966101694,0
1141,1950,Shoes,81223,3,2,Mumbai,IND,2023-04-05,Yes,1.3128952911807268,0,4,SAVE10,Returned,WH2,Average,True,False,False,False,False,243669,5.251581164722907,60917.25,48733.8,-1
3488,1522,Laptop,39222,1,2,Mumbai,India,,N,2.6392423352307754,1,149,OFF20,Not Returned,WH2,Average,False,True,False,False,False,39222,393.24710794938557,19611.0,261.48,0
2171,1886,Laptop,72789,2,3,Mumbai,India,,N,1.4271672772284902,2,474,OFF20,Returned,WH2,Average,True,False,False,True,False,145578,676.4772894063044,48526.0,306.48,0
3175,1071,Headphones,81220,4,3,Chennai,India,,Y,1.1607982364291525,2,315,OFF20,Returned,WH2,Good,False,False,False,True,True,324880,365.65144447518304,64976.0,1028.1012658227849,0
1854,1188,Headphones,43642,2,1,Chennai,IND,2023-04-05,Y,2.151873684973208,2,473,YIrSES,Returned,WH2,Average,False,True,False,False,False,87284,1017.8362529923274,29094.666666666668,184.14345991561183,0
59,1680,Dress,15475,1,2,Chennai,IN,2023-04-05,No,2.8988136317538187,0,397,SAVE10,Returned,WH3,Bad,False,True,False,False,False,15475,1150.829011806266,7737.5,38.881909547738694,0
3125,1906,Dress,56301,1,2,Delhi,IND,,N,4.514674648416747,1,72,SAVE10,Returned,WH3,Bad,True,False,False,True,True,56301,325.0565746860058,28150.5,771.2465753424658,0
76,1180,Laptop,79757,2,0,Hyderabad,India,2023-04-05,Y,3.815651216232889,2,99,SAVE10,Returned,WH2,Bad,False,False,True,False,True,159514,377.749470407056,53171.333333333336,1595.14,0
4786,1284,Mobile,26058,2,0,Chennai,India,2023-04-05,Y,1.4057847803405623,0,189,SAVE10,Not Returned,WH3,Bad,True,False,True,False,True,52116,265.69332348436626,17372.0,274.29473684210524,0
472,1563,Dress,8579,1,2,Chennai,IN,,Yes,4.950626472428555,1,447,OFF20,Returned,WH1,Average,False,True,False,True,False,8579,2212.930033175564,4289.5,19.149553571428573,0
4722,1086,Shoes,77026,2,2,Hyderabad,IN,,Y,2.136331183020646,1,254,OFF20,Not Returned,WH3,Average,True,False,False,True,False,154052,542.628120487244,51350.666666666664,604.1254901960784,0
721,1955,Shoes,32767,3,2,Mumbai,IND,2023-04-05,Y,1.9151352333159133,1,171,OFF20,Returned,WH1,Good,True,False,False,True,False,98301,327.4881248970212,24575.25,571.5174418604652,0
2922,1388,Dress,4606,2,2,Chennai,IN,2023-04-05,Y,3.699002656430944,1,75,OFF20,Returned,WH1,Average,False,False,False,False,True,9212,277.4251992323208,3070.6666666666665,121.21052631578948,0
1925,1686,Laptop,86480,2,3,Chennai,IN,2023-04-05,Y,4.8870071720901525,0,225,OFF20,Returned,WH1,Good,False,True,True,False,True,172960,1099.5766137202843,57653.333333333336,765.3097345132743,0
4160,1274,Laptop,19280,3,1,Chennai,IN,2023-04-05,No,3.8322445851207583,0,365,YIrSES,Returned,WH2,Bad,False,True,False,False,True,57840,1398.7692735690769,14460.0,158.0327868852459,0
1834,1180,Headphones,77395,3,1,Delhi,India,,N,3.856025814128614,0,409,YIrSES,Returned,WH3,Good,False,False,False,False,True,232185,1577.1145579786032,58046.25,566.3048780487804,0
3226,1737,Shoes,75850,1,1,Delhi,IND,,No,4.109733238156069,0,353,SAVE10,Returned,WH2,Average,False,True,False,True,False,75850,1450.7358330690925,37925.0,214.26553672316385,0
3494,1373,Laptop,61693,4,0,Delhi,IN,,No,3.282435558102201,2,67,OFF20,Not Returned,WH2,Average,False,False,False,False,False,246772,219.92318239284745,49354.4,3629.0,0
3251,1685,Shoes,3372,3,3,Chennai,IND,,Y,4.318667242378698,1,275,YIrSES,Returned,WH2,Bad,False,True,True,False,False,10116,1187.633491654142,2529.0,36.65217391304348,0
136,1539,Headphones,50888,2,0,Chennai,IND,2023-04-05,Y,4.997899172594291,1,249,SAVE10,Not Returned,WH2,Good,False,True,True,False,False,101776,1244.4768939759786,33925.333333333336,407.104,0
103,1513,Shoes,95774,1,2,Delhi,IND,,Yes,3.181637681448831,2,396,YIrSES,Not Returned,WH2,Good,False,False,False,True,True,95774,1259.928521853737,47887.0,241.24433249370276,0
4862,1907,Headphones,53188,4,1,Delhi,India,,Y,2.3550468788343872,2,87,YIrSES,Returned,WH2,Average,True,False,True,False,True,212752,204.88907845859168,42550.4,2417.6363636363635,0
3811,1764,Headphones,7816,4,3,Mumbai,IN,2023-04-05,Yes,1.8367018096779144,2,227,YIrSES,Not Returned,WH3,Average,True,False,True,False,True,31264,416.9313107968866,6252.8,137.12280701754386,0
3487,1616,Headphones,59747,4,3,Mumbai,IND,2023-04-05,Yes,3.102214091898225,2,210,YIrSES,Not Returned,WH3,Good,True,False,False,False,True,238988,651.4649592986273,47797.6,1132.6445497630332,0
3419,1150,Dress,51076,3,0,Hyderabad,IND,,No,3.979378974429296,2,66,OFF20,Returned,WH2,Bad,True,False,False,False,True,153228,262.63901231233353,38307.0,2286.9850746268658,0
3136,1724,Dress,3897,1,1,Hyderabad,IN,,No,3.957139314505509,0,480,SAVE10,Returned,WH3,Bad,True,False,False,False,True,3897,1899.4268709626442,1948.5,8.101871101871103,0
3780,1963,Headphones,30344,4,3,Chennai,IND,,No,4.7307075131512,0,317,OFF20,Returned,WH2,Good,False,False,False,True,False,121376,1499.6342816689305,24275.2,381.685534591195,0
449,1998,Dress,5672,3,3,Delhi,IND,,No,1.6881868131509412,2,114,OFF20,Returned,WH1,Good,False,True,False,True,False,17016,192.4532966992073,4254.0,147.96521739130435,0
2078,1724,Dress,13832,2,0,Delhi,IND,,No,4.830984529773047,1,6,OFF20,Returned,WH1,Good,False,False,False,True,False,27664,28.98590717863828,9221.333333333334,3952.0,0
1666,1088,Dress,88143,4,3,Delhi,India,,No,3.735586607898331,0,91,YIrSES,Returned,WH1,Good,False,False,False,True,False,352572,339.9383813187481,70514.4,3832.304347826087,0
2274,1023,Dress,19589,1,2,Mumbai,India,,No,2.765992828848716,0,106,SAVE10,Returned,WH1,Good,False,False,False,True,False,19589,293.1952398579639,9794.5,183.07476635514018,0
3902,1141,Headphones,34009,4,3,Mumbai,IN,,Y,3.3547887598943857,0,102,OFF20,Not Returned,WH1,Average,False,False,False,True,False,136036,342.1884535092274,27207.2,1320.7378640776699,0
443,1165,Headphones,61479,3,0,Mumbai,IN,,Y,3.9996647456654935,0,151,SAVE10,Not Returned,WH1,Average,False,False,False,True,False,184437,603.9493765954895,46109.25,1213.4013157894738,0
155,1315,Shoes,31608,1,0,Mumbai,IN,,Y,1.0130536978462137,2,30,SAVE10,Not Returned,WH2,Good,True,False,False,True,False,31608,30.39161093538641,15804.0,1019.6129032258065,0
2797,1415,Mobile,42691,4,1,Mumbai,IND,,Y,3.1416793903614195,2,35,SAVE10,Returned,WH1,Average,False,True,False,False,False,170764,109.95877866264968,34152.8,4743.444444444444,0
2403,1186,Dress,52701,4,3,Chennai,IND,2023-04-05,No,1.545704825187118,2,413,SAVE10,Returned,WH3,Average,False,False,False,True,False,210804,638.3760928022797,42160.8,509.18840579710144,0
1623,1145,Headphones,67082,2,2,Chennai,IND,2023-04-05,Yes,2.8365647005160266,2,210,YIrSES,Returned,WH3,Average,False,False,True,False,True,134164,595.6785871083656,44721.333333333336,635.8483412322275,0
2864,1037,Mobile,95869,2,2,Chennai,IND,,Y,1.1892215853281307,2,379,SAVE10,Returned,WH1,Average,True,False,False,False,True,191738,450.71498083936154,63912.666666666664,504.5736842105263,0
2848,1940,Mobile,36880,2,2,Chennai,IND,,Y,2.8607983899166274,0,213,SAVE10,Not Returned,WH2,Average,False,True,False,False,True,73760,609.3500570522416,24586.666666666668,344.67289719626166,0
3943,1310,Laptop,33207,3,2,Hyderabad,India,2023-04-05,Yes,2.1625403805597365,0,136,OFF20,Not Returned,WH1,Average,False,False,False,True,True,99621,294.10549175612414,24905.25,727.1605839416059,0
3659,1196,Laptop,13642,4,2,Delhi,IN,,Yes,3.652616669636816,1,401,OFF20,Not Returned,WH3,Bad,False,False,False,True,False,54568,1464.699284524363,10913.6,135.74129353233832,0
1665,1636,Laptop,96456,4,3,Delhi,India,,Y,2.902227788891101,1,344,SAVE10,Returned,WH1,Good,True,False,False,True,True,385824,998.3663593785386,77164.8,1118.3304347826088,0
4749,1262,Dress,23750,2,0,Delhi,IND,,No,4.891621012387262,0,10,SAVE10,Returned,WH1,Average,False,True,False,True,False,47500,48.91621012387262,15833.333333333334,4318.181818181818,0
2173,1702,Laptop,26401,1,1,Hyderabad,IND,,No,1.0666157064434634,1,9,SAVE10,Not Returned,WH2,Average,True,False,False,True,True,26401,9.599541357991171,13200.5,2640.1,0
4475,1225,Dress,31014,3,3,Hyderabad,IND,,Yes,1.4411108153141932,1,464,SAVE10,Returned,WH2,Good,True,False,False,True,True,93042,668.6754183057856,23260.5,200.09032258064516,0
2780,1080,Dress,82419,3,2,Hyderabad,IND,2023-04-05,Y,1.94693957579768,1,210,OFF20,Returned,WH2,Good,False,False,False,False,False,247257,408.8573109175128,61814.25,1171.8341232227488,0
3228,1906,Shoes,60231,3,2,Hyderabad,IND,2023-04-05,Y,1.2482134633852686,1,413,OFF20,Returned,WH2,Good,True,False,False,True,True,180693,515.5121603781159,45173.25,436.45652173913044,0
2104,1095,Shoes,51946,4,3,Hyderabad,India,,Y,4.4310128008583245,1,425,YIrSES,Returned,WH3,Good,True,False,False,True,True,207784,1883.180440364788,41556.8,487.75586854460096,0
3554,1582,Shoes,10047,1,0,Chennai,India,,Y,1.838052815443352,2,393,SAVE10,Not Returned,WH3,Bad,False,False,False,True,False,10047,722.3547564692374,5023.5,25.5,0
1064,1446,Shoes,95689,4,2,Mumbai,IN,,No,2.412593803681423,1,351,SAVE10,Not Returned,WH2,Average,False,False,True,False,False,382756,846.8204250921794,76551.2,1087.375,0
2649,1733,Mobile,49601,1,1,Hyderabad,IN,2023-04-05,N,1.2355596447901496,2,231,SAVE10,Returned,WH2,Bad,False,True,True,False,True,49601,285.4142779465246,24800.5,213.79741379310346,0
2630,1691,Mobile,45678,3,2,Hyderabad,IND,2023-04-05,N,1.7644565161518737,2,104,OFF20,Not Returned,WH2,Bad,False,False,True,False,False,137034,183.50347767979486,34258.5,1305.0857142857142,0
2778,1534,Dress,84491,1,3,Hyderabad,IN,,Yes,1.6389987985169991,2,20,OFF20,Returned,WH2,Bad,False,True,False,False,True,84491,32.77997597033998,42245.5,4023.3809523809523,0
3295,1071,Shoes,52981,4,2,Hyderabad,India,,Yes,2.7563756121790157,0,448,YIrSES,Returned,WH3,Bad,True,False,False,False,False,211924,1234.856274256199,42384.8,471.99109131403117,0
62,1837,Shoes,38158,2,2,Mumbai,India,,Y,1.6690553249229805,0,131,SAVE10,Not Returned,WH3,Bad,True,False,False,False,True,76316,218.64624756491045,25438.666666666668,578.1515151515151,0
3029,1351,Headphones,65256,2,0,Delhi,India,,Yes,3.7003685447913126,1,115,YIrSES,Returned,WH1,Average,True,False,False,False,False,130512,425.54238265100093,43504.0,1125.103448275862,0
1569,1669,Headphones,76937,3,0,Delhi,IND,,N,4.043155175230497,1,110,YIrSES,Returned,WH3,Average,False,False,False,False,True,230811,444.7470692753547,57702.75,2079.3783783783783,0
4463,1263,Dress,30010,4,1,Delhi,IN,,Yes,2.1722282402501385,1,363,OFF20,Returned,WH1,Average,False,True,False,True,True,120040,788.5188512108002,24008.0,329.7802197802198,0
2285,1679,Headphones,46466,2,1,Hyderabad,India,2023-04-05,Yes,3.432348414926839,2,66,OFF20,Returned,WH1,Average,False,True,False,False,False,92932,226.53499538517136,30977.333333333332,1387.044776119403,0
3063,1639,Laptop,86530,2,2,Mumbai,India,,No,2.7014956152568157,1,120,SAVE10,Not Returned,WH3,Bad,False,True,False,True,False,173060,324.17947383081787,57686.666666666664,1430.2479338842975,0
3590,1215,Laptop,73807,1,3,Delhi,IN,,Y,3.062050459176949,2,468,SAVE10,Returned,WH3,Average,True,False,True,False,True,73807,1433.039614894812,36903.5,157.37100213219617,0
3467,1266,Laptop,12175,3,3,Delhi,IND,2023-04-05,Yes,4.249869529322805,0,254,SAVE10,Returned,WH3,Average,True,False,False,True,True,36525,1079.4668604479923,9131.25,143.23529411764707,0
3396,1502,Laptop,6847,1,0,Delhi,India,2023-04-05,N,1.933413990580369,1,450,SAVE10,Returned,WH3,Average,True,False,False,True,True,6847,870.036295761166,3423.5,15.181818181818182,0
1191,1560,Shoes,81037,2,1,Delhi,India,,Yes,3.0069147669872947,2,299,SAVE10,Not Returned,WH3,Average,False,False,False,False,True,162074,899.0675153292011,54024.666666666664,540.2466666666667,0
1013,1070,Dress,4506,4,3,Chennai,IND,,N,1.6098796638366428,1,87,SAVE10,Returned,WH1,Good,True,False,True,False,False,18024,140.05953075378793,3604.8,204.8181818181818,0
2006,1851,Dress,23525,1,1,Hyderabad,IND,,Y,3.296321129207469,1,217,SAVE10,Returned,WH1,Good,False,False,True,False,False,23525,715.3016850380208,11762.5,107.91284403669725,0
1429,1016,Laptop,65724,2,3,Mumbai,IN,,N,1.4420579802904556,0,125,SAVE10,Not Returned,WH3,Average,False,False,True,False,True,131448,180.25724753630695,43816.0,1043.2380952380952,0
3651,1139,Headphones,11456,3,2,Mumbai,IND,2023-04-05,Yes,1.814667664577834,0,34,OFF20,Not Returned,WH3,Average,False,True,True,False,True,34368,61.69870059564635,8592.0,981.9428571428572,0
3911,1183,Shoes,78788,4,3,Chennai,India,,No,2.1731964294662096,1,48,YIrSES,Not Returned,WH3,Average,False,False,False,True,False,315152,104.31342861437807,63030.4,6431.673469387755,0
554,1808,Mobile,54057,2,2,Delhi,IN,,Yes,3.66789237392729,2,12,YIrSES,Returned,WH2,Average,False,False,False,True,False,108114,44.01470848712748,36038.0,8316.461538461539,0
4105,1704,Mobile,75174,4,2,Delhi,IN,2023-04-05,Yes,1.063684084065343,1,19,YIrSES,Returned,WH3,Good,False,False,True,False,False,300696,20.209997597241518,60139.2,15034.8,2
2388,1949,Mobile,83347,4,2,Mumbai,IN,,Yes,2.8597254744045038,0,78,SAVE10,Returned,WH2,Average,False,False,False,True,True,333388,223.05858700355128,66677.6,4220.101265822785,0
431,1439,Dress,78870,3,1,Mumbai,IN,,N,3.825069062399431,0,328,SAVE10,Returned,WH2,Average,False,True,False,True,True,236610,1254.6226524670133,59152.5,719.1793313069909,0
3285,1640,Dress,97663,2,1,Delhi,India,,N,2.711115365665906,0,116,YIrSES,Returned,WH3,Average,False,True,False,True,False,195326,314.4893824172451,65108.666666666664,1669.4529914529915,0
520,1589,Laptop,28675,4,1,Delhi,IN,,Y,2.117247656312936,0,385,OFF20,Not Returned,WH2,Good,False,True,True,False,True,114700,815.1403476804803,22940.0,297.1502590673575,0
3373,1107,Dress,41556,2,3,Chennai,IN,,No,3.2125107509229083,1,483,OFF20,Returned,WH1,Average,False,False,True,False,True,83112,1551.6426926957647,27704.0,171.71900826446281,0
2335,1176,Dress,56645,3,2,Mumbai,IN,2023-04-05,Yes,2.9607250800588494,2,415,OFF20,Returned,WH1,Average,False,False,True,False,False,169935,1228.7009082244224,42483.75,408.49759615384613,0
58,1588,Dress,40454,1,0,Mumbai,IN,2023-04-05,Yes,1.2504909378233733,1,32,YIrSES,Returned,WH1,Bad,False,False,False,False,True,40454,40.015710010347945,20227.0,1225.878787878788,0
2422,1864,Laptop,4636,3,0,Delhi,India,2023-04-05,Y,2.9529630609331043,0,229,YIrSES,Returned,WH1,Good,False,False,False,False,True,13908,676.2285409536809,3477.0,60.469565217391306,0
24,1409,Shoes,43470,4,3,Chennai,IN,,Y,2.271408880691629,0,218,YIrSES,Returned,WH1,Average,True,False,False,False,True,173880,495.16713599077514,34776.0,793.972602739726,0
384,1359,Shoes,61139,3,3,Hyderabad,IN,2023-04-05,Y,4.491519668160724,2,351,SAVE10,Returned,WH2,Good,True,False,True,False,True,183417,1576.5234035244143,45854.25,521.0710227272727,0
1932,1295,Laptop,7123,4,0,Hyderabad,IN,2023-04-05,No,3.7899092721278658,1,317,YIrSES,Not Returned,WH3,Average,False,True,True,False,True,28492,1201.4012392645334,5698.4,89.59748427672956,0
2661,1948,Headphones,28587,1,0,Hyderabad,IND,,No,2.090285148089799,0,134,OFF20,Not Returned,WH1,Good,False,False,True,False,True,28587,280.098209844033,14293.5,211.75555555555556,0
3259,1154,Dress,16286,3,2,Delhi,IN,,Y,3.2638071799921757,1,61,OFF20,Returned,WH2,Good,True,False,True,False,True,48858,199.0922379795227,12214.5,788.0322580645161,0
3107,1820,Dress,21629,2,1,Delhi,IN,2023-04-05,No,1.4440048861090569,0,99,OFF20,Returned,WH2,Good,True,False,True,False,True,43258,142.95648372479664,14419.333333333334,432.58,0
483,1564,Shoes,70361,1,1,Hyderabad,IN,,N,1.310747950627257,0,114,OFF20,Not Returned,WH2,Bad,True,False,False,True,True,70361,149.4252663715073,35180.5,611.8347826086956,0
2524,1701,Dress,18145,3,1,Delhi,India,,N,1.708257682718907,0,220,SAVE10,Not Returned,WH2,Bad,False,True,True,False,False,54435,375.81669019815956,13608.75,246.31221719457014,0
786,1080,Dress,37458,1,3,Delhi,India,,Y,2.877076772318464,0,76,OFF20,Returned,WH2,Bad,False,False,False,False,True,37458,218.65783469620328,18729.0,486.46753246753246,0
2695,1795,Dress,74481,4,1,Mumbai,IND,,No,1.6190719719867404,1,233,OFF20,Returned,WH2,Bad,False,False,False,True,True,297924,377.2437694729105,59584.8,1273.179487179487,0
215,1135,Laptop,12067,1,3,Delhi,India,,Y,1.5815632559509822,1,467,OFF20,Returned,WH2,Bad,False,True,True,False,False,12067,738.5900405291087,6033.5,25.784188034188034,0
2970,1234,Laptop,28815,2,3,Mumbai,IN,2023-04-05,Yes,3.077212412012249,1,160,OFF20,Returned,WH3,Good,True,False,True,False,False,57630,492.35398592195986,19210.0,357.9503105590062,0
4523,1581,Laptop,21138,1,3,Hyderabad,India,,Yes,3.273790523322962,0,376,OFF20,Returned,WH3,Good,False,True,False,True,False,21138,1230.9452367694337,10569.0,56.06896551724138,0
1433,1815,Mobile,89853,3,3,Hyderabad,IN,,Y,1.431941072082346,2,14,YIrSES,Not Returned,WH2,Good,False,True,True,False,False,269559,20.047175009152845,67389.75,17970.6,-1
66,1826,Dress,69305,2,3,Delhi,India,,No,2.3403759033274025,2,240,YIrSES,Returned,WH2,Good,False,True,True,False,False,138610,561.6902167985766,46203.333333333336,575.1452282157676,0
1628,1507,Mobile,52234,2,1,Mumbai,India,,N,4.579489910645226,2,313,SAVE10,Returned,WH3,Bad,True,False,False,True,False,104468,1433.3803420319557,34822.666666666664,332.70063694267515,0
3912,1927,Mobile,80471,4,1,Mumbai,India,,N,3.3646455910505244,2,491,OFF20,Returned,WH3,Bad,False,False,True,False,True,321884,1652.0409852058074,64376.8,654.2357723577236,0
2030,1955,Mobile,50148,4,1,Mumbai,India,2023-04-05,N,1.8939598747907107,2,221,OFF20,Returned,WH1,Average,True,False,True,False,False,200592,418.56513232874704,40118.4,903.5675675675676,0
55,1411,Mobile,1111,1,2,Mumbai,IND,,Y,4.481063135751551,0,425,OFF20,Returned,WH1,Average,True,False,True,False,False,1111,1904.4518326944092,555.5,2.607981220657277,0
3876,1372,Headphones,91995,4,2,Mumbai,IND,,N,1.3092608330600115,2,430,SAVE10,Returned,WH3,Average,False,False,False,True,True,367980,562.9821582158049,73596.0,853.7819025522042,0
547,1089,Dress,55115,3,2,Hyderabad,IND,2023-04-05,No,1.0167951490587956,2,400,SAVE10,Returned,WH1,Good,True,False,False,True,True,165345,406.71805962351823,41336.25,412.33167082294267,0
4300,1693,Mobile,74991,4,1,Delhi,India,,Y,3.2526394864895827,2,96,OFF20,Returned,WH1,Good,True,False,True,False,False,299964,312.2533907029999,59992.8,3092.4123711340208,0
524,1223,Shoes,82542,1,0,Chennai,India,,N,3.216575884496616,2,49,SAVE10,Returned,WH1,Average,False,False,False,True,True,82542,157.61221834033418,41271.0,1650.84,0
295,1740,Shoes,43410,4,1,Hyderabad,India,,Yes,1.7678854799012091,2,330,SAVE10,Returned,WH1,Bad,False,False,False,True,False,173640,583.402208367399,34728.0,524.5921450151058,0
4696,1711,Shoes,66645,3,1,Hyderabad,IN,2023-04-05,No,4.229729737150199,1,46,SAVE10,Not Returned,WH2,Average,False,True,False,False,False,199935,194.56756790890918,49983.75,4253.936170212766,0
1008,1227,Dress,78794,2,3,Chennai,India,,Yes,4.0670864775540085,1,301,SAVE10,Returned,WH2,Average,False,True,False,False,False,157588,1224.1930297437566,52529.333333333336,521.8145695364238,0
351,1247,Dress,84998,3,3,Delhi,IND,2023-04-05,Yes,4.167305505315094,1,235,OFF20,Not Returned,WH2,Average,False,True,False,True,True,254994,979.316793749047,63748.5,1080.4830508474577,0
4591,1183,Dress,46811,4,0,Chennai,India,2023-04-05,Yes,2.870429653468928,1,187,YIrSES,Not Returned,WH2,Bad,True,False,True,False,True,187244,536.7703451986895,37448.8,995.9787234042553,0
196,1959,Shoes,71765,4,2,Hyderabad,India,,N,3.2392905061592545,1,429,YIrSES,Not Returned,WH2,Average,True,False,True,False,False,287060,1389.65562714232,57412.0,667.5813953488372,0
306,1853,Shoes,74040,2,3,Delhi,IN,2023-04-05,Y,2.8751758804261494,0,142,YIrSES,Returned,WH3,Bad,False,True,True,False,False,148080,408.2749750205132,49360.0,1035.5244755244755,0
830,1669,Headphones,35581,4,0,Delhi,IND,2023-04-05,Y,4.460519390919556,1,164,OFF20,Returned,WH2,Good,True,False,False,False,False,142324,731.5251801108071,28464.8,862.569696969697,0
1964,1733,Headphones,56014,2,2,Chennai,India,2023-04-05,N,2.7677506964298044,1,426,OFF20,Returned,WH1,Good,False,False,False,False,False,112028,1179.0617966790967,37342.666666666664,262.3606557377049,0
1099,1223,Mobile,48166,4,2,Hyderabad,IND,2023-04-05,N,3.2607172507659548,1,443,SAVE10,Returned,WH2,Good,True,False,False,True,False,192664,1444.4977420893179,38532.8,433.92792792792795,0
2871,1177,Laptop,82181,1,2,Hyderabad,India,2023-04-05,Y,4.743868898356844,1,148,SAVE10,Returned,WH2,Good,True,False,True,False,False,82181,702.0925969568129,41090.5,551.5503355704698,0
4898,1274,Mobile,9849,3,2,Mumbai,IND,,N,2.907677909362812,1,148,OFF20,Returned,WH2,Good,False,False,True,False,True,29547,430.33633058569615,7386.75,198.3020134228188,0
1324,1904,Mobile,1913,4,3,Mumbai,IND,,No,3.1743941355843965,1,482,YIrSES,Not Returned,WH1,Bad,True,False,False,False,False,7652,1530.057973351679,1530.4,15.842650103519668,0
73,1411,Laptop,78122,2,1,Mumbai,IND,,N,2.305471913204338,0,236,OFF20,Not Returned,WH1,Bad,False,True,False,True,False,156244,544.0913715162238,52081.333333333336,659.2573839662447,0
308,1401,Headphones,11188,4,0,Chennai,India,,Yes,2.57019058841815,2,436,OFF20,Returned,WH1,Average,False,True,False,False,True,44752,1120.6030965503135,8950.4,102.40732265446225,0
3288,1849,Dress,13664,4,1,Chennai,IN,,No,4.123605479436561,1,330,SAVE10,Not Returned,WH2,Average,False,True,False,False,True,54656,1360.7898082140653,10931.2,165.1238670694864,0
2191,1797,Laptop,76770,4,1,Chennai,IND,,Y,1.733986313784408,2,114,SAVE10,Returned,WH1,Good,False,True,False,False,True,307080,197.67443977142253,61416.0,2670.2608695652175,0
4838,1950,Laptop,3783,2,1,Mumbai,IND,,No,2.732288553156589,1,222,YIrSES,Returned,WH2,Good,True,False,True,False,True,7566,606.5680588007627,2522.0,33.92825112107624,0
4110,1180,Headphones,69745,3,0,Delhi,India,,N,1.663337316668366,1,105,OFF20,Not Returned,WH2,Good,False,False,False,False,False,209235,174.65041825017843,52308.75,1973.9150943396226,0
4677,1312,Headphones,66627,4,0,Delhi,India,,No,1.728867241303008,1,6,OFF20,Returned,WH1,Good,False,True,False,False,True,266508,10.373203447818048,53301.6,38072.57142857143,-1
3765,1765,Dress,79422,4,0,Hyderabad,IND,,No,3.366199318779592,2,197,YIrSES,Returned,WH1,Bad,False,True,True,False,False,317688,663.1412657995796,63537.6,1604.4848484848485,0
1866,1133,Dress,11944,4,1,Chennai,IND,,No,3.076066391715268,2,197,YIrSES,Not Returned,WH1,Bad,True,False,True,False,False,47776,605.9850791679079,9555.2,241.2929292929293,0
3886,1587,Shoes,30147,4,0,Chennai,India,,No,2.895513896430789,0,341,OFF20,Not Returned,WH3,Good,False,False,True,False,False,120588,987.3702386828991,24117.6,352.5964912280702,0
791,1006,Shoes,54159,3,0,Hyderabad,IND,2023-04-05,No,3.403847607839143,1,342,YIrSES,Not Returned,WH2,Good,True,False,True,False,True,162477,1164.1158818809868,40619.25,473.6938775510204,0
4458,1256,Shoes,72319,1,3,Chennai,IN,2023-04-05,No,1.180931785227171,1,21,YIrSES,Not Returned,WH2,Good,False,True,False,False,False,72319,24.799567489770592,36159.5,3287.2272727272725,0
2189,1762,Laptop,56122,3,2,Hyderabad,IND,2023-04-05,No,2.2495470766638554,1,433,OFF20,Not Returned,WH3,Bad,False,True,False,False,False,168366,974.0538841954494,42091.5,387.9400921658986,0
3315,1175,Mobile,61939,4,3,Hyderabad,IND,,Y,1.9441992603043912,2,200,YIrSES,Not Returned,WH3,Average,False,False,False,True,True,247756,388.83985206087823,49551.2,1232.6169154228855,0
3249,1098,Mobile,76129,4,3,Chennai,IND,,Yes,2.8596280936056924,1,225,YIrSES,Not Returned,WH1,Good,False,True,False,True,True,304516,643.4163210612808,60903.2,1347.41592920354,0
328,1422,Mobile,39848,2,3,Chennai,IND,,No,4.601426878186387,0,153,YIrSES,Returned,WH3,Good,False,False,False,False,True,79696,704.0183123625171,26565.333333333332,517.5064935064935,0
1911,1127,Headphones,34398,4,0,Delhi,IN,,N,1.277918306296122,1,223,YIrSES,Returned,WH3,Average,False,False,False,False,True,137592,284.9757823040352,27518.4,614.25,0
549,1577,Headphones,73913,2,1,Delhi,IND,,Y,1.866286829114979,2,21,YIrSES,Not Returned,WH3,Bad,False,True,False,False,False,147826,39.19202341141456,49275.333333333336,6719.363636363636,0
2941,1886,Dress,69187,1,1,Mumbai,India,,Yes,3.0860534934669976,0,117,YIrSES,Not Returned,WH1,Good,False,True,False,False,True,69187,361.0682587356387,34593.5,586.3305084745763,0
1084,1595,Laptop,86233,2,0,Mumbai,India,,No,1.2872769268304745,0,282,YIrSES,Returned,WH3,Good,True,False,False,True,True,172466,363.0120933661938,57488.666666666664,609.4204946996466,0
4684,1307,Dress,47287,2,0,Chennai,India,,N,3.6632999890756257,1,402,YIrSES,Returned,WH3,Good,True,False,False,True,False,94574,1472.6465956084016,31524.666666666668,234.67493796526054,0
2899,1155,Dress,45348,4,2,Delhi,India,,N,2.272900209668061,1,172,OFF20,Returned,WH2,Good,True,False,False,True,False,181392,390.9388360629065,36278.4,1048.5086705202311,0
4539,1322,Shoes,88357,2,2,Delhi,IND,,Yes,3.481895065439635,2,88,YIrSES,Not Returned,WH3,Good,True,False,True,False,False,176714,306.40676575868787,58904.666666666664,1985.5505617977528,0
535,1191,Shoes,69391,4,2,Mumbai,IND,2023-04-05,Yes,2.768600917237248,1,69,YIrSES,Returned,WH1,Good,False,False,True,False,False,277564,191.03346328937013,55512.8,3965.2,0
2908,1060,Laptop,82069,2,3,Hyderabad,IND,,Y,4.329238726275826,0,393,YIrSES,Returned,WH1,Bad,False,False,False,False,True,164138,1701.3908194263997,54712.666666666664,416.5939086294416,0
122,1907,Laptop,94895,4,3,Hyderabad,IN,,No,4.623825016236059,0,457,YIrSES,Returned,WH3,Bad,False,True,False,False,True,379580,2113.088032419879,75916.0,828.7772925764192,0
1753,1422,Dress,80374,1,1,Chennai,IN,,Yes,1.801096994365885,1,462,YIrSES,Returned,WH2,Good,False,True,False,True,False,80374,832.1068113970389,40187.0,173.5939524838013,0
3274,1194,Headphones,85805,3,3,Delhi,India,,Yes,2.1683190405480888,2,351,SAVE10,Returned,WH1,Average,False,False,False,False,False,257415,761.0799832323792,64353.75,731.2926136363636,0
2913,1580,Dress,4005,2,3,Delhi,IND,,No,2.812932586768503,1,476,SAVE10,Not Returned,WH3,Good,True,False,False,False,True,8010,1338.9559113018074,2670.0,16.79245283018868,0
3838,1435,Headphones,99717,1,3,Hyderabad,IND,,Y,4.894852327692821,1,153,YIrSES,Not Returned,WH2,Average,False,False,False,False,True,99717,748.9124061370015,49858.5,647.512987012987,0
2693,1457,Headphones,67610,4,3,Delhi,IND,,Yes,4.739747169034933,2,92,OFF20,Returned,WH1,Bad,False,True,True,False,False,270440,436.05673955121387,54088.0,2907.956989247312,0
2976,1100,Headphones,23043,4,0,Delhi,IND,,No,2.4697468742073143,2,240,SAVE10,Not Returned,WH2,Good,False,True,False,True,False,92172,592.7392498097554,18434.4,382.4564315352697,0
640,1024,Headphones,58463,1,3,Mumbai,IND,2023-04-05,Yes,2.951941043419069,2,140,OFF20,Returned,WH2,Good,False,False,False,False,True,58463,413.27174607866965,29231.5,414.63120567375887,0
266,1507,Shoes,27355,2,3,Hyderabad,IN,2023-04-05,No,1.1071118260316857,1,483,YIrSES,Returned,WH1,Good,False,False,False,False,True,54710,534.7350119733042,18236.666666666668,113.03719008264463,0
1437,1272,Shoes,19883,3,1,Delhi,IND,,N,1.1908190613719325,0,218,YIrSES,Not Returned,WH1,Good,False,False,False,True,False,59649,259.5985553790813,14912.25,272.36986301369865,0
2991,1820,Headphones,7726,2,2,Mumbai,India,,N,2.9250659987998726,2,458,OFF20,Not Returned,WH3,Good,False,True,False,True,True,15452,1339.6802274503416,5150.666666666667,33.66448801742919,0
117,1473,Laptop,85090,2,0,Mumbai,IND,2023-04-05,N,2.460831610589108,2,163,YIrSES,Returned,WH3,Average,False,False,False,True,True,170180,401.1155525260246,56726.666666666664,1037.6829268292684,0
766,1416,Laptop,35177,2,2,Mumbai,India,,Y,3.71408046231692,1,429,YIrSES,Returned,WH3,Good,False,True,False,False,False,70354,1593.3405183339587,23451.333333333332,163.6139534883721,0
1951,1173,Laptop,96960,4,2,Mumbai,India,,Y,1.580966925050169,2,323,YIrSES,Not Returned,WH3,Good,False,False,False,True,False,387840,510.6523167912046,77568.0,1197.037037037037,0
2114,1130,Laptop,42022,2,1,Chennai,IND,,No,3.799641095770741,0,291,SAVE10,Returned,WH1,Bad,False,False,True,False,False,84044,1105.6955588692856,28014.666666666668,287.82191780821915,0
1140,1371,Mobile,95598,2,1,Chennai,IND,2023-04-05,No,1.9231112074251395,0,299,SAVE10,Not Returned,WH3,Bad,False,True,True,False,False,191196,575.0102510201167,63732.0,637.32,0
3878,1419,Headphones,1828,4,3,Delhi,India,,No,2.238414696684474,2,146,SAVE10,Not Returned,WH3,Good,False,True,True,False,False,7312,326.8085457159332,1462.4,49.74149659863946,0
4760,1586,Laptop,33191,2,3,Delhi,India,,N,2.158293407979477,2,447,YIrSES,Returned,WH1,Good,False,True,False,False,True,66382,964.7571533668262,22127.333333333332,148.17410714285714,0
3951,1368,Laptop,92128,3,3,Chennai,IND,2023-04-05,Y,2.122742416545041,0,479,YIrSES,Returned,WH3,Good,False,False,True,False,False,276384,1016.7936175250745,69096.0,575.8,0
2781,1157,Laptop,37909,3,3,Delhi,India,,N,1.064166163817814,2,424,YIrSES,Not Returned,WH3,Bad,False,False,False,False,True,113727,451.2064534587531,28431.75,267.59294117647056,0
3551,1508,Mobile,89443,4,2,Mumbai,IN,,Yes,1.3712063291705614,0,191,SAVE10,Returned,WH3,Average,False,False,True,False,True,357772,261.9004088715772,71554.4,1863.3958333333333,0
588,1201,Dress,63275,4,2,Chennai,IN,,Yes,1.5567459596921656,0,150,YIrSES,Not Returned,WH3,Average,False,True,False,True,True,253100,233.51189395382482,50620.0,1676.158940397351,0
1057,1277,Dress,84011,2,0,Delhi,IN,,Yes,2.27300686615402,0,317,OFF20,Not Returned,WH3,Average,False,True,False,True,True,168022,720.5431765708244,56007.333333333336,528.37106918239,0
2076,1719,Shoes,43531,1,0,Delhi,IN,,Yes,1.952491389096997,1,136,YIrSES,Returned,WH3,Good,True,False,True,False,True,43531,265.5388289171916,21765.5,317.7445255474453,0
653,1179,Dress,65787,1,0,Delhi,IN,,Yes,1.9289662167639643,1,234,YIrSES,Returned,WH2,Good,True,False,False,True,True,65787,451.3780947227676,32893.5,279.9446808510638,0
3824,1048,Dress,44198,4,2,Mumbai,IN,,N,4.365690356582601,0,198,OFF20,Returned,WH3,Bad,True,False,False,True,True,176792,864.406690603355,35358.4,888.4020100502513,0
3747,1912,Dress,68101,4,3,Chennai,India,2023-04-05,Y,2.91002400709204,2,60,SAVE10,Not Returned,WH2,Bad,True,False,True,False,True,272404,174.60144042552238,54480.8,4465.639344262295,0
99,1305,Headphones,333,2,3,Chennai,IN,2023-04-05,N,1.9698420206374976,1,374,SAVE10,Not Returned,WH2,Average,True,False,False,True,False,666,736.7209157184241,222.0,1.776,0
375,1149,Laptop,88549,4,3,Delhi,IN,2023-04-05,Yes,3.187542107568454,1,106,SAVE10,Returned,WH2,Good,True,False,False,True,True,354196,337.8794634022561,70839.2,3310.2429906542056,0
4358,1857,Shoes,77789,1,3,Chennai,IN,2023-04-05,Yes,1.288051333335012,1,410,OFF20,Returned,WH2,Bad,True,False,False,True,False,77789,528.1010466673549,38894.5,189.2676399026764,0
3822,1630,Mobile,93002,3,3,Chennai,IN,2023-04-05,Y,4.145514089371079,2,395,SAVE10,Returned,WH3,Bad,False,True,False,True,False,279006,1637.4780653015762,69751.5,704.560606060606,0
793,1740,Shoes,27225,3,3,Chennai,IN,2023-04-05,Y,1.653993886443728,0,386,SAVE10,Returned,WH1,Average,False,False,False,False,False,81675,638.441640167279,20418.75,211.04651162790697,0
3564,1264,Dress,7501,3,3,Mumbai,IND,2023-04-05,N,3.938519100138441,1,433,SAVE10,Not Returned,WH2,Average,False,False,False,False,True,22503,1705.3787703599448,5625.75,51.85023041474654,0
4792,1504,Dress,15360,4,3,Hyderabad,IND,,Y,1.5692562538292605,0,98,OFF20,Not Returned,WH2,Average,True,False,False,False,True,61440,153.78711287526752,12288.0,620.6060606060606,0
3759,1026,Laptop,27336,3,1,Mumbai,IND,,Y,4.099772026302629,1,50,OFF20,Returned,WH2,Average,True,False,False,False,True,82008,204.98860131513146,20502.0,1608.0,0
3872,1176,Dress,96520,3,3,Chennai,IND,,Y,4.808893018660362,1,419,OFF20,Returned,WH2,Average,False,False,False,True,False,289560,2014.9261748186916,72390.0,689.4285714285714,0
1777,1603,Mobile,40291,2,1,Delhi,IND,2023-04-05,Yes,3.173110456436243,1,272,OFF20,Returned,WH1,Average,False,False,False,False,False,80582,863.086044150658,26860.666666666668,295.17216117216117,0
975,1017,Laptop,73428,4,1,Delhi,India,,Yes,2.483652627185573,0,309,SAVE10,Returned,WH2,Good,False,True,False,False,False,293712,767.448661800342,58742.4,947.4580645161291,0
1735,1887,Laptop,85757,2,2,Hyderabad,IND,2023-04-05,Yes,3.6583943261628415,2,153,SAVE10,Returned,WH3,Good,False,True,True,False,True,171514,559.7343319029147,57171.333333333336,1113.7272727272727,0
174,1972,Dress,59177,3,2,Hyderabad,IND,2023-04-05,Yes,4.495485281969034,2,436,SAVE10,Returned,WH1,Average,False,True,False,False,False,177531,1960.031582938499,44382.75,406.24942791762015,0
2052,1998,Shoes,94057,2,2,Delhi,IND,,Yes,1.459405892183547,2,3,OFF20,Not Returned,WH3,Average,True,False,False,True,False,188114,4.3782176765506415,62704.666666666664,47028.5,-1
4241,1064,Dress,93874,2,0,Chennai,India,,Yes,2.6350652372674737,1,50,YIrSES,Returned,WH2,Average,True,False,False,True,False,187748,131.7532618633737,62582.666666666664,3681.3333333333335,0
299,1791,Headphones,6447,3,0,Delhi,IN,,N,3.926700810454777,1,41,SAVE10,Returned,WH1,Average,True,False,False,False,True,19341,160.99473322864586,4835.25,460.5,0
1816,1528,Shoes,92044,1,1,Mumbai,IN,,Yes,2.8688167243737737,0,200,OFF20,Not Returned,WH2,Good,True,False,False,False,False,92044,573.7633448747547,46022.0,457.9303482587065,0
345,1337,Shoes,9655,2,2,Mumbai,IN,,Yes,2.5237907844889382,2,311,OFF20,Not Returned,WH2,Good,False,True,False,True,True,19310,784.8989339760598,6436.666666666667,61.89102564102564,0
3908,1238,Dress,36774,2,1,Chennai,India,,Y,3.514528065479644,0,474,SAVE10,Returned,WH3,Bad,False,False,False,False,True,73548,1665.8863030373511,24516.0,154.83789473684212,0
3596,1755,Mobile,87023,2,1,Delhi,India,,Y,1.537456225563168,0,339,YIrSES,Not Returned,WH1,Bad,False,False,True,False,True,174046,521.1976604659139,58015.333333333336,511.9,0
1097,1168,Mobile,31325,3,2,Delhi,IN,,N,3.719291745198656,0,156,YIrSES,Not Returned,WH1,Average,False,False,False,False,True,93975,580.2095122509903,23493.75,598.5668789808917,0
255,1906,Headphones,90907,2,2,Delhi,IND,,Yes,4.186787502511246,0,206,OFF20,Not Returned,WH1,Bad,True,False,False,False,True,181814,862.4782255173167,60604.666666666664,878.328502415459,0
4781,1278,Dress,65892,2,2,Delhi,IND,,No,1.8853982599377213,0,274,OFF20,Not Returned,WH1,Average,False,True,False,False,True,131784,516.5991232229356,43928.0,479.21454545454543,0
2610,1968,Laptop,44710,4,3,Delhi,India,2023-04-05,No,1.9716500354025877,0,399,OFF20,Not Returned,WH1,Average,True,False,True,False,False,178840,786.6883641256325,35768.0,447.1,0
2727,1090,Shoes,62544,4,3,Delhi,India,,Yes,4.026600597372744,2,317,OFF20,Not Returned,WH2,Average,False,False,False,True,False,250176,1276.4323893671599,50035.2,786.7169811320755,0
4399,1815,Laptop,69539,3,2,Mumbai,IN,2023-04-05,Yes,2.211159830453219,1,71,YIrSES,Returned,WH2,Average,False,False,False,True,True,208617,156.99234796217854,52154.25,2897.4583333333335,0
1216,1731,Headphones,38021,1,1,Chennai,IND,2023-04-05,Yes,4.911264556614513,1,379,YIrSES,Returned,WH2,Good,False,False,False,True,False,38021,1861.3692669569004,19010.5,100.05526315789474,0
3097,1698,Laptop,59952,4,0,Hyderabad,IND,,Yes,3.866462583118435,1,8,YIrSES,Not Returned,WH2,Good,False,True,True,False,True,239808,30.93170066494748,47961.6,26645.333333333332,-1
925,1869,Dress,46774,2,0,Hyderabad,India,,Yes,2.61666314085248,0,274,SAVE10,Returned,WH2,Good,False,False,False,True,True,93548,716.9657005935795,31182.666666666668,340.17454545454547,0
2896,1915,Shoes,33249,4,0,Hyderabad,India,,Y,4.753700132901888,2,390,SAVE10,Returned,WH3,Good,True,False,False,True,True,132996,1853.9430518317363,26599.2,340.14322250639384,0
3938,1090,Laptop,9616,4,1,Chennai,India,,No,3.8047844924458074,1,418,YIrSES,Returned,WH1,Good,True,False,True,False,True,38464,1590.3999178423476,7692.8,91.79952267303102,0
2942,1481,Shoes,41728,1,2,Delhi,India,,N,1.4856225451599876,0,152,YIrSES,Returned,WH1,Bad,False,True,False,False,True,41728,225.81462686431811,20864.0,272.73202614379085,0
246,1503,Headphones,84541,2,0,Chennai,IN,,Y,4.874628525179431,0,297,SAVE10,Returned,WH1,Average,True,False,True,False,True,169082,1447.764671978291,56360.666666666664,567.3892617449665,0
4794,1624,Mobile,57066,3,0,Delhi,IND,,No,1.745102425072484,2,60,OFF20,Returned,WH1,Good,False,False,True,False,True,171198,104.70614550434904,42799.5,2806.5245901639346,0
239,1557,Headphones,50925,3,2,Mumbai,IND,,Yes,2.323074973875126,2,187,OFF20,Not Returned,WH1,Average,True,False,True,False,False,152775,434.41502011464854,38193.75,812.6329787234042,0
3703,1394,Laptop,25433,3,2,Mumbai,IND,,No,2.598586486759627,0,91,SAVE10,Not Returned,WH1,Good,True,False,False,True,True,76299,236.47137029512604,19074.75,829.3369565217391,0
3661,1224,Mobile,66637,2,2,Chennai,India,,Y,2.4872446649201594,1,191,OFF20,Not Returned,WH1,Bad,True,False,False,False,True,133274,475.0637309997504,44424.666666666664,694.1354166666666,0
3059,1090,Mobile,1539,1,1,Delhi,India,,No,4.162725984916644,0,96,OFF20,Not Returned,WH2,Average,True,False,False,False,False,1539,399.62169455199785,769.5,15.8659793814433,0
582,1730,Mobile,82170,2,3,Mumbai,India,,N,2.409281251123734,1,314,YIrSES,Not Returned,WH3,Bad,True,False,False,False,True,164340,756.5143128528524,54780.0,521.7142857142857,0
4436,1221,Mobile,31486,1,3,Hyderabad,India,,N,3.246883774194549,0,84,YIrSES,Returned,WH3,Bad,False,False,True,False,False,31486,272.7382370323421,15743.0,370.4235294117647,0
2083,1523,Laptop,41056,3,1,Hyderabad,IN,,N,4.796259892850664,0,396,OFF20,Returned,WH3,Average,False,False,True,False,False,123168,1899.3189175688628,30792.0,310.2468513853904,0
1398,1398,Headphones,54121,1,1,Mumbai,India,,N,2.7664879245181817,0,369,OFF20,Returned,WH3,Bad,False,True,True,False,False,54121,1020.834044147209,27060.5,146.27297297297298,0
2584,1284,Laptop,12648,1,1,Mumbai,India,2023-04-05,Y,4.748648004025766,0,449,YIrSES,Returned,WH2,Bad,False,False,False,False,False,12648,2132.1429538075686,6324.0,28.106666666666666,0
2537,1069,Laptop,75220,4,3,Delhi,India,,No,3.81555947230749,2,238,YIrSES,Returned,WH1,Bad,False,False,False,False,False,300880,908.1031544091826,60176.0,1258.9121338912134,0
519,1391,Shoes,98346,4,2,Chennai,India,,No,4.6904273035023705,2,89,SAVE10,Returned,WH3,Bad,False,True,False,True,False,393384,417.44803001171096,78676.8,4370.933333333333,0
2071,1651,Headphones,51314,3,3,Chennai,IND,,N,2.475376676978424,0,447,OFF20,Returned,WH2,Average,True,False,False,True,False,153942,1106.4933746093554,38485.5,343.6205357142857,0
573,1076,Laptop,57002,4,1,Delhi,India,,N,4.467546298963269,0,412,OFF20,Returned,WH3,Good,True,False,False,True,False,228008,1840.6290751728668,45601.6,552.0774818401937,0
3170,1464,Laptop,74341,4,1,Delhi,India,,N,4.714933546807236,2,207,OFF20,Not Returned,WH1,Good,True,False,False,True,False,297364,975.9912441890979,59472.8,1429.6346153846155,0
2486,1113,Dress,37083,2,1,Hyderabad,IN,,Yes,3.3319432975725105,2,482,YIrSES,Not Returned,WH2,Good,True,False,False,True,True,74166,1605.99666942995,24722.0,153.5527950310559,0
1845,1863,Mobile,46374,2,1,Mumbai,IN,,N,3.5760158650964406,1,351,YIrSES,Not Returned,WH2,Average,False,True,True,False,True,92748,1255.1815686488508,30916.0,263.4886363636364,0
2753,1357,Mobile,42461,4,1,Hyderabad,India,,Yes,2.781731336818303,0,43,SAVE10,Returned,WH2,Average,False,False,False,True,False,169844,119.61444748318704,33968.8,3860.090909090909,0
12,1569,Mobile,46623,1,2,Chennai,IN,2023-04-05,Y,2.875671375867523,0,428,YIrSES,Returned,WH2,Average,False,True,False,False,True,46623,1230.7873488712999,23311.5,108.67832167832168,0
3643,1108,Laptop,67418,3,1,Chennai,IN,,Y,4.322983249164978,0,37,SAVE10,Not Returned,WH2,Average,True,False,True,False,True,202254,159.9503802191042,50563.5,5322.473684210527,0
2554,1160,Mobile,70197,4,2,Hyderabad,IND,,Y,1.519539510710079,1,286,YIrSES,Not Returned,WH2,Average,False,True,False,False,True,280788,434.5883000630826,56157.6,978.3554006968641,0
4897,1359,Headphones,39715,3,1,Mumbai,IN,,N,2.849370937269746,0,129,SAVE10,Returned,WH2,Bad,False,False,False,True,True,119145,367.56885090779724,29786.25,916.5,0
4908,1923,Laptop,46816,3,3,Mumbai,IN,2023-04-05,N,4.533370067964834,1,143,YIrSES,Returned,WH2,Average,False,False,False,False,False,140448,648.2719197189713,35112.0,975.3333333333334,0
2779,1514,Headphones,94855,2,3,Hyderabad,IN,2023-04-05,N,3.022664360656192,2,234,OFF20,Not Returned,WH2,Bad,False,False,False,False,True,189710,707.3034603935489,63236.666666666664,807.2765957446809,0
1830,1408,Headphones,47183,2,2,Delhi,IN,2023-04-05,No,3.2353310075951054,1,283,OFF20,Returned,WH1,Average,False,False,False,True,True,94366,915.5986751494148,31455.333333333332,332.27464788732397,0
4103,1570,Laptop,84185,4,2,Delhi,IN,,N,4.7360707522575645,1,347,OFF20,Returned,WH2,Bad,False,False,True,False,True,336740,1643.4165510333748,67348.0,967.6436781609195,0
871,1467,Laptop,31969,3,3,Chennai,India,,Yes,2.2895932463919384,2,448,OFF20,Returned,WH2,Good,False,False,True,False,True,95907,1025.7377743835884,23976.75,213.60133630289533,0
4730,1466,Shoes,66361,1,3,Chennai,IND,2023-04-05,Y,1.044501013941503,1,23,OFF20,Returned,WH3,Average,False,False,True,False,True,66361,24.02352332065457,33180.5,2765.0416666666665,0
3692,1484,Mobile,94149,3,1,Delhi,IND,2023-04-05,Y,2.8175832424860485,1,454,OFF20,Returned,WH2,Good,False,False,False,False,False,282447,1279.182792088666,70611.75,620.7626373626374,0
2330,1907,Laptop,78881,3,1,Chennai,IND,,Yes,3.61274482418423,0,28,OFF20,Returned,WH1,Good,True,False,False,True,True,236643,101.15685507715844,59160.75,8160.103448275862,0
3757,1087,Laptop,4182,1,1,Delhi,India,2023-04-05,Yes,2.478556753518621,0,286,OFF20,Not Returned,WH2,Average,False,True,False,True,True,4182,708.8672315063257,2091.0,14.571428571428571,0
2791,1877,Laptop,58041,4,1,Delhi,India,,Y,1.8079967239399932,0,477,OFF20,Returned,WH2,Good,False,True,True,False,False,232164,862.4144373193768,46432.8,485.69874476987445,0
1245,1064,Laptop,74815,4,0,Chennai,India,,Y,4.003571642963438,2,83,SAVE10,Not Returned,WH3,Good,False,True,True,False,True,299260,332.2964463659654,59852.0,3562.6190476190477,0
4124,1722,Laptop,76711,3,3,Mumbai,India,,N,3.1962670895940994,1,443,YIrSES,Not Returned,WH3,Bad,False,True,False,False,True,230133,1415.946320690186,57533.25,518.3175675675676,0
1676,1082,Shoes,92322,1,3,Mumbai,India,2023-04-05,N,2.88660553333158,1,74,OFF20,Returned,WH3,Bad,False,True,False,False,True,92322,213.60880946653694,46161.0,1230.96,0
1193,1753,Shoes,86113,2,2,Hyderabad,IND,,N,4.610898843740923,1,291,YIrSES,Returned,WH2,Average,False,False,False,True,False,172226,1341.7715635286086,57408.666666666664,589.8150684931506,0
3052,1346,Headphones,31112,2,3,Chennai,IND,,No,4.959643996628854,2,281,OFF20,Not Returned,WH1,Average,False,True,False,True,False,62224,1393.659963052708,20741.333333333332,220.65248226950354,0
929,1220,Laptop,80066,2,3,Hyderabad,IN,2023-04-05,Yes,4.595676568689418,2,410,YIrSES,Not Returned,WH1,Bad,True,False,False,True,False,160132,1884.2273931626614,53377.333333333336,389.6155717761557,0
4255,1325,Dress,59472,2,3,Hyderabad,IN,,N,4.563377677539153,2,245,YIrSES,Not Returned,WH1,Average,True,False,False,True,True,118944,1118.0275309970925,39648.0,483.5121951219512,0
729,1665,Laptop,39701,4,3,Hyderabad,IND,,No,2.622979396736208,0,377,OFF20,Not Returned,WH1,Bad,False,True,True,False,True,158804,988.8632325695504,31760.8,420.1164021164021,0
1740,1636,Mobile,76572,3,2,Delhi,IND,,Yes,4.11323634410987,1,265,SAVE10,Not Returned,WH1,Bad,True,False,False,False,True,229716,1090.0076311891155,57429.0,863.593984962406,0
1783,1571,Laptop,92588,4,0,Chennai,IND,,Yes,2.520564262079433,1,101,SAVE10,Not Returned,WH3,Bad,False,True,True,False,False,370352,254.57699047002274,74070.4,3630.901960784314,0
4986,1633,Mobile,89263,2,2,Chennai,India,,No,1.7634245540941045,2,298,YIrSES,Not Returned,WH3,Bad,False,True,False,True,True,178526,525.5005171200431,59508.666666666664,597.0769230769231,0
3164,1013,Shoes,12714,3,1,Hyderabad,India,,Yes,3.681794875607143,2,292,OFF20,Returned,WH2,Bad,False,True,True,False,True,38142,1075.0841036772856,9535.5,130.17747440273038,0
1088,1663,Mobile,49874,3,1,Hyderabad,India,,Y,3.4957400930738616,2,293,YIrSES,Not Returned,WH3,Good,False,True,False,False,True,149622,1024.2518472706415,37405.5,508.9183673469388,0
4227,1842,Dress,38843,3,2,Delhi,India,,Y,4.922715974906915,1,234,SAVE10,Not Returned,WH1,Good,False,True,False,True,True,116529,1151.9155381282183,29132.25,495.868085106383,0
3302,1512,Dress,26635,4,0,Hyderabad,India,,Y,4.703555944838193,1,454,SAVE10,Not Returned,WH2,Bad,False,False,False,True,True,106540,2135.4143989565396,21308.0,234.15384615384616,0
2692,1356,Shoes,27662,2,2,Hyderabad,IN,,Y,3.67669720502964,1,115,SAVE10,Not Returned,WH1,Good,False,False,True,False,True,55324,422.82017857840856,18441.333333333332,476.9310344827586,0
2551,1836,Shoes,7048,4,1,Chennai,IN,2023-04-05,Yes,3.2476919559551,1,331,SAVE10,Not Returned,WH3,Good,False,True,True,False,True,28192,1074.9860374211382,5638.4,84.91566265060241,0
4334,1313,Shoes,89573,4,1,Chennai,IN,2023-04-05,Yes,2.749310952392448,1,234,YIrSES,Not Returned,WH1,Good,True,False,True,False,True,358292,643.3387628598329,71658.4,1524.6468085106383,0
2689,1892,Headphones,84946,1,1,Hyderabad,IN,,Yes,4.8081530279677,0,30,YIrSES,Not Returned,WH1,Good,False,False,False,True,False,84946,144.244590839031,42473.0,2740.1935483870966,0
1285,1768,Laptop,53273,1,1,Hyderabad,IN,,Yes,1.802526234227192,2,219,YIrSES,Returned,WH1,Good,False,True,False,False,True,53273,394.75324529575505,26636.5,242.15,0
4677,1312,Laptop,66627,4,0,Hyderabad,India,,No,1.728867241303008,1,6,OFF20,Returned,WH1,Good,False,True,False,False,True,266508,10.373203447818048,53301.6,38072.57142857143,-1
3151,1985,Shoes,30084,3,0,Mumbai,IND,,Y,3.3351517215822226,1,116,OFF20,Returned,WH3,Good,True,False,False,True,False,90252,386.87759970353784,22563.0,771.3846153846154,0
2612,1128,Mobile,10246,4,1,Mumbai,IND,2023-04-05,Yes,4.148548804894258,2,312,OFF20,Returned,WH2,Good,True,False,False,True,False,40984,1294.3472271270084,8196.8,130.93929712460064,0
2856,1734,Mobile,89282,2,2,Mumbai,India,2023-04-05,Yes,2.7279831157121714,2,3,YIrSES,Not Returned,WH3,Bad,True,False,False,False,False,178564,8.183949347136515,59521.333333333336,44641.0,-1
2242,1140,Laptop,15698,4,2,Mumbai,IN,,No,3.179342918258844,2,68,OFF20,Not Returned,WH3,Bad,True,False,False,False,False,62792,216.19531844160142,12558.4,910.0289855072464,0
1135,1802,Headphones,85892,4,1,Mumbai,IN,,No,2.741508488097335,0,147,SAVE10,Not Returned,WH1,Bad,True,False,True,False,True,343568,403.00174775030825,68713.6,2321.4054054054054,0
4751,1067,Shoes,63329,2,1,Hyderabad,IND,2023-04-05,Y,4.230395573326721,0,243,OFF20,Not Returned,WH2,Average,True,False,True,False,False,126658,1027.9861243183932,42219.333333333336,519.0901639344262,0
2455,1325,Headphones,21617,3,1,Delhi,IN,2023-04-05,Y,1.860236355762447,0,67,OFF20,Not Returned,WH1,Average,False,True,True,False,False,64851,124.63583583608396,16212.75,953.6911764705883,0
1756,1157,Headphones,6009,4,0,Hyderabad,IN,2023-04-05,N,1.1440864622033091,2,191,OFF20,Not Returned,WH1,Average,False,True,True,False,False,24036,218.52051428083203,4807.2,125.1875,0
1603,1840,Mobile,23959,4,1,Mumbai,India,2023-04-05,Y,2.6579481768747657,1,106,OFF20,Not Returned,WH1,Good,True,False,False,False,False,95836,281.7425067487252,19167.2,895.6635514018692,0
1196,1291,Dress,48286,2,3,Mumbai,IN,,N,4.500592510510769,1,371,OFF20,Returned,WH1,Good,False,False,False,True,False,96572,1669.7198213994952,32190.666666666668,259.60215053763443,0
1993,1431,Laptop,38286,3,3,Chennai,IN,,N,3.792950212089017,1,20,SAVE10,Returned,WH3,Bad,False,False,False,True,False,114858,75.85900424178034,28714.5,5469.428571428572,0
50,1358,Mobile,51952,1,3,Mumbai,India,,N,2.2711343122796275,2,250,SAVE10,Returned,WH3,Average,True,False,False,False,True,51952,567.7835780699069,25976.0,206.9800796812749,0
146,1815,Laptop,35047,1,3,Mumbai,IND,2023-04-05,N,2.60152794741915,1,461,YIrSES,Returned,WH2,Bad,True,False,False,False,True,35047,1199.3043837602281,17523.5,75.85930735930737,0
482,1625,Laptop,34454,1,3,Mumbai,IN,2023-04-05,Yes,1.8269616587100963,1,17,SAVE10,Not Returned,WH2,Good,False,False,False,False,True,34454,31.058348198071638,17227.0,1914.111111111111,0
3425,1633,Shoes,99473,3,0,Hyderabad,IN,,No,1.8090643404552305,1,269,SAVE10,Not Returned,WH2,Good,False,False,False,True,True,298419,486.638307582457,74604.75,1105.2555555555555,0
3949,1433,Dress,31511,2,0,Delhi,IN,,Yes,3.957501642189985,1,336,OFF20,Not Returned,WH3,Bad,False,False,True,False,False,63022,1329.720551775835,21007.333333333332,187.00890207715133,0
1773,1353,Laptop,13541,2,0,Mumbai,IN,2023-04-05,Yes,4.499836564038647,2,20,SAVE10,Not Returned,WH2,Bad,False,False,False,True,False,27082,89.99673128077293,9027.333333333334,1289.6190476190477,0
3700,1765,Mobile,63473,1,1,Hyderabad,IN,2023-04-05,Yes,2.5338631931754034,1,275,SAVE10,Not Returned,WH2,Good,False,False,False,True,True,63473,696.8123781232359,31736.5,229.9746376811594,0
568,1223,Shoes,65086,2,1,Hyderabad,IN,2023-04-05,Yes,4.947545040361629,1,330,SAVE10,Not Returned,WH1,Average,True,False,False,True,True,130172,1632.6898633193375,43390.666666666664,393.26888217522657,0
2280,1315,Headphones,30187,4,2,Delhi,India,2023-04-05,Y,3.7074096166843393,2,498,SAVE10,Not Returned,WH1,Bad,True,False,False,False,True,120748,1846.289989108801,24149.6,241.97995991983967,0
774,1485,Shoes,48066,1,0,Delhi,IN,,Yes,3.142003080230994,2,396,SAVE10,Returned,WH1,Bad,False,False,False,False,True,48066,1244.2332197714736,24033.0,121.07304785894206,0
2583,1520,Laptop,17680,3,2,Hyderabad,IND,2023-04-05,No,1.9660336226467727,0,84,SAVE10,Not Returned,WH1,Good,False,False,True,False,True,53040,165.14682430232892,13260.0,624.0,0
987,1551,Dress,83948,3,2,Delhi,India,,Y,2.9843828992515737,0,43,YIrSES,Not Returned,WH1,Good,True,False,True,False,False,251844,128.32846466781768,62961.0,5723.727272727273,0
1312,1372,Dress,91620,4,0,Chennai,IN,,Y,2.5447481064614363,1,253,YIrSES,Not Returned,WH3,Average,False,True,False,False,False,366480,643.8212709347434,73296.0,1442.8346456692914,0
1565,1181,Mobile,2683,1,0,Hyderabad,India,,Y,3.9364255446327223,1,370,YIrSES,Not Returned,WH3,Average,True,False,False,False,True,2683,1456.4774515141073,1341.5,7.231805929919138,0
1281,1037,Dress,22408,4,0,Mumbai,IN,,N,3.952361164658097,1,84,YIrSES,Not Returned,WH1,Bad,False,True,False,False,False,89632,331.99833783128014,17926.4,1054.4941176470588,0
4583,1690,Headphones,19388,1,0,Mumbai,IN,2023-04-05,N,4.885489967676381,1,403,YIrSES,Not Returned,WH1,Bad,False,True,False,True,False,19388,1968.8524569735816,9694.0,47.99009900990099,0
2563,1976,Mobile,38550,3,2,Chennai,India,,Y,3.536124138932424,1,432,OFF20,Not Returned,WH1,Bad,True,False,False,False,False,115650,1527.605628018807,28912.5,267.09006928406467,0
631,1771,Laptop,35156,2,3,Chennai,India,,Y,2.1397471950016,1,382,OFF20,Not Returned,WH3,Bad,True,False,True,False,True,70312,817.3834284906112,23437.333333333332,183.5822454308094,0
1339,1568,Mobile,25995,3,3,Delhi,India,,Yes,1.914175605263746,0,100,YIrSES,Returned,WH1,Bad,False,False,True,False,True,77985,191.4175605263746,19496.25,772.1287128712871,0
2726,1483,Mobile,98242,1,1,Mumbai,IN,2023-04-05,Yes,3.247101403366092,2,286,YIrSES,Returned,WH3,Good,True,False,True,False,True,98242,928.6710013627023,49121.0,342.30662020905925,0
3203,1451,Headphones,93736,2,1,Delhi,IND,,Y,2.58848625546597,0,254,SAVE10,Not Returned,WH2,Good,False,False,True,False,False,187472,657.4755088883564,62490.666666666664,735.1843137254901,0
4156,1781,Headphones,46979,2,2,Mumbai,India,,No,3.711396597807737,0,423,SAVE10,Returned,WH3,Good,False,True,False,True,True,93958,1569.9207608726726,31319.333333333332,221.5990566037736,0
4152,1766,Shoes,62775,1,1,Mumbai,IND,,N,3.2055056846808503,0,395,YIrSES,Returned,WH1,Average,False,True,True,False,True,62775,1266.174745448936,31387.5,158.52272727272728,0
3721,1685,Dress,56962,1,2,Delhi,India,,N,2.485954483312136,0,276,OFF20,Not Returned,WH3,Bad,True,False,True,False,False,56962,686.1234373941495,28481.0,205.63898916967509,0
4008,1798,Dress,40653,1,3,Chennai,India,2023-04-05,N,2.0695055121278414,0,436,OFF20,Not Returned,WH3,Bad,False,True,True,False,False,40653,902.3044032877389,20326.5,93.02745995423341,0
4201,1091,Dress,43606,2,2,Hyderabad,IND,2023-04-05,N,3.151946634370897,2,162,OFF20,Not Returned,WH1,Good,False,True,True,False,False,87212,510.6153547680853,29070.666666666668,535.0429447852761,0
870,1093,Laptop,31274,4,2,Mumbai,IND,,N,1.6083429258663915,2,198,SAVE10,Not Returned,WH2,Bad,False,True,False,False,False,125096,318.4518993215455,25019.2,628.6231155778894,0
642,1719,Mobile,50774,2,0,Hyderabad,IND,2023-04-05,N,2.430829237450503,2,404,SAVE10,Not Returned,WH1,Bad,False,True,True,False,False,101548,982.0550119300032,33849.333333333336,250.7358024691358,0
3195,1378,Shoes,25668,1,0,Chennai,IND,,N,1.4695167422094486,2,148,SAVE10,Not Returned,WH3,Bad,False,True,True,False,False,25668,217.4884778469984,12834.0,172.26845637583892,0
3398,1167,Shoes,79777,2,2,Mumbai,IND,,N,1.6218731050647377,2,430,SAVE10,Returned,WH1,Bad,False,True,True,False,True,159554,697.4054351778373,53184.666666666664,370.1948955916473,0
1631,1850,Laptop,69223,1,3,Hyderabad,IN,,N,4.30116090765111,2,106,YIrSES,Returned,WH1,Average,True,False,True,False,True,69223,455.9230562110177,34611.5,646.9439252336449,0
1238,1877,Headphones,34629,1,0,Hyderabad,IN,,Yes,4.828136182882812,0,179,YIrSES,Not Returned,WH1,Average,True,False,True,False,False,34629,864.2363767360233,17314.5,192.38333333333333,0
1401,1962,Headphones,60860,3,2,Mumbai,IN,2023-04-05,Y,4.704164380749695,0,133,YIrSES,Not Returned,WH2,Bad,True,False,True,False,False,182580,625.6538626397095,45645.0,1362.5373134328358,0
3165,1053,Headphones,97947,3,3,Mumbai,IND,2023-04-05,No,1.0872565424097551,0,382,SAVE10,Not Returned,WH3,Good,True,False,True,False,True,293841,415.33199920052647,73460.25,767.2088772845952,0
4883,1080,Headphones,39908,1,3,Mumbai,IND,,Yes,3.178097187819683,1,494,YIrSES,Not Returned,WH1,Bad,False,True,False,False,True,39908,1569.9800107829235,19954.0,80.62222222222222,0
3833,1959,Headphones,59720,2,3,Delhi,IN,2023-04-05,N,4.98353444221152,1,247,YIrSES,Not Returned,WH1,Bad,False,True,False,True,True,119440,1230.9330072262455,39813.333333333336,481.61290322580646,0
1095,1100,Dress,95423,2,2,Chennai,IN,,Yes,3.675557274238358,0,443,SAVE10,Returned,WH3,Bad,False,True,False,False,True,190846,1628.2718724875926,63615.333333333336,429.8333333333333,0
4873,1802,Headphones,98891,2,3,Chennai,India,,N,1.4000503088504963,2,172,YIrSES,Returned,WH3,Good,False,True,False,False,True,197782,240.80865312228536,65927.33333333333,1143.2485549132948,0
2007,1716,Dress,87206,3,3,Chennai,IND,2023-04-05,Y,4.328383112745194,1,133,YIrSES,Not Returned,WH3,Average,True,False,False,False,False,261618,575.6749539951109,65404.5,1952.3731343283582,0
1048,1419,Mobile,93807,2,3,Chennai,IND,,Y,2.2129292754445897,1,372,YIrSES,Returned,WH3,Average,False,False,False,False,True,187614,823.2096904653873,62538.0,502.98659517426273,0
4527,1988,Shoes,11231,4,3,Hyderabad,IND,,Y,2.816635562535787,1,223,SAVE10,Returned,WH3,Good,False,False,False,True,True,44924,628.1097304454805,8984.8,200.55357142857142,0
2226,1350,Shoes,54966,4,1,Hyderabad,IND,,N,1.083426348647433,0,125,SAVE10,Returned,WH3,Bad,True,False,False,False,False,219864,135.4282935809291,43972.8,1744.952380952381,0
4258,1190,Mobile,23872,1,3,Mumbai,IN,,N,3.6346919020219137,1,406,SAVE10,Returned,WH3,Good,True,False,False,False,True,23872,1475.6849122208969,11936.0,58.65356265356265,0
4493,1860,Headphones,9099,1,3,Hyderabad,India,,Y,3.140927807949605,1,350,OFF20,Not Returned,WH2,Good,True,False,False,True,True,9099,1099.3247327823617,4549.5,25.923076923076923,0
4989,1827,Shoes,15409,4,3,Delhi,India,,N,1.880172675577472,1,51,SAVE10,Not Returned,WH3,Bad,True,False,False,True,True,61636,95.88880645445107,12327.2,1185.3076923076924,0
2934,1331,Dress,84098,2,3,Delhi,IN,2023-04-05,Y,4.854247274851797,1,301,SAVE10,Returned,WH1,Good,False,True,False,True,True,168196,1461.128429730391,56065.333333333336,556.9403973509934,0
1175,1614,Headphones,32940,4,3,Hyderabad,IND,2023-04-05,No,2.724775752008705,0,334,YIrSES,Returned,WH3,Good,True,False,False,True,True,131760,910.0751011709074,26352.0,393.3134328358209,0
2032,1158,Laptop,86639,1,2,Hyderabad,IN,,No,2.204313239182251,2,480,OFF20,Not Returned,WH3,Good,True,False,False,False,False,86639,1058.0703548074805,43319.5,180.12266112266113,0
2198,1322,Mobile,488,2,3,Hyderabad,India,,Y,4.142523502261609,1,411,OFF20,Not Returned,WH2,Good,True,False,False,False,False,976,1702.5771594295213,325.3333333333333,2.3689320388349513,0
1323,1080,Laptop,27563,4,2,Chennai,India,,N,3.442070348307826,2,285,YIrSES,Not Returned,WH2,Good,True,False,False,False,False,110252,980.9900492677303,22050.4,385.4965034965035,0
4298,1250,Shoes,31240,3,2,Chennai,IN,,Yes,1.853076390292108,2,285,YIrSES,Not Returned,WH1,Bad,True,False,False,True,False,93720,528.1267712332508,23430.0,327.6923076923077,0
4453,1010,Mobile,46184,2,1,Delhi,India,2023-04-05,Yes,1.6675209752245728,1,349,OFF20,Returned,WH2,Bad,True,False,False,True,False,92368,581.9648203533759,30789.333333333332,263.9085714285714,0
3753,1018,Mobile,22397,2,2,Delhi,India,2023-04-05,N,2.183205306721472,0,151,OFF20,Returned,WH3,Bad,False,False,False,True,False,44794,329.66400131494225,14931.333333333334,294.69736842105266,0
2096,1700,Headphones,21612,2,2,Delhi,India,,No,2.2186168161282995,1,72,SAVE10,Returned,WH3,Average,False,False,False,False,False,43224,159.74041076123757,14408.0,592.1095890410959,0
2742,1679,Headphones,90718,1,0,Chennai,IN,,No,4.630599698190011,1,321,OFF20,Returned,WH1,Average,True,False,False,True,False,90718,1486.4225031189935,45359.0,281.7329192546584,0
1745,1330,Headphones,59904,3,0,Chennai,IND,,No,2.278682740704587,1,104,YIrSES,Returned,WH3,Bad,True,False,False,True,True,179712,236.98300503327704,44928.0,1711.5428571428572,0
3116,1142,Dress,42015,3,0,Chennai,IN,,No,4.149789881280242,1,150,OFF20,Returned,WH3,Bad,False,False,True,False,True,126045,622.4684821920363,31511.25,834.7350993377484,0
1105,1832,Laptop,4523,1,0,Chennai,India,2023-04-05,Yes,4.34419116220425,0,451,OFF20,Not Returned,WH3,Good,False,True,True,False,True,4523,1959.230214154117,2261.5,10.006637168141593,0
1179,1153,Laptop,5645,4,2,Mumbai,IND,,Y,4.353151452396404,0,251,OFF20,Not Returned,WH3,Good,False,True,False,True,True,22580,1092.6410145514974,4516.0,89.60317460317461,0
4811,1683,Laptop,26055,1,2,Delhi,IND,,Y,3.59354946640689,0,61,YIrSES,Not Returned,WH3,Bad,False,False,False,True,True,26055,219.2065174508203,13027.5,420.241935483871,0
1633,1409,Laptop,96034,4,2,Mumbai,IN,2023-04-05,No,3.52023813256681,0,198,YIrSES,Not Returned,WH2,Good,False,False,True,False,True,384136,697.0071502482284,76827.2,1930.3316582914572,0
1731,1392,Mobile,9591,2,2,Mumbai,IN,2023-04-05,Y,1.9310841985126197,2,17,YIrSES,Returned,WH2,Bad,False,False,False,False,False,19182,32.82843137471453,6394.0,1065.6666666666667,0
1229,1661,Headphones,13792,3,2,Hyderabad,IN,2023-04-05,Yes,4.993741506442065,0,413,YIrSES,Not Returned,WH3,Bad,False,False,False,True,False,41376,2062.4152421605727,10344.0,99.94202898550725,0
3407,1782,Mobile,59935,1,0,Delhi,IN,,No,1.8689111641402008,1,233,YIrSES,Not Returned,WH1,Bad,False,True,False,True,False,59935,435.45630124466675,29967.5,256.13247863247864,0
1128,1788,Shoes,16480,4,0,Delhi,IN,,Y,4.965034979463264,2,147,YIrSES,Returned,WH1,Bad,False,True,True,False,True,65920,729.8601419810999,13184.0,445.4054054054054,0
3362,1180,Headphones,10176,4,2,Hyderabad,India,,Y,2.4438237256298394,1,158,YIrSES,Returned,WH1,Good,False,True,True,False,True,40704,386.1241486495146,8140.8,256.0,0
727,1725,Shoes,6946,4,0,Chennai,India,2023-04-05,Yes,4.114169488631425,1,370,YIrSES,Returned,WH2,Bad,False,False,True,False,False,27784,1522.242710793627,5556.8,74.88948787061994,0
1073,1760,Laptop,98736,3,3,Mumbai,India,2023-04-05,Y,1.242378702333403,1,298,YIrSES,Returned,WH3,Good,True,False,True,False,False,296208,370.2288532953541,74052.0,990.6622073578595,0
307,1665,Laptop,94202,1,0,Mumbai,IN,2023-04-05,Y,2.832047398156945,0,73,SAVE10,Not Returned,WH1,Good,False,True,False,True,True,94202,206.73946006545697,47101.0,1273.0,0
1587,1055,Mobile,86207,3,0,Hyderabad,IND,,Y,2.3145710339208465,1,195,SAVE10,Not Returned,WH1,Good,True,False,False,False,True,258621,451.34135161456504,64655.25,1319.4948979591836,0
3507,1508,Shoes,43602,1,3,Mumbai,IND,,No,4.052846683138991,1,484,YIrSES,Returned,WH1,Good,True,False,False,True,True,43602,1961.5777946392718,21801.0,89.90103092783505,0
3289,1018,Shoes,84705,2,1,Delhi,IN,,Y,4.460938141586682,0,322,SAVE10,Returned,WH2,Average,False,False,False,False,True,169410,1436.4220815909114,56470.0,524.4891640866873,0
1261,1552,Shoes,50198,4,1,Delhi,IN,,Y,2.332592280160536,0,327,YIrSES,Not Returned,WH1,Average,False,False,False,True,True,200792,762.7576756124953,40158.4,612.170731707317,0
2068,1386,Dress,12112,4,2,Hyderabad,IND,,Yes,3.000627872117323,1,103,YIrSES,Returned,WH3,Average,False,False,False,False,False,48448,309.0646708280843,9689.6,465.84615384615387,0
636,1205,Laptop,5476,4,3,Mumbai,India,,Yes,4.359246760107387,1,144,OFF20,Returned,WH2,Good,False,False,False,False,True,21904,627.7315334554638,4380.8,151.06206896551726,0
3837,1715,Headphones,69717,2,0,Mumbai,India,,Y,2.045693012193528,1,76,YIrSES,Returned,WH2,Good,True,False,False,False,True,139434,155.47266892670814,46478.0,1810.8311688311687,0
2869,1771,Headphones,73745,1,1,Hyderabad,IND,2023-04-05,No,2.4400754894230072,2,17,YIrSES,Returned,WH1,Good,False,True,False,False,True,73745,41.481283320191125,36872.5,4096.944444444444,0
3623,1277,Laptop,61883,1,3,Delhi,IN,,N,1.5015057074817042,2,110,SAVE10,Returned,WH1,Average,True,False,True,False,True,61883,165.16562782298746,30941.5,557.5045045045046,0
3774,1140,Mobile,6481,4,0,Mumbai,IN,,No,2.5297927710825587,2,227,SAVE10,Returned,WH3,Bad,False,True,False,False,True,25924,574.2629590357408,5184.8,113.70175438596492,0
78,1365,Dress,40125,2,1,Chennai,IN,,Yes,1.687081173605648,0,121,OFF20,Returned,WH1,Good,False,True,False,True,True,80250,204.1368220062834,26750.0,657.7868852459017,0
1265,1478,Mobile,25245,1,3,Chennai,IND,,No,3.4333285030525937,1,434,YIrSES,Returned,WH3,Good,True,False,False,False,True,25245,1490.0645703248256,12622.5,58.03448275862069,0
2763,1458,Laptop,55375,4,3,Mumbai,IND,,Y,4.071978908211737,0,466,YIrSES,Not Returned,WH2,Average,True,False,False,False,True,221500,1897.5421712266693,44300.0,474.30406852248393,0
1639,1526,Headphones,94258,1,1,Chennai,IND,2023-04-05,Y,1.1526220832653844,2,351,SAVE10,Not Returned,WH2,Good,True,False,False,False,True,94258,404.5703512261499,47129.0,267.77840909090907,0
4669,1240,Shoes,98141,3,2,Chennai,IND,2023-04-05,Y,2.6226880729780224,1,29,SAVE10,Not Returned,WH2,Good,True,False,False,False,False,294423,76.05795411636265,73605.75,9814.1,0
2380,1156,Mobile,57327,3,1,Chennai,IND,2023-04-05,N,1.7807363803044347,2,166,YIrSES,Returned,WH3,Good,False,False,True,False,True,171981,295.60223913053613,42995.25,1029.8263473053892,0
18,1047,Laptop,17591,3,2,Delhi,IND,2023-04-05,N,4.99609913717377,1,172,YIrSES,Not Returned,WH2,Average,True,False,True,False,False,52773,859.3290515938885,13193.25,305.04624277456645,0
778,1192,Shoes,3102,1,0,Delhi,IND,2023-04-05,No,3.78498080184134,1,136,SAVE10,Not Returned,WH3,Average,False,False,True,False,False,3102,514.7573890504223,1551.0,22.642335766423358,0
1078,1426,Shoes,35950,1,2,Hyderabad,India,2023-04-05,No,4.998708880139604,0,300,SAVE10,Not Returned,WH2,Good,False,False,False,True,False,35950,1499.612664041881,17975.0,119.43521594684385,0
3444,1221,Dress,17722,4,2,Hyderabad,India,,Y,3.284796447852554,1,343,SAVE10,Returned,WH2,Good,False,False,False,True,False,70888,1126.685181613426,14177.6,206.06976744186048,0
3499,1938,Mobile,91903,1,2,Hyderabad,IN,,Y,4.504540644161441,1,234,OFF20,Returned,WH1,Good,False,True,False,False,True,91903,1054.0625107337771,45951.5,391.07659574468084,0
2402,1369,Mobile,65944,4,2,Hyderabad,IN,,No,2.054897118531336,2,223,OFF20,Returned,WH1,Good,True,False,False,False,True,263776,458.2420574324879,52755.2,1177.5714285714287,0
1331,1267,Shoes,85841,2,0,Hyderabad,India,,No,4.401703867448557,2,69,YIrSES,Returned,WH2,Good,True,False,False,False,False,171682,303.7175668539504,57227.333333333336,2452.6,0
3610,1296,Dress,97048,2,1,Mumbai,IND,,Yes,1.4163384535801289,1,117,OFF20,Returned,WH1,Average,False,True,False,False,True,194096,165.71159906887507,64698.666666666664,1644.8813559322034,0
4597,1673,Headphones,40793,2,1,Chennai,IND,,Y,2.181047891007102,1,112,OFF20,Returned,WH3,Good,False,True,False,True,False,81586,244.2773637927954,27195.333333333332,722.0,0
660,1225,Laptop,95334,4,0,Delhi,IND,,N,1.8507868993345349,1,317,YIrSES,Returned,WH3,Bad,False,True,False,False,True,381336,586.6994470890476,76267.2,1199.1698113207547,0
4243,1331,Headphones,15883,1,0,Delhi,IN,,N,3.083967662216213,1,26,YIrSES,Returned,WH1,Average,True,False,False,True,False,15883,80.18315921762154,7941.5,588.2592592592592,0
3225,1350,Shoes,15664,1,2,Delhi,IN,,N,1.8561957627269343,1,494,SAVE10,Not Returned,WH1,Good,True,False,False,True,False,15664,916.9607067871056,7832.0,31.644444444444446,0
1257,1629,Headphones,33145,2,2,Hyderabad,IND,2023-04-05,Y,3.1824072537278107,1,204,YIrSES,Not Returned,WH1,Average,False,True,True,False,False,66290,649.2110797604734,22096.666666666668,323.3658536585366,0
2625,1170,Headphones,19405,3,3,Mumbai,IND,2023-04-05,Yes,4.607685297342989,1,482,OFF20,Returned,WH1,Average,True,False,True,False,False,58215,2220.904313319321,14553.75,120.527950310559,0
780,1415,Mobile,47182,2,0,Hyderabad,IN,,Y,1.1090035434073715,0,386,OFF20,Returned,WH3,Good,False,True,True,False,False,94364,428.0753677552454,31454.666666666668,243.83462532299743,0
2124,1157,Mobile,70433,2,0,Mumbai,India,,Y,1.2086864032428863,0,371,YIrSES,Returned,WH1,Good,False,True,False,False,False,140866,448.42265560311085,46955.333333333336,378.6720430107527,0
3248,1693,Headphones,94949,3,1,Delhi,IN,,Y,2.295661533413976,0,277,OFF20,Returned,WH1,Bad,False,True,False,False,False,284847,635.8982447556714,71211.75,1024.6294964028777,0
407,1501,Dress,42724,3,1,Hyderabad,IN,,Y,2.712473594007998,1,224,SAVE10,Returned,WH1,Bad,True,False,True,False,False,128172,607.5940850577915,32043.0,569.6533333333333,0
3929,1270,Mobile,81611,1,0,Delhi,IND,,Y,4.861999402172421,1,91,SAVE10,Not Returned,WH1,Bad,False,True,True,False,False,81611,442.4419455976903,40805.5,887.0760869565217,0
2713,1668,Mobile,39440,4,2,Delhi,India,2023-04-05,Y,3.8558330524441455,1,55,YIrSES,Returned,WH1,Good,True,False,True,False,False,157760,212.070817884428,31552.0,2817.1428571428573,0
210,1460,Headphones,85239,3,1,Hyderabad,India,,N,1.0822409066029834,2,218,YIrSES,Returned,WH1,Bad,True,False,False,False,False,255717,235.92851763945038,63929.25,1167.6575342465753,0
1306,1866,Mobile,48404,2,1,Chennai,IN,,Y,1.2842341291195765,2,82,OFF20,Not Returned,WH1,Bad,False,True,True,False,False,96808,105.30719858780527,32269.333333333332,1166.3614457831325,0
4039,1035,Laptop,73315,4,0,Delhi,IND,,N,3.401039809411297,2,415,OFF20,Returned,WH3,Average,False,True,True,False,True,293260,1411.4315209056883,58652.0,704.9519230769231,0
996,1377,Headphones,93836,2,0,Delhi,IND,,No,2.770541429795579,1,21,YIrSES,Returned,WH2,Average,False,True,True,False,False,187672,58.18137002570715,62557.333333333336,8530.545454545454,0
2767,1056,Shoes,40953,3,3,Mumbai,IN,,Yes,2.125491423987492,1,109,SAVE10,Not Returned,WH2,Average,True,False,False,True,False,122859,231.67856521463662,30714.75,1116.9,0
426,1413,Laptop,61527,2,3,Mumbai,IN,2023-04-05,Y,3.996329208126599,1,463,YIrSES,Not Returned,WH2,Average,True,False,False,True,False,123054,1850.3004233626152,41018.0,265.20258620689657,0
3214,1598,Laptop,7013,2,2,Hyderabad,IN,,No,3.791798101242172,1,146,SAVE10,Not Returned,WH3,Average,True,False,False,True,True,14026,553.6025227813572,4675.333333333333,95.41496598639456,0
4183,1510,Laptop,62619,4,3,Mumbai,IND,,No,3.408982528460093,1,465,SAVE10,Not Returned,WH3,Good,False,False,True,False,True,250476,1585.1768757339432,50095.2,537.5021459227468,0
4644,1234,Laptop,13002,3,0,Mumbai,IND,,No,1.263322944415235,1,309,OFF20,Not Returned,WH1,Bad,False,False,True,False,False,39006,390.3667898243076,9751.5,125.8258064516129,0
2901,1764,Laptop,97223,3,2,Delhi,IND,,Yes,3.1160817157507217,2,480,OFF20,Returned,WH2,Average,False,True,False,False,True,291669,1495.7192235603463,72917.25,606.3804573804574,0
476,1104,Dress,41391,4,1,Hyderabad,India,,Y,4.8183370373627525,2,85,SAVE10,Not Returned,WH2,Average,True,False,True,False,True,165564,409.558648175834,33112.8,1925.1627906976744,0
3089,1795,Mobile,10499,3,3,Hyderabad,IND,,N,4.1353871028261135,2,106,OFF20,Not Returned,WH1,Good,False,False,True,False,False,31497,438.35103289956805,7874.25,294.3644859813084,0
1764,1604,Dress,86905,2,0,Chennai,IND,,Yes,2.008891842565803,2,36,OFF20,Returned,WH2,Good,True,False,True,False,False,173810,72.32010633236891,57936.666666666664,4697.5675675675675,0
4439,1453,Dress,51109,1,2,Delhi,IND,,Yes,3.7607182114959214,2,488,OFF20,Returned,WH3,Good,False,False,False,True,True,51109,1835.2304872100096,25554.5,104.51738241308793,0
4970,1095,Dress,64502,4,1,Mumbai,India,,No,3.968846098319546,2,297,YIrSES,Not Returned,WH3,Good,False,False,False,True,True,258008,1178.7472912009052,51601.6,865.7986577181208,0
899,1232,Dress,35069,2,0,Mumbai,India,,No,3.807074524384665,2,184,OFF20,Not Returned,WH1,Bad,False,False,True,False,True,70138,700.5017124867784,23379.333333333332,379.12432432432433,0
3922,1351,Dress,87128,3,0,Chennai,IN,,N,4.800088934790852,2,372,YIrSES,Not Returned,WH1,Average,False,False,True,False,True,261384,1785.6330837421972,65346.0,700.7613941018767,0
433,1158,Dress,24614,3,0,Hyderabad,IND,,No,4.01624624815784,0,310,OFF20,Not Returned,WH3,Average,False,False,True,False,False,73842,1245.0363369289303,18460.5,237.43408360128618,0
3997,1178,Dress,61575,1,0,Hyderabad,IND,,N,1.1228474261757304,0,106,OFF20,Not Returned,WH3,Average,False,True,False,True,False,61575,119.02182717462742,30787.5,575.4672897196261,0
3221,1789,Laptop,95146,2,1,Chennai,IND,,N,2.5358162170379464,0,67,OFF20,Not Returned,WH3,Bad,True,False,False,False,False,190292,169.8996865415424,63430.666666666664,2798.4117647058824,0
4031,1634,Headphones,17853,3,0,Mumbai,India,2023-04-05,N,2.1618385517206424,2,281,OFF20,Not Returned,WH2,Good,True,False,True,False,False,53559,607.4766330335005,13389.75,189.9255319148936,0
1150,1324,Dress,45801,1,0,Chennai,India,2023-04-05,N,3.8535380043877,1,437,SAVE10,Not Returned,WH1,Good,True,False,True,False,True,45801,1683.9961079174248,22900.5,104.56849315068493,0
1691,1324,Headphones,19090,3,1,Hyderabad,India,,No,1.8015280184533624,1,418,SAVE10,Not Returned,WH2,Good,False,False,True,False,False,57270,753.0387117135054,14317.5,136.68257756563247,0
250,1707,Laptop,30320,3,2,Hyderabad,IND,2023-04-05,Y,1.5432691404044383,1,439,SAVE10,Not Returned,WH2,Average,False,False,False,True,True,90960,677.4951526375484,22740.0,206.72727272727272,0
2140,1345,Headphones,7045,4,3,Hyderabad,IND,,No,2.441711131898867,2,179,SAVE10,Not Returned,WH1,Average,False,False,False,True,True,28180,437.06629260989723,5636.0,156.55555555555554,0
2874,1528,Mobile,10480,2,0,Mumbai,IN,,N,3.5718736198753045,0,260,YIrSES,Not Returned,WH1,Good,True,False,True,False,False,20960,928.6871411675792,6986.666666666667,80.30651340996168,0
3699,1973,Mobile,70619,2,3,Hyderabad,IN,2023-04-05,Yes,1.315033657187708,0,398,YIrSES,Returned,WH2,Good,False,True,True,False,True,141238,523.3833955607078,47079.333333333336,353.9799498746867,0
1449,1245,Mobile,52223,4,1,Chennai,India,,No,2.0753540330977254,1,276,SAVE10,Not Returned,WH2,Good,False,True,False,True,True,208892,572.7977131349722,41778.4,754.1227436823104,0
2426,1725,Shoes,74931,3,3,Delhi,IND,2023-04-05,N,3.621956779947618,1,333,SAVE10,Not Returned,WH2,Good,False,True,False,False,True,224793,1206.1116077225568,56198.25,673.0329341317365,0
1897,1859,Shoes,40358,2,1,Hyderabad,IND,,Yes,3.013638714493252,1,20,SAVE10,Not Returned,WH2,Good,True,False,False,False,True,80716,60.27277428986504,26905.333333333332,3843.6190476190477,0
4066,1201,Shoes,52287,3,2,Hyderabad,India,2023-04-05,Y,4.239046266295288,1,201,SAVE10,Returned,WH2,Good,True,False,False,True,True,156861,852.048299525353,39215.25,776.539603960396,0
4679,1098,Shoes,49546,4,3,Mumbai,IN,,No,2.6124741341526225,0,190,OFF20,Returned,WH1,Good,True,False,True,False,True,198184,496.37008548899826,39636.8,1037.6125654450261,0
4519,1269,Laptop,89780,4,3,Chennai,IN,,Yes,2.009246339339373,0,89,SAVE10,Returned,WH1,Bad,True,False,True,False,True,359120,178.82292420120422,71824.0,3990.222222222222,0
222,1206,Headphones,34882,4,3,Mumbai,IN,2023-04-05,Y,3.785661143792281,1,369,SAVE10,Returned,WH1,Bad,False,True,True,False,False,139528,1396.9089620593516,27905.6,377.1027027027027,0
3078,1398,Dress,47872,1,3,Chennai,India,2023-04-05,No,3.284496167142224,1,88,OFF20,Returned,WH1,Bad,False,False,True,False,False,47872,289.0356627085157,23936.0,537.8876404494382,0
3131,1490,Dress,96911,2,3,Delhi,India,,N,4.84942035105864,1,320,SAVE10,Returned,WH1,Average,False,False,False,False,False,193822,1551.8145123387649,64607.333333333336,603.8068535825545,0
1598,1331,Laptop,9426,3,2,Mumbai,India,2023-04-05,Y,4.273291260559706,1,190,SAVE10,Not Returned,WH3,Good,True,False,True,False,False,28278,811.9253395063441,7069.5,148.0523560209424,0
4842,1711,Headphones,83714,2,0,Mumbai,IN,2023-04-05,Y,4.788048012330979,0,32,OFF20,Not Returned,WH2,Good,False,True,True,False,False,167428,153.21753639459132,55809.333333333336,5073.575757575758,0
3526,1472,Headphones,5667,2,0,Mumbai,India,,N,2.9775917685561546,0,239,OFF20,Returned,WH2,Bad,True,False,True,False,False,11334,711.644432684921,3778.0,47.225,0
799,1871,Shoes,20953,4,1,Mumbai,IND,,N,4.760452923104034,0,76,SAVE10,Returned,WH2,Bad,True,False,False,True,False,83812,361.7944221559066,16762.4,1088.4675324675325,0
4952,1247,Laptop,6668,4,0,Mumbai,IN,2023-04-05,N,2.790195030750484,1,297,SAVE10,Not Returned,WH2,Average,False,False,False,True,False,26672,828.6879241328938,5334.4,89.50335570469798,0
2327,1442,Mobile,52121,4,0,Mumbai,IND,,No,3.11053379192814,1,145,OFF20,Not Returned,WH3,Average,False,False,False,False,False,208484,451.0273998295803,41696.8,1427.972602739726,0
3680,1384,Mobile,81812,4,0,Chennai,IND,,N,3.9522383884644823,0,425,SAVE10,Not Returned,WH3,Good,True,False,False,False,False,327248,1679.7013150974049,65449.6,768.1877934272301,0
789,1006,Mobile,50224,1,3,Mumbai,India,,N,2.539086806147576,0,484,YIrSES,Not Returned,WH3,Bad,False,False,False,True,False,50224,1228.9180141754268,25112.0,103.55463917525773,0
1878,1487,Laptop,65684,2,3,Chennai,IND,2023-04-05,N,2.357804891362472,1,127,YIrSES,Returned,WH1,Bad,False,False,False,True,False,131368,299.44122120303393,43789.333333333336,1026.3125,0
2294,1252,Laptop,68286,1,0,Hyderabad,IN,,N,2.0200839050143338,1,493,YIrSES,Returned,WH3,Good,False,False,False,True,False,68286,995.9013651720666,34143.0,138.23076923076923,0
124,1755,Laptop,75210,3,3,Delhi,IN,,Y,3.8080799795907896,1,444,SAVE10,Returned,WH2,Good,True,False,False,True,True,225630,1690.7875109383106,56407.5,507.03370786516854,0
1215,1016,Mobile,55902,2,0,Delhi,IND,,Yes,1.2331069613032533,0,76,SAVE10,Returned,WH1,Good,False,True,False,True,True,111804,93.71612905904725,37268.0,1452.0,0
801,1686,Shoes,64273,1,0,Chennai,IND,2023-04-05,Yes,1.4288095470636364,1,21,OFF20,Returned,WH3,Good,True,False,False,True,False,64273,30.005000488336364,32136.5,2921.5,0
448,1642,Shoes,10638,3,3,Hyderabad,India,2023-04-05,No,1.5278525734719248,2,382,OFF20,Returned,WH3,Good,True,False,False,False,True,31914,583.6396830662753,7978.5,83.32637075718016,0
2202,1842,Dress,24862,1,3,Hyderabad,India,2023-04-05,Y,3.530814460286017,1,212,SAVE10,Returned,WH3,Average,True,False,False,False,True,24862,748.5326655806357,12431.0,116.72300469483568,0
2927,1560,Shoes,5084,2,3,Mumbai,India,,No,2.0158101527172447,1,482,YIrSES,Not Returned,WH2,Average,True,False,False,True,True,10168,971.620493609712,3389.3333333333335,21.05175983436853,0
4143,1040,Shoes,48836,2,0,Delhi,IND,2023-04-05,Y,3.002584028801383,0,497,YIrSES,Not Returned,WH1,Bad,True,False,False,True,True,97672,1492.2842623142874,32557.333333333332,196.1285140562249,0
1605,1027,Mobile,76946,2,0,Delhi,IN,,No,4.059744801606696,0,32,YIrSES,Not Returned,WH2,Good,True,False,False,False,True,153892,129.91183365141427,51297.333333333336,4663.393939393939,0
2501,1486,Headphones,29493,1,3,Chennai,IN,,No,1.4895093173358318,0,14,YIrSES,Returned,WH3,Good,False,True,False,False,True,29493,20.853130442701644,14746.5,1966.2,0
4637,1766,Headphones,16511,4,2,Delhi,India,,No,3.01288953388818,0,199,YIrSES,Returned,WH2,Good,False,False,False,True,True,66044,599.5650172437478,13208.8,330.22,0
3709,1731,Shoes,2244,1,3,Hyderabad,IND,,No,3.627656986057593,0,293,SAVE10,Returned,WH2,Good,False,False,False,True,False,2244,1062.9034969148747,1122.0,7.63265306122449,0
4130,1799,Laptop,57008,1,1,Mumbai,India,2023-04-05,No,4.073810474880377,2,42,YIrSES,Returned,WH2,Good,False,False,True,False,False,57008,171.10003994497583,28504.0,1325.7674418604652,0
1324,1904,Mobile,1913,4,3,Mumbai,India,2023-04-05,No,3.1743941355843965,2,482,YIrSES,Not Returned,WH1,Bad,True,False,False,False,False,7652,1530.057973351679,1530.4,15.842650103519668,0
2883,1701,Dress,41270,2,3,Mumbai,India,,Y,1.3932057291792486,2,218,YIrSES,Not Returned,WH3,Good,True,False,False,False,True,82540,303.71884896107616,27513.333333333332,376.89497716894977,0
3953,1751,Mobile,2147,1,3,Delhi,India,2023-04-05,N,3.155595168130159,0,255,SAVE10,Not Returned,WH1,Good,False,False,True,False,True,2147,804.6767678731906,1073.5,8.38671875,0
3656,1665,Mobile,28450,4,3,Delhi,IND,2023-04-05,N,3.2897529280780797,1,224,SAVE10,Returned,WH3,Average,True,False,False,True,True,113800,736.9046558894898,22760.0,505.77777777777777,0
4327,1387,Mobile,49373,4,2,Chennai,IN,,No,2.316178859647614,1,12,SAVE10,Returned,WH1,Average,False,True,True,False,True,197492,27.794146315771364,39498.4,15191.692307692309,-1
3861,1094,Headphones,9065,2,2,Delhi,India,,Yes,2.7546663601915937,1,280,OFF20,Not Returned,WH3,Average,False,True,False,True,True,18130,771.3065808536462,6043.333333333333,64.51957295373666,0
4646,1967,Dress,88888,4,1,Delhi,India,2023-04-05,Yes,4.262014410154297,1,266,SAVE10,Not Returned,WH2,Average,False,True,True,False,True,355552,1133.695833101043,71110.4,1331.6554307116105,0
2103,1484,Laptop,20086,2,1,Mumbai,IN,,N,1.1248662687674091,1,104,YIrSES,Not Returned,WH1,Good,False,False,False,True,False,40172,116.98609195181055,13390.666666666666,382.5904761904762,0
1498,1706,Dress,91762,3,2,Mumbai,India,,Y,2.363071425439709,1,43,SAVE10,Not Returned,WH1,Good,False,False,False,True,True,275286,101.61207129390749,68821.5,6256.5,0
4738,1058,Laptop,48450,2,0,Hyderabad,India,,Y,2.934374728334975,1,37,SAVE10,Returned,WH1,Good,True,False,True,False,False,96900,108.57186494839408,32300.0,2550.0,0
2989,1639,Laptop,55321,1,0,Delhi,India,,Yes,2.0228707942952,1,80,OFF20,Not Returned,WH1,Good,False,False,True,False,False,55321,161.829663543616,27660.5,682.9753086419753,0
3668,1840,Shoes,64799,2,2,Hyderabad,IND,2023-04-05,No,3.024059427888488,0,230,OFF20,Not Returned,WH3,Good,False,False,False,False,False,129598,695.5336684143523,43199.333333333336,561.030303030303,0
2827,1997,Headphones,42081,2,3,Mumbai,IND,2023-04-05,Y,3.146194111836936,0,108,OFF20,Returned,WH1,Bad,False,False,False,False,True,84162,339.7889640783891,28054.0,772.1284403669724,0
3825,1313,Headphones,33256,2,2,Hyderabad,India,2023-04-05,Y,3.86442383269358,0,187,OFF20,Returned,WH2,Bad,True,False,True,False,True,66512,722.6472567136994,22170.666666666668,353.78723404255317,0
697,1340,Laptop,38367,4,2,Mumbai,India,,Y,3.931566152684411,2,397,SAVE10,Returned,WH2,Good,False,True,False,False,True,153468,1560.831762615711,30693.6,385.59798994974875,0
3117,1790,Laptop,30135,4,0,Mumbai,India,,Y,1.0115824138213116,2,359,SAVE10,Returned,WH3,Good,False,False,False,False,False,120540,363.1580865618509,24108.0,334.8333333333333,0
4217,1852,Laptop,90113,4,1,Delhi,IN,,Yes,1.99318946877617,2,179,YIrSES,Returned,WH3,Good,False,False,False,False,False,360452,356.7809149109344,72090.4,2002.5111111111112,0
211,1665,Headphones,62020,2,1,Hyderabad,IN,,Yes,1.1743882222166575,1,483,SAVE10,Not Returned,WH1,Bad,False,False,False,False,True,124040,567.2295113306456,41346.666666666664,256.2809917355372,0
3320,1106,Mobile,54855,3,0,Chennai,IN,,No,1.5837029903690678,2,265,OFF20,Returned,WH1,Bad,False,True,False,True,True,164565,419.68129244780295,41141.25,618.6654135338346,0
4840,1815,Headphones,1243,2,3,Chennai,IND,,No,2.7045375837529173,2,372,SAVE10,Returned,WH2,Average,False,True,True,False,False,2486,1006.0879811560852,828.6666666666666,6.664879356568365,0
3237,1170,Headphones,63163,3,3,Hyderabad,IND,2023-04-05,N,1.4639955263126243,2,205,SAVE10,Returned,WH3,Bad,False,False,False,True,True,189489,300.11908289408797,47372.25,919.8495145631068,0
4609,1008,Headphones,88611,2,2,Chennai,IND,,Y,2.8042695779356337,2,254,SAVE10,Returned,WH3,Bad,True,False,False,True,False,177222,712.2844727956509,59074.0,694.9882352941177,0
4755,1969,Headphones,75134,2,1,Mumbai,IND,,Y,3.963881662812225,0,103,YIrSES,Returned,WH3,Average,False,False,True,False,False,150268,408.27981126965915,50089.333333333336,1444.8846153846155,0
983,1493,Shoes,71859,3,1,Hyderabad,IND,,Y,2.227412985929102,1,227,YIrSES,Returned,WH3,Bad,False,False,False,True,False,215577,505.62274780590616,53894.25,945.5131578947369,0
591,1302,Shoes,13376,2,3,Mumbai,IND,,No,1.5639471962105542,1,318,SAVE10,Returned,WH3,Bad,True,False,True,False,False,26752,497.3352083949562,8917.333333333334,83.86206896551724,0
4920,1409,Headphones,44373,2,1,Mumbai,IND,,N,2.019571444714612,1,340,OFF20,Returned,WH1,Bad,True,False,False,True,False,88746,686.654291202968,29582.0,260.25219941348973,0
1879,1992,Shoes,20861,2,1,Delhi,IND,,Yes,2.6564471661370246,2,312,OFF20,Returned,WH1,Average,True,False,True,False,False,41722,828.8115158347516,13907.333333333334,133.29712460063897,0
2952,1273,Shoes,73147,4,0,Delhi,IND,,Y,4.4237443480116205,0,298,SAVE10,Returned,WH1,Average,False,True,True,False,False,292588,1318.275815707463,58517.6,978.5551839464883,0
4295,1652,Dress,43213,2,3,Hyderabad,IND,,N,4.313456896122078,1,269,OFF20,Returned,WH2,Average,False,True,False,False,False,86426,1160.3199050568392,28808.666666666668,320.0962962962963,0
4576,1697,Dress,46950,2,0,Delhi,India,,N,2.871424541268523,1,457,YIrSES,Returned,WH3,Average,False,True,False,False,False,93900,1312.241015359715,31300.0,205.02183406113537,0
1035,1236,Shoes,82610,3,0,Delhi,India,,Y,4.092616789452208,2,85,YIrSES,Not Returned,WH1,Average,False,True,False,False,False,247830,347.8724271034377,61957.5,2881.7441860465115,0
1001,1264,Mobile,95980,3,2,Delhi,India,,No,4.059768240432662,2,83,YIrSES,Not Returned,WH1,Average,False,True,False,False,False,287940,336.960763955911,71985.0,3427.8571428571427,0
466,1583,Shoes,20344,2,3,Delhi,India,,N,1.3333649309708435,0,134,YIrSES,Returned,WH1,Average,False,False,False,True,True,40688,178.67090075009304,13562.666666666666,301.3925925925926,0
4935,1664,Shoes,37238,1,0,Delhi,IND,,N,1.1826660299875007,0,193,YIrSES,Not Returned,WH3,Average,False,True,False,True,True,37238,228.25454378758764,18619.0,191.94845360824743,0
1026,1461,Laptop,68017,4,1,Delhi,IN,2023-04-05,N,4.038653703726032,2,404,OFF20,Not Returned,WH2,Average,False,True,False,True,False,272068,1631.616096305317,54413.6,671.7728395061729,0
2595,1724,Mobile,42747,2,1,Delhi,IND,,No,4.689739633270588,1,278,YIrSES,Returned,WH2,Bad,False,False,False,True,True,85494,1303.7476180492235,28498.0,306.4301075268817,0
4835,1779,Shoes,71998,3,2,Delhi,IN,,N,1.3777811215253015,1,246,SAVE10,Returned,WH2,Good,False,False,False,True,True,215994,338.9341558952242,53998.5,874.4696356275304,0
2450,1086,Headphones,83807,1,2,Delhi,IND,2023-04-05,N,1.6917755251095792,1,135,SAVE10,Returned,WH1,Good,False,True,False,True,False,83807,228.3896958897932,41903.5,616.2279411764706,0
1715,1532,Laptop,41081,4,0,Mumbai,IND,2023-04-05,N,4.963481311010954,0,33,OFF20,Returned,WH2,Average,False,False,False,True,False,164324,163.79488326336147,32864.8,4833.058823529412,0
3678,1504,Headphones,38129,3,0,Mumbai,IND,2023-04-05,No,2.9664370232780115,0,191,OFF20,Returned,WH2,Bad,False,False,False,True,True,114387,566.5894714461002,28596.75,595.765625,0
1046,1834,Dress,96324,1,2,Mumbai,IND,,Yes,3.131686536148756,0,209,SAVE10,Not Returned,WH1,Good,False,True,False,False,True,96324,654.52248605509,48162.0,458.6857142857143,0
3578,1878,Headphones,11170,2,2,Chennai,IND,2023-04-05,Yes,1.8946907407867088,0,433,YIrSES,Not Returned,WH1,Good,False,False,True,False,False,22340,820.4010907606449,7446.666666666667,51.474654377880185,0
297,1944,Laptop,18677,3,0,Hyderabad,IND,,Yes,4.807404974604515,2,70,YIrSES,Not Returned,WH3,Bad,False,False,False,False,False,56031,336.5183482223161,14007.75,789.169014084507,0
2541,1845,Laptop,21682,3,3,Delhi,India,2023-04-05,Y,1.8226790092257923,2,343,OFF20,Not Returned,WH2,Good,False,True,False,False,True,65046,625.1789001644468,16261.5,189.0872093023256,0
2360,1980,Mobile,87121,3,1,Delhi,IN,,Y,4.044696687110051,2,407,OFF20,Returned,WH1,Good,False,True,False,False,False,261363,1646.1915516537906,65340.75,640.5955882352941,0
621,1820,Mobile,55007,1,2,Mumbai,IN,,Yes,4.584021601861818,2,370,SAVE10,Returned,WH1,Average,False,False,False,False,True,55007,1696.0879926888726,27503.5,148.266846361186,0
4859,1232,Dress,24688,2,2,Mumbai,IN,2023-04-05,Y,4.299453886959643,1,128,OFF20,Returned,WH1,Bad,True,False,False,False,False,49376,550.3300975308343,16458.666666666668,382.7596899224806,0
1976,1929,Dress,35404,2,1,Hyderabad,IN,,Y,3.2255811573784965,1,418,OFF20,Returned,WH2,Bad,True,False,False,True,True,70808,1348.2929237842116,23602.666666666668,168.9928400954654,0
2126,1960,Headphones,47479,1,1,Chennai,India,,No,4.961565471836252,2,444,OFF20,Not Returned,WH1,Bad,False,False,False,True,True,47479,2202.935069495296,23739.5,106.69438202247191,0
4650,1974,Dress,51392,1,0,Chennai,IN,2023-04-05,No,4.731427777241239,1,190,OFF20,Not Returned,WH2,Average,False,True,False,False,False,51392,898.9712776758355,25696.0,269.0680628272251,0
321,1519,Shoes,79188,4,0,Mumbai,IN,,Y,3.4005066300254234,1,485,OFF20,Returned,WH1,Average,False,True,False,False,True,316752,1649.2457155623304,63350.4,651.7530864197531,0
3394,1183,Shoes,12051,3,2,Chennai,IN,,Y,1.6146973690911826,1,288,SAVE10,Returned,WH3,Bad,False,False,False,False,False,36153,465.03284229826056,9038.25,125.09688581314879,0
2826,1781,Shoes,50278,2,2,Chennai,IND,,Y,2.758875775119682,0,100,YIrSES,Returned,WH3,Bad,False,False,False,True,True,100556,275.8875775119682,33518.666666666664,995.6039603960396,0
1675,1842,Dress,42867,4,3,Hyderabad,IN,,Y,4.432898257541156,0,142,OFF20,Returned,WH2,Average,True,False,False,True,True,171468,629.4715525708442,34293.6,1199.076923076923,0
3501,1642,Dress,20705,4,0,Delhi,IN,,N,4.858679964011229,1,354,OFF20,Not Returned,WH2,Good,False,True,False,False,True,82820,1719.9727072599749,16564.0,233.29577464788733,0
1108,1162,Mobile,98276,4,1,Hyderabad,IND,,N,2.875438345537456,2,80,SAVE10,Not Returned,WH1,Average,False,True,True,False,False,393104,230.03506764299647,78620.8,4853.135802469136,0
4735,1570,Mobile,16160,1,1,Mumbai,IND,,No,3.599736247752755,0,484,SAVE10,Returned,WH3,Good,False,False,False,True,False,16160,1742.2723439123333,8080.0,33.31958762886598,0
4633,1252,Dress,11286,1,2,Hyderabad,IND,,N,2.372503978519064,0,21,SAVE10,Returned,WH1,Good,True,False,True,False,True,11286,49.82258354890035,5643.0,513.0,0
1047,1139,Mobile,20583,1,1,Mumbai,India,2023-04-05,Yes,1.8288717222004465,1,463,SAVE10,Returned,WH1,Bad,False,False,True,False,True,20583,846.7676073788067,10291.5,44.359913793103445,0
4150,1150,Laptop,58171,4,0,Delhi,India,2023-04-05,N,2.533929584759134,0,495,OFF20,Returned,WH3,Bad,False,False,True,False,True,232684,1254.2951444557714,46536.8,469.1209677419355,0
656,1951,Dress,77848,4,1,Delhi,IN,2023-04-05,N,2.3281756182399267,1,55,YIrSES,Not Returned,WH3,Average,True,False,True,False,True,311392,128.04965900319596,62278.4,5560.571428571428,0
2086,1817,Mobile,51428,1,1,Chennai,India,2023-04-05,N,3.0557855622636443,1,212,OFF20,Not Returned,WH2,Bad,True,False,False,True,True,51428,647.8265391998926,25714.0,241.44600938967136,0
1208,1219,Laptop,15263,2,0,Hyderabad,India,,Yes,2.7751035983878025,1,54,YIrSES,Not Returned,WH2,Good,False,True,False,True,True,30526,149.85559431294135,10175.333333333334,555.0181818181818,0
1990,1354,Headphones,88722,3,3,Mumbai,India,2023-04-05,No,4.767472545062304,1,231,YIrSES,Not Returned,WH2,Bad,True,False,False,False,True,266166,1101.2861579093924,66541.5,1147.2672413793102,0
3184,1964,Shoes,46210,1,3,Mumbai,India,,Yes,4.711680946546391,2,391,YIrSES,Not Returned,WH2,Bad,True,False,True,False,True,46210,1842.2672500996389,23105.0,117.88265306122449,0
2852,1580,Laptop,28852,1,3,Mumbai,India,,No,4.042405262460368,2,51,YIrSES,Not Returned,WH1,Bad,True,False,False,True,True,28852,206.16266838547875,14426.0,554.8461538461538,0
4276,1513,Laptop,87593,2,3,Hyderabad,IN,,Yes,1.041324264802543,2,392,SAVE10,Returned,WH1,Bad,True,False,False,False,True,175186,408.1991118025968,58395.333333333336,445.76590330788804,0
3898,1055,Shoes,32481,3,3,Hyderabad,IND,,Y,3.3756303073812592,1,8,SAVE10,Returned,WH1,Good,False,False,False,True,True,97443,27.005042459050074,24360.75,10827.0,0
2235,1145,Mobile,55404,4,3,Chennai,India,,Yes,4.78407513904312,1,266,YIrSES,Not Returned,WH1,Good,True,False,True,False,True,221616,1272.56398698547,44323.2,830.0224719101124,0
2892,1500,Laptop,2554,3,3,Chennai,IND,,No,4.640851707431269,1,130,SAVE10,Returned,WH3,Average,False,False,False,False,True,7662,603.310721966065,1915.5,58.48854961832061,0
2674,1827,Laptop,62543,2,0,Mumbai,IN,,Yes,4.049945259037607,2,159,YIrSES,Returned,WH1,Bad,True,False,True,False,True,125086,643.9412961869795,41695.333333333336,781.7875,0
3071,1718,Laptop,42513,3,3,Mumbai,India,,Yes,2.7602997911530145,2,378,YIrSES,Returned,WH1,Bad,True,False,False,True,True,127539,1043.3933210558396,31884.75,336.5145118733509,0
1744,1216,Headphones,8911,1,3,Mumbai,IND,,No,3.084813643086561,0,475,YIrSES,Returned,WH3,Bad,True,False,False,True,False,8911,1465.2864804661165,4455.5,18.720588235294116,0
3039,1592,Shoes,67004,1,2,Mumbai,India,,No,3.3014545921245078,0,190,YIrSES,Returned,WH3,Bad,True,False,True,False,True,67004,627.2763725036565,33502.0,350.8062827225131,0
3283,1617,Shoes,27412,4,0,Chennai,IND,,No,2.3085616429279456,0,146,SAVE10,Not Returned,WH2,Bad,False,False,False,True,False,109648,337.04999986748004,21929.6,745.9047619047619,0
1983,1145,Dress,52076,3,1,Delhi,India,,Y,4.912397384687743,0,134,SAVE10,Not Returned,WH3,Bad,False,True,False,True,True,156228,658.2612495481576,39057.0,1157.2444444444445,0
4200,1108,Shoes,67612,3,2,Delhi,India,,Yes,4.1718503426687645,0,99,OFF20,Not Returned,WH1,Bad,True,False,False,False,False,202836,413.0131839242077,50709.0,2028.36,0
4188,1689,Shoes,83619,2,2,Delhi,India,2023-04-05,N,1.0882371488769431,1,320,SAVE10,Returned,WH1,Good,True,False,True,False,True,167238,348.2358876406218,55746.0,520.9906542056075,0
1689,1400,Dress,21851,3,2,Hyderabad,India,,N,1.6681057772108758,1,361,YIrSES,Returned,WH1,Average,False,True,False,False,False,65553,602.1861855731262,16388.25,181.08563535911603,0
576,1515,Dress,92869,1,2,Delhi,IN,2023-04-05,Yes,3.0463684686379806,1,331,YIrSES,Not Returned,WH1,Bad,False,False,False,False,False,92869,1008.3479631191716,46434.5,279.7259036144578,0
956,1801,Mobile,22527,3,1,Delhi,IN,,Y,2.17465989580691,2,463,YIrSES,Returned,WH1,Bad,False,False,False,False,True,67581,1006.8675317585994,16895.25,145.64870689655172,0
2423,1657,Shoes,19482,4,2,Delhi,IN,,Yes,3.3425530080304675,1,3,SAVE10,Returned,WH3,Bad,False,True,False,True,True,77928,10.027659024091403,15585.6,19482.0,-1
680,1500,Laptop,65211,4,2,Delhi,IN,,Y,2.917805483330222,1,218,YIrSES,Returned,WH2,Bad,True,False,False,True,False,260844,636.0815953659884,52168.8,1191.0684931506848,0
4937,1066,Mobile,288,2,0,Chennai,IN,2023-04-05,Y,2.0291137266025645,1,142,YIrSES,Not Returned,WH2,Good,False,False,False,True,False,576,288.13414917756415,192.0,4.027972027972028,0
405,1039,Mobile,47480,1,0,Mumbai,IN,,Y,3.392403201677185,0,93,OFF20,Not Returned,WH2,Good,True,False,False,False,False,47480,315.4934977559782,23740.0,505.1063829787234,0
1927,1517,Dress,6766,1,1,Mumbai,India,,Y,1.5128109825411338,0,254,OFF20,Not Returned,WH1,Good,False,False,True,False,False,6766,384.25398956544797,3383.0,26.533333333333335,0
1353,1510,Shoes,54030,4,1,Mumbai,IND,,Y,4.805974733737846,0,20,OFF20,Not Returned,WH1,Bad,False,False,False,True,False,216120,96.11949467475691,43224.0,10291.42857142857,0
41,1504,Shoes,55976,4,1,Delhi,IN,,Y,4.931736798632233,2,262,YIrSES,Not Returned,WH3,Average,False,False,True,False,False,223904,1292.115041241645,44780.8,851.3460076045627,0
3774,1140,Mobile,6481,4,0,Mumbai,IN,,No,2.5297927710825587,2,227,YIrSES,Returned,WH3,Bad,False,True,False,False,True,25924,574.2629590357408,5184.8,113.70175438596492,0
2769,1448,Headphones,70896,2,2,Hyderabad,IN,2023-04-05,No,4.855903437685736,2,268,SAVE10,Not Returned,WH1,Bad,True,False,False,False,False,141792,1301.3821212997773,47264.0,527.1078066914498,0
418,1675,Dress,20711,1,2,Mumbai,IN,,Yes,1.2536595702283,2,52,SAVE10,Not Returned,WH2,Bad,True,False,False,False,False,20711,65.1902976518716,10355.5,390.77358490566036,0
3816,1785,Mobile,32875,2,2,Delhi,IND,,Yes,3.8129985274479448,1,407,YIrSES,Not Returned,WH1,Bad,False,True,True,False,False,65750,1551.8904006713135,21916.666666666668,161.15196078431373,0
3775,1539,Headphones,43916,4,1,Delhi,IN,,Yes,2.937065056647541,1,203,SAVE10,Not Returned,WH3,Average,False,False,True,False,True,175664,596.2242064994508,35132.8,861.0980392156863,0
1607,1725,Shoes,96502,4,2,Chennai,IN,,Yes,2.444234053787142,1,174,SAVE10,Not Returned,WH1,Average,False,True,True,False,True,386008,425.2967253589627,77201.6,2205.76,0
4311,1830,Mobile,86131,4,3,Delhi,India,,No,3.4059616432015223,1,220,OFF20,Not Returned,WH3,Good,False,True,False,False,True,344524,749.3115615043349,68904.8,1558.9321266968325,0
1015,1407,Laptop,31665,3,0,Delhi,IN,,N,3.288108787486545,2,97,YIrSES,Not Returned,WH3,Bad,False,False,False,False,True,94995,318.94655238619487,23748.75,969.3367346938776,0
3992,1800,Headphones,37541,3,0,Delhi,India,2023-04-05,Yes,3.3827145253173194,2,67,YIrSES,Not Returned,WH3,Bad,False,True,False,False,True,112623,226.6418731962604,28155.75,1656.2205882352941,0
2631,1307,Shoes,21970,1,3,Delhi,IND,,Yes,3.830098519814269,0,492,SAVE10,Returned,WH1,Good,True,False,False,False,True,21970,1884.4084717486203,10985.0,44.563894523326574,0
3174,1278,Shoes,54784,4,1,Mumbai,IND,,Y,2.927042780664132,0,130,OFF20,Returned,WH1,Average,False,True,False,False,False,219136,380.51556148633716,43827.2,1672.793893129771,0
934,1621,Dress,73390,1,0,Delhi,IND,,Yes,4.006838804581983,1,17,OFF20,Returned,WH1,Good,False,True,False,True,False,73390,68.11625967789372,36695.0,4077.222222222222,0
3185,1683,Laptop,45815,2,0,Hyderabad,India,,Y,4.612907741105439,1,88,YIrSES,Not Returned,WH2,Bad,True,False,False,True,False,91630,405.9358812172786,30543.333333333332,1029.5505617977528,0
76,1180,Laptop,79757,2,0,Hyderabad,India,2023-04-05,Y,3.815651216232889,2,99,SAVE10,Returned,WH2,Bad,False,False,True,False,False,159514,377.749470407056,53171.333333333336,1595.14,0
4765,1497,Laptop,79411,4,2,Delhi,India,2023-04-05,Y,2.25356229822675,2,92,OFF20,Returned,WH1,Bad,False,False,True,False,True,317644,207.327731436861,63528.8,3415.52688172043,0
3986,1974,Headphones,54977,1,2,Chennai,IN,,Yes,3.363449142826488,2,371,YIrSES,Returned,WH1,Bad,False,False,False,False,True,54977,1247.8396319886272,27488.5,147.78763440860214,0
2832,1092,Dress,8588,1,2,Delhi,IND,,N,1.2055581944668674,2,391,YIrSES,Returned,WH1,Bad,False,False,True,False,True,8588,471.3732540365452,4294.0,21.908163265306122,0
4863,1318,Mobile,82149,3,0,Mumbai,IN,2023-04-05,Y,1.6326136469724446,2,213,YIrSES,Returned,WH3,Average,False,False,False,True,True,246447,347.7467068051307,61611.75,1151.6214953271028,0
2895,1904,Laptop,90009,3,3,Chennai,IN,,N,4.151770646882464,0,488,OFF20,Returned,WH1,Good,False,False,False,True,True,270027,2026.0640756786424,67506.75,552.2024539877301,0
3044,1292,Headphones,26426,3,0,Delhi,India,,N,2.193385191647745,2,316,OFF20,Returned,WH1,Bad,True,False,False,False,True,79278,693.1097205606874,19819.5,250.08832807570977,0
4690,1916,Laptop,9549,2,1,Delhi,India,,N,4.948962015228794,2,385,SAVE10,Not Returned,WH3,Bad,False,True,False,True,False,19098,1905.3503758630857,6366.0,49.476683937823836,0
2245,1344,Headphones,38117,2,1,Delhi,India,,Yes,2.344235580809796,0,123,OFF20,Returned,WH3,Average,False,True,False,True,False,76234,288.3409764396049,25411.333333333332,614.7903225806451,0
2215,1666,Mobile,32750,2,3,Mumbai,India,,Yes,2.878380801609416,0,172,SAVE10,Not Returned,WH1,Bad,False,True,False,True,False,65500,495.0814978768196,21833.333333333332,378.6127167630058,0
4860,1475,Headphones,71907,2,3,Mumbai,India,2023-04-05,Yes,1.566569867298928,0,485,YIrSES,Not Returned,WH3,Average,False,True,False,True,False,143814,759.7863856399802,47938.0,295.91358024691357,0
4344,1473,Shoes,80347,4,1,Delhi,IN,,N,1.4287771411569643,0,177,OFF20,Returned,WH1,Average,False,True,False,True,True,321388,252.89355398478267,64277.6,1805.5505617977528,0
3193,1376,Shoes,58253,4,2,Hyderabad,IN,,Yes,2.1778309911681006,2,120,SAVE10,Returned,WH3,Average,True,False,False,False,True,233012,261.3397189401721,46602.4,1925.719008264463,0
946,1526,Dress,83388,4,2,Hyderabad,IND,,N,1.1187161370702716,2,62,SAVE10,Not Returned,WH1,Good,True,False,False,False,True,333552,69.36040049835684,66710.4,5294.476190476191,0
480,1606,Mobile,40643,2,1,Mumbai,IND,,Yes,4.9570272995567874,2,207,SAVE10,Returned,WH3,Good,False,False,False,False,True,81286,1026.104651008255,27095.333333333332,390.7980769230769,0
3734,1340,Headphones,64205,4,1,Mumbai,IND,,Yes,1.859689111496671,2,39,OFF20,Returned,WH3,Good,False,False,False,False,True,256820,72.52787534837017,51364.0,6420.5,0
4984,1571,Dress,35165,3,0,Mumbai,IN,,No,2.730608526352683,2,248,OFF20,Returned,WH3,Bad,False,False,False,False,True,105495,677.1909145354654,26373.75,423.67469879518075,0
2153,1953,Mobile,91687,4,1,Mumbai,IN,,Y,4.066593966651795,1,81,SAVE10,Returned,WH1,Bad,False,False,False,True,False,366748,329.3941112987954,73349.6,4472.536585365854,0
52,1213,Mobile,45337,1,3,Hyderabad,India,,Yes,2.507679286704321,1,156,SAVE10,Returned,WH1,Bad,False,False,True,False,False,45337,391.1979687258741,22668.5,288.77070063694265,0
249,1574,Headphones,21336,3,1,Hyderabad,India,,N,3.558973220934211,1,255,SAVE10,Returned,WH1,Bad,False,True,False,True,False,64008,907.5381713382237,16002.0,250.03125,0
741,1207,Shoes,18285,4,1,Mumbai,IN,,Y,4.672414786226874,0,396,SAVE10,Not Returned,WH3,Bad,False,True,False,True,False,73140,1850.276255345842,14628.0,184.23173803526447,0
70,1146,Shoes,70282,4,0,Mumbai,IN,,Y,1.2010086525792332,0,36,SAVE10,Not Returned,WH2,Good,False,True,False,True,True,281128,43.236311492852394,56225.6,7598.054054054054,0
3890,1931,Laptop,48996,1,0,Chennai,IN,,Y,4.142214959547214,0,255,OFF20,Not Returned,WH2,Average,False,True,False,True,True,48996,1056.2648146845397,24498.0,191.390625,0
2293,1543,Mobile,43791,2,1,Chennai,IN,,Y,4.667162516723112,0,131,OFF20,Returned,WH2,Good,False,True,False,False,True,87582,611.3982896907277,29194.0,663.5,0
2835,1237,Dress,97400,4,0,Mumbai,India,,No,1.1679850672944083,0,278,OFF20,Returned,WH3,Good,False,True,True,False,True,389600,324.6998487078455,77920.0,1396.415770609319,0
1102,1695,Dress,20138,3,0,Delhi,IN,,N,4.248448586573963,0,121,SAVE10,Returned,WH3,Good,False,True,True,False,True,60414,514.0622789754495,15103.5,495.1967213114754,0
4425,1626,Dress,29816,2,0,Hyderabad,IND,,Y,3.100437570424743,0,242,OFF20,Not Returned,WH3,Average,False,False,False,False,True,59632,750.3058920427878,19877.333333333332,245.3991769547325,0
4472,1636,Shoes,77811,1,0,Hyderabad,IN,,N,3.6678326039808513,0,406,SAVE10,Returned,WH1,Bad,False,True,False,True,False,77811,1489.1400372162257,38905.5,191.1818181818182,0
4579,1207,Headphones,75584,4,3,Chennai,IN,,No,2.887909763492896,0,453,SAVE10,Returned,WH1,Good,True,False,True,False,True,302336,1308.223122862282,60467.2,665.9383259911895,0
3509,1665,Shoes,41196,2,0,Chennai,IND,,Yes,2.585509518535901,1,162,SAVE10,Not Returned,WH1,Good,False,True,False,True,True,82392,418.85254200281594,27464.0,505.4723926380368,0
3271,1913,Shoes,18867,1,3,Chennai,IND,,No,2.9077124037080955,1,370,OFF20,Not Returned,WH1,Good,False,False,False,False,False,18867,1075.8535893719952,9433.5,50.8544474393531,0
1595,1758,Shoes,86167,3,3,Mumbai,IN,,N,2.839906473753093,2,332,SAVE10,Not Returned,WH3,Bad,False,True,False,True,False,258501,942.8489492860268,64625.25,776.2792792792793,0
2582,1146,Shoes,57144,4,0,Delhi,IND,,N,1.3845378387046758,0,216,YIrSES,Returned,WH2,Good,False,False,True,False,False,228576,299.06017316020996,45715.2,1053.3456221198157,0
256,1899,Headphones,41013,4,3,Delhi,IN,,Yes,3.85672497234414,2,209,OFF20,Returned,WH1,Good,False,True,True,False,True,164052,806.0555192199253,32810.4,781.2,0
4980,1916,Headphones,42928,2,3,Chennai,IN,,Yes,3.5364487737716463,2,66,OFF20,Returned,WH1,Average,False,True,False,True,False,85856,233.40561906892867,28618.666666666668,1281.4328358208954,0
3141,1352,Shoes,61333,4,3,Mumbai,IN,2023-04-05,Yes,4.482074767083587,2,423,OFF20,Returned,WH2,Average,False,False,False,True,False,245332,1895.917626476357,49066.4,578.6132075471698,0
2484,1413,Mobile,82202,4,3,Mumbai,IND,2023-04-05,Yes,3.9216464038759047,2,320,YIrSES,Returned,WH2,Average,False,False,False,True,False,328808,1254.9268492402896,65761.6,1024.3239875389409,0
943,1094,Dress,66776,1,3,Hyderabad,IND,,Y,4.332723637123818,2,192,SAVE10,Not Returned,WH2,Average,False,False,True,False,False,66776,831.8829383277731,33388.0,345.9896373056995,0
1604,1604,Dress,77047,4,0,Mumbai,India,,N,3.9549557192879856,2,26,OFF20,Not Returned,WH2,Good,True,False,False,True,False,308188,102.82884870148763,61637.6,11414.37037037037,0
2194,1185,Laptop,88511,3,1,Mumbai,India,,N,4.403934896038065,2,389,YIrSES,Not Returned,WH2,Good,False,False,True,False,False,265533,1713.1306745588072,66383.25,680.8538461538461,0
516,1799,Mobile,95028,1,3,Mumbai,India,,N,4.472972140605587,2,281,YIrSES,Not Returned,WH2,Good,True,False,True,False,False,95028,1256.90517151017,47514.0,336.97872340425533,0
1205,1936,Mobile,41736,3,0,Delhi,India,,Y,2.378584857951565,2,378,YIrSES,Not Returned,WH2,Good,True,False,True,False,False,125208,899.1050763056916,31302.0,330.3641160949868,0
4593,1756,Headphones,62221,4,2,Mumbai,India,,N,3.4723325264967984,2,394,SAVE10,Not Returned,WH3,Average,True,False,False,False,False,248884,1368.0990154397387,49776.8,630.0860759493671,0
2361,1125,Shoes,61735,4,1,Chennai,India,,No,4.619121127105166,1,25,YIrSES,Returned,WH1,Bad,False,True,True,False,True,246940,115.47802817762916,49388.0,9497.692307692309,0
4166,1811,Dress,56044,3,1,Chennai,IND,,No,1.0242421114629638,0,288,OFF20,Not Returned,WH2,Bad,True,False,True,False,False,168132,294.9817281013336,42033.0,581.7716262975779,0
919,1539,Dress,10204,1,2,Hyderabad,IN,2023-04-05,Y,4.741274111878254,1,218,OFF20,Not Returned,WH2,Bad,True,False,False,True,False,10204,1033.5977563894594,5102.0,46.593607305936075,0
3300,1074,Shoes,75573,3,0,Mumbai,IN,2023-04-05,No,1.3810545495288498,0,96,OFF20,Not Returned,WH3,Good,False,False,False,True,True,226719,132.58123675476958,56679.75,2337.3092783505153,0
4126,1854,Laptop,5806,3,2,Chennai,India,2023-04-05,N,2.5389206110823346,0,212,OFF20,Returned,WH3,Average,True,False,False,True,True,17418,538.251169549455,4354.5,81.77464788732394,0
304,1305,Laptop,25099,1,3,Delhi,IN,,No,3.491719675422858,2,487,YIrSES,Returned,WH1,Good,True,False,False,True,False,25099,1700.4674819309319,12549.5,51.432377049180324,0
3666,1419,Laptop,50392,2,2,Hyderabad,IND,,Yes,1.2606071238369565,1,306,YIrSES,Returned,WH1,Bad,True,False,False,False,True,100784,385.7457798941087,33594.666666666664,328.2866449511401,0
2818,1177,Mobile,99429,2,3,Hyderabad,IN,,No,2.1796692704921607,1,455,SAVE10,Returned,WH1,Bad,True,False,True,False,False,198858,991.7495180739331,66286.0,436.0921052631579,0
870,1093,Laptop,31274,4,3,Mumbai,IND,,No,1.6083429258663915,2,198,SAVE10,Returned,WH2,Bad,True,False,False,False,False,125096,318.4518993215455,25019.2,628.6231155778894,0
4692,1214,Mobile,41719,2,3,Delhi,IN,,Y,4.074411078296578,0,221,OFF20,Returned,WH2,Bad,True,False,False,False,True,83438,900.4448483035437,27812.666666666668,375.84684684684686,0
2809,1620,Mobile,68405,2,2,Chennai,IND,,No,2.974698357165656,0,462,YIrSES,Returned,WH2,Bad,False,False,True,False,False,136810,1374.310641010533,45603.333333333336,295.48596112311014,0
923,1954,Laptop,8363,1,0,Chennai,IN,2023-04-05,Yes,1.0878338891143362,0,1,SAVE10,Not Returned,WH1,Good,False,False,False,True,False,8363,1.0878338891143362,4181.5,4181.5,0
1516,1747,Mobile,39522,1,3,Chennai,IN,,Yes,1.483098508070961,1,483,OFF20,Not Returned,WH3,Good,False,False,False,False,False,39522,716.3365793982742,19761.0,81.65702479338843,0
4869,1746,Shoes,45619,2,2,Chennai,IN,,Yes,3.8944121946372015,0,302,OFF20,Not Returned,WH1,Good,False,False,False,False,False,91238,1176.112482780435,30412.666666666668,301.1155115511551,0
4928,1184,Dress,18429,1,2,Hyderabad,IN,,Yes,4.27840531170369,0,398,YIrSES,Returned,WH3,Bad,False,True,True,False,True,18429,1702.8053140580685,9214.5,46.18796992481203,0
4936,1779,Shoes,39830,1,2,Hyderabad,IND,,Yes,2.110963583596035,0,128,YIrSES,Returned,WH1,Bad,True,False,False,True,True,39830,270.2033387002925,19915.0,308.7596899224806,0
1761,1045,Shoes,56030,4,2,Mumbai,IND,,Yes,2.065384684399532,0,113,SAVE10,Returned,WH1,Good,True,False,False,True,True,224120,233.38846933714711,44824.0,1965.9649122807018,0
256,1899,Headphones,41013,4,3,Mumbai,IN,,Yes,3.85672497234414,2,209,OFF20,Returned,WH1,Good,False,True,False,True,True,164052,806.0555192199253,32810.4,781.2,0
2504,1296,Laptop,98910,3,3,Chennai,India,,Y,1.6916997144557953,2,301,OFF20,Returned,WH1,Bad,False,True,False,True,True,296730,509.2016140511944,74182.5,982.5496688741722,0
3825,1313,Laptop,33256,2,2,Hyderabad,India,2023-04-05,Y,3.86442383269358,0,187,OFF20,Returned,WH2,Bad,True,False,True,False,True,66512,722.6472567136994,22170.666666666668,353.78723404255317,0
3092,1598,Dress,10156,4,0,Mumbai,IN,2023-04-05,Yes,3.667889444102296,1,450,OFF20,Returned,WH2,Bad,True,False,False,False,True,40624,1650.5502498460332,8124.8,90.07538802660754,0
1900,1501,Headphones,47440,2,1,Delhi,India,,Y,4.646747220145489,1,157,SAVE10,Returned,WH2,Bad,True,False,False,True,True,94880,729.5393135628418,31626.666666666668,600.506329113924,0
1574,1083,Headphones,27357,2,0,Hyderabad,India,,Yes,3.4708225235844345,1,143,YIrSES,Not Returned,WH3,Good,False,True,False,False,False,54714,496.32762087257413,18238.0,379.9583333333333,0
722,1713,Dress,75542,3,0,Delhi,IND,,N,2.4847206002723365,1,454,SAVE10,Not Returned,WH3,Good,False,False,False,False,False,226626,1128.0631525236408,56656.5,498.07912087912086,0
2819,1375,Headphones,99798,1,3,Delhi,IND,,Y,1.2083846089457126,1,374,OFF20,Not Returned,WH3,Average,False,True,False,False,False,99798,451.9358437456965,49899.0,266.128,0
2690,1533,Mobile,72610,3,3,Chennai,India,,Y,2.543860716519492,1,214,OFF20,Returned,WH1,Average,False,True,False,False,False,217830,544.3861933351714,54457.5,1013.1627906976744,0
4529,1178,Shoes,59047,2,3,Mumbai,IND,,Y,4.007461398562267,1,70,YIrSES,Returned,WH3,Average,False,False,False,True,False,118094,280.5222978993587,39364.666666666664,1663.2957746478874,0
4402,1587,Dress,64562,3,2,Chennai,IN,,N,1.7561723462914194,0,281,OFF20,Not Returned,WH3,Average,False,False,True,False,False,193686,493.48442930788883,48421.5,686.8297872340426,0
4111,1690,Mobile,35503,4,0,Mumbai,IN,,No,3.673776223263116,0,456,SAVE10,Not Returned,WH2,Average,False,False,True,False,False,142012,1675.241957807981,28402.4,310.7483588621444,0
4816,1826,Headphones,50248,2,0,Delhi,IN,,Y,1.3819495976880778,0,87,YIrSES,Not Returned,WH2,Good,False,False,False,False,False,100496,120.22961499886277,33498.666666666664,1142.0,0
134,1140,Headphones,85193,4,2,Delhi,IND,,Y,2.3305266957662263,1,332,SAVE10,Returned,WH1,Average,False,False,False,False,True,340772,773.7348629943871,68154.4,1023.3393393393393,0
1122,1117,Headphones,86511,1,3,Mumbai,India,,Yes,2.48139561188517,2,218,SAVE10,Not Returned,WH2,Bad,False,True,False,False,True,86511,540.9442433909671,43255.5,395.027397260274,0
3630,1622,Mobile,2752,4,1,Hyderabad,India,,Yes,3.472354380401099,2,105,OFF20,Not Returned,WH2,Good,True,False,False,True,True,11008,364.5972099421154,2201.6,103.84905660377359,0
731,1757,Mobile,9656,4,3,Chennai,IN,,Y,2.7267655986007164,1,122,YIrSES,Returned,WH3,Good,True,False,False,True,False,38624,332.6654030292874,7724.8,314.0162601626016,0
840,1355,Headphones,31221,3,3,Chennai,IN,,Y,1.9950754559171984,2,284,SAVE10,Returned,WH1,Average,True,False,False,False,True,93663,566.6014294804843,23415.75,328.6421052631579,0
972,1281,Dress,54271,3,3,Chennai,IN,2023-04-05,N,2.2371660742403927,1,301,SAVE10,Returned,WH2,Bad,False,False,True,False,True,162813,673.3869883463582,40703.25,539.115894039735,0
1780,1514,Laptop,52671,3,2,Hyderabad,India,2023-04-05,Y,2.850345163690689,1,366,YIrSES,Returned,WH3,Good,False,False,False,False,True,158013,1043.2263299107922,39503.25,430.55313351498637,0
4606,1896,Dress,88220,4,1,Delhi,India,,No,4.514424918663289,1,175,OFF20,Returned,WH3,Good,False,False,True,False,True,352880,790.0243607660757,70576.0,2005.0,0
3589,1078,Laptop,38898,1,2,Hyderabad,India,,Yes,2.964505882651241,2,44,OFF20,Not Returned,WH3,Bad,False,True,False,True,True,38898,130.4382588366546,19449.0,864.4,0
368,1494,Laptop,35222,3,2,Hyderabad,India,2023-04-05,Y,1.541002049274986,0,93,OFF20,Not Returned,WH3,Bad,False,False,False,True,False,105666,143.3131905825737,26416.5,1124.1063829787233,0
3332,1679,Shoes,74958,1,0,Hyderabad,IND,,Yes,4.428635845204406,0,486,YIrSES,Not Returned,WH1,Bad,False,False,False,True,False,74958,2152.317020769341,37479.0,153.91786447638603,0
4703,1890,Headphones,56655,1,3,Mumbai,India,,No,4.452729410441115,1,230,YIrSES,Returned,WH2,Average,True,False,False,True,True,56655,1024.1277644014563,28327.5,245.25974025974025,0
3142,1522,Dress,43107,1,0,Hyderabad,IN,,Y,4.869977707443752,0,369,OFF20,Returned,WH2,Average,True,False,True,False,True,43107,1797.0217740467444,21553.5,116.50540540540541,0
2850,1210,Dress,23399,1,1,Chennai,IN,,Y,2.422407963671024,1,64,YIrSES,Returned,WH2,Average,True,False,True,False,True,23399,155.03410967494554,11699.5,359.9846153846154,0
241,1931,Mobile,23408,2,1,Hyderabad,IND,,N,1.567865838417624,0,85,SAVE10,Not Returned,WH3,Good,True,False,False,False,True,46816,133.26859626549805,15605.333333333334,544.3720930232558,0
1058,1703,Mobile,78764,3,1,Delhi,IND,,N,1.1733929040850808,1,58,YIrSES,Returned,WH3,Bad,False,True,True,False,False,236292,68.05678843693468,59073.0,4004.9491525423728,0
4611,1890,Dress,30744,4,0,Delhi,IN,,Y,2.546583784066533,1,417,SAVE10,Not Returned,WH3,Good,True,False,True,False,True,122976,1061.9254379557442,24595.2,294.20095693779905,0
2936,1399,Laptop,99803,3,0,Delhi,IN,2023-04-05,Y,3.699067171395159,1,437,YIrSES,Not Returned,WH2,Bad,False,False,False,False,True,299409,1616.4923538996843,74852.25,683.582191780822,0
3440,1999,Shoes,71186,1,2,Mumbai,India,2023-04-05,Y,3.3726084315998355,1,485,SAVE10,Not Returned,WH3,Bad,False,False,False,False,True,71186,1635.7150893259202,35593.0,146.47325102880657,0
91,1555,Headphones,84335,3,0,Chennai,IN,,Y,3.626776436154427,2,291,OFF20,Returned,WH1,Average,True,False,False,True,True,253005,1055.3919429209382,63251.25,866.4554794520548,0
3502,1845,Mobile,267,2,2,Delhi,IN,2023-04-05,No,3.794590050781316,1,321,OFF20,Returned,WH1,Bad,False,False,False,False,True,534,1218.0634063008024,178.0,1.6583850931677018,0
4359,1412,Mobile,61047,3,2,Hyderabad,IN,,Yes,3.552747738489401,1,366,OFF20,Returned,WH2,Good,True,False,True,False,True,183141,1300.3056722871206,45785.25,499.0217983651226,0
2134,1029,Headphones,22318,2,3,Mumbai,India,,No,1.626443654838266,1,292,YIrSES,Returned,WH3,Bad,False,False,True,False,False,44636,474.92154721277365,14878.666666666666,152.34129692832764,0
841,1552,Mobile,91689,1,3,Hyderabad,IN,,No,4.017272144989155,0,280,SAVE10,Returned,WH3,Average,False,False,True,False,False,91689,1124.8362005969634,45844.5,326.29537366548044,0
2549,1154,Mobile,84255,3,1,Hyderabad,India,,N,3.147970806086738,1,312,OFF20,Returned,WH3,Bad,False,False,True,False,True,252765,982.1668914990623,63191.25,807.555910543131,0
4106,1403,Mobile,16235,1,1,Delhi,India,,Yes,3.4154018283899767,2,351,OFF20,Returned,WH1,Average,False,True,True,False,True,16235,1198.806041764882,8117.5,46.12215909090909,0
2060,1918,Shoes,40926,4,1,Chennai,India,,No,4.764390634220366,2,217,SAVE10,Not Returned,WH1,Average,False,True,True,False,True,163704,1033.8727676258193,32740.8,750.9357798165138,0
2925,1016,Shoes,68112,1,1,Delhi,India,,No,1.4556980052446922,2,248,SAVE10,Not Returned,WH3,Good,False,False,False,False,True,68112,361.01310530068366,34056.0,273.5421686746988,0
2253,1262,Laptop,82581,1,0,Chennai,IN,2023-04-05,No,3.4259668994212014,0,61,SAVE10,Not Returned,WH3,Bad,False,True,False,True,False,82581,208.98398086469328,41290.5,1331.9516129032259,0
4092,1582,Laptop,75140,2,0,Chennai,IN,,No,4.069716104669838,0,176,YIrSES,Not Returned,WH3,Bad,False,True,False,True,False,150280,716.2700344218914,50093.333333333336,849.0395480225989,0
561,1747,Dress,72834,3,0,Delhi,IN,2023-04-05,Yes,4.135128396189646,2,267,OFF20,Not Returned,WH2,Good,True,False,False,False,False,218502,1104.0792817826355,54625.5,815.3059701492538,0
3542,1234,Mobile,22426,2,0,Delhi,IND,,Yes,2.883934631519778,2,18,SAVE10,Returned,WH2,Bad,True,False,False,False,False,44852,51.910823367356,14950.666666666666,2360.6315789473683,0
3640,1109,Mobile,8132,1,1,Delhi,IND,,Yes,4.89671355735795,2,85,OFF20,Not Returned,WH1,Average,True,False,False,True,True,8132,416.22065237542574,4066.0,94.55813953488372,0
2056,1350,Headphones,240,3,3,Delhi,IND,,Yes,2.205539849804202,1,414,YIrSES,Not Returned,WH1,Average,True,False,True,False,True,720,913.0934978189397,180.0,1.7349397590361446,0
2777,1193,Shoes,65259,4,0,Delhi,India,,Yes,2.624929953265259,2,363,YIrSES,Not Returned,WH2,Average,True,False,False,True,True,261036,952.849573035289,52207.2,717.1318681318681,0
1098,1160,Headphones,38342,2,3,Delhi,India,2023-04-05,No,1.5636702527530917,2,185,YIrSES,Returned,WH3,Average,True,False,False,True,True,76684,289.27899675932196,25561.333333333332,412.2795698924731,0
1754,1055,Dress,91508,4,3,Mumbai,India,2023-04-05,Y,2.2234693378073587,2,367,YIrSES,Returned,WH1,Bad,True,False,False,True,False,366032,816.0132469753006,73206.4,994.6521739130435,0
205,1198,Shoes,27878,2,1,Mumbai,India,,No,2.1354680362270915,1,407,OFF20,Returned,WH3,Bad,True,False,True,False,True,55756,869.1354907444262,18585.333333333332,136.65686274509804,0
271,1955,Laptop,20518,2,1,Chennai,India,,Y,4.654531430116412,1,87,SAVE10,Returned,WH1,Average,True,False,True,False,True,41036,404.9442344201279,13678.666666666666,466.3181818181818,0
1445,1527,Headphones,82490,4,2,Chennai,India,,Yes,1.0981380746440288,1,77,SAVE10,Not Returned,WH2,Bad,False,True,True,False,True,329960,84.55663174759022,65992.0,4230.25641025641,0
3747,1912,Headphones,68101,4,3,Chennai,India,2023-04-05,Y,2.91002400709204,2,60,SAVE10,Not Returned,WH2,Bad,False,True,True,False,True,272404,174.60144042552238,54480.8,4465.639344262295,0
2120,1436,Laptop,76847,1,0,Mumbai,India,,No,3.0086159819197973,2,470,SAVE10,Not Returned,WH3,Average,True,False,True,False,False,76847,1414.0495115023048,38423.5,163.15711252653927,0
379,1866,Headphones,50861,1,0,Mumbai,IND,,No,4.22235298440099,2,249,OFF20,Not Returned,WH2,Average,False,True,False,True,True,50861,1051.3658931158466,25430.5,203.444,0
675,1518,Laptop,20180,4,0,Chennai,IN,,Yes,4.69187934873548,0,173,SAVE10,Not Returned,WH2,Average,False,True,True,False,True,80720,811.695127331238,16144.0,463.9080459770115,0
4026,1318,Headphones,83433,4,0,Hyderabad,IN,2023-04-05,Y,3.6080313178260384,0,263,OFF20,Not Returned,WH3,Bad,False,True,False,True,True,333732,948.9122365882481,66746.4,1264.1363636363637,0
639,1029,Mobile,8125,2,3,Hyderabad,IND,,No,1.2276912813183376,2,213,OFF20,Not Returned,WH3,Good,True,False,True,False,True,16250,261.4982429208059,5416.666666666667,75.93457943925233,0
2983,1749,Shoes,915,1,0,Hyderabad,IND,2023-04-05,No,3.05931122356596,0,257,YIrSES,Not Returned,WH3,Good,True,False,True,False,True,915,786.2429844564517,457.5,3.546511627906977,0
1796,1665,Mobile,11919,2,3,Chennai,IN,2023-04-05,N,3.0459015690207085,2,174,SAVE10,Not Returned,WH1,Bad,True,False,False,True,False,23838,529.9868730096033,7946.0,136.21714285714285,0
1852,1617,Mobile,21274,2,3,Chennai,IN,,Yes,2.2375091168670838,1,159,SAVE10,Not Returned,WH1,Bad,False,True,False,True,False,42548,355.7639495818663,14182.666666666666,265.925,0
1700,1175,Laptop,5424,2,3,Delhi,IN,,No,2.7832469961023385,1,266,OFF20,Not Returned,WH3,Good,True,False,False,True,True,10848,740.3437009632221,3616.0,40.62921348314607,0
1289,1747,Shoes,85922,1,1,Hyderabad,India,2023-04-05,N,1.1397940340186,1,270,YIrSES,Not Returned,WH1,Bad,False,True,False,False,False,85922,307.744389185022,42961.0,317.05535055350555,0
2597,1099,Shoes,83527,1,3,Hyderabad,India,2023-04-05,Yes,3.154720438981842,2,499,SAVE10,Returned,WH3,Bad,True,False,False,True,False,83527,1574.2054990519393,41763.5,167.054,0
4577,1717,Mobile,46113,2,3,Chennai,India,2023-04-05,Yes,4.690920781924103,2,183,YIrSES,Returned,WH1,Bad,False,False,False,True,False,92226,858.4385030921108,30742.0,501.2282608695652,0
313,1136,Mobile,48093,4,0,Mumbai,IN,2023-04-05,N,1.119269151859248,1,143,OFF20,Not Returned,WH1,Average,True,False,False,True,False,192372,160.05548871587246,38474.4,1335.9166666666667,0
309,1186,Laptop,25393,1,2,Chennai,India,,N,3.0534285132213204,0,466,YIrSES,Returned,WH1,Bad,False,False,True,False,True,25393,1422.8976871611353,12696.5,54.37473233404711,0
4933,1546,Laptop,16505,2,1,Mumbai,India,,Yes,3.587764022895943,0,180,SAVE10,Returned,WH1,Bad,False,False,True,False,True,33010,645.7975241212697,11003.333333333334,182.3756906077348,0
1080,1146,Shoes,61010,1,2,Delhi,IN,,Y,4.753529485797223,0,43,OFF20,Returned,WH2,Bad,False,False,False,False,True,61010,204.4017678892806,30505.0,1386.590909090909,0
4307,1685,Dress,49979,3,0,Delhi,IN,,No,1.749889812369826,1,181,OFF20,Returned,WH2,Bad,True,False,False,False,True,149937,316.7300560389385,37484.25,823.8296703296703,0
4390,1863,Dress,56383,3,3,Chennai,IN,2023-04-05,Y,3.592647841955983,2,426,SAVE10,Returned,WH3,Bad,False,False,True,False,True,169149,1530.4679806732488,42287.25,396.1334894613583,0
2355,1037,Dress,95583,4,3,Chennai,IN,2023-04-05,Y,2.989339079307638,2,339,SAVE10,Returned,WH3,Good,False,True,True,False,True,382332,1013.3859478852893,76466.4,1124.5058823529412,0
1659,1049,Headphones,41440,1,2,Hyderabad,India,2023-04-05,Y,3.146902376652873,2,428,YIrSES,Returned,WH1,Good,True,False,False,False,False,41440,1346.8742172074296,20720.0,96.59673659673659,0
4664,1788,Mobile,48334,4,0,Chennai,India,2023-04-05,Y,2.208140033072098,1,472,YIrSES,Not Returned,WH2,Good,True,False,True,False,True,193336,1042.2420956100304,38667.2,408.74418604651163,0
2336,1923,Mobile,21589,3,1,Delhi,IND,,Y,2.180873241773719,1,485,YIrSES,Not Returned,WH2,Good,True,False,True,False,False,64767,1057.7235222602537,16191.75,133.26543209876544,0
3895,1516,Dress,19978,2,0,Delhi,IND,,Y,3.60680338005149,0,164,YIrSES,Not Returned,WH2,Good,True,False,True,False,True,39956,591.5157543284444,13318.666666666666,242.15757575757576,0
3284,1606,Headphones,15326,4,1,Chennai,IND,,Y,4.921356034023326,0,214,OFF20,Not Returned,WH2,Good,True,False,False,False,False,61304,1053.1701912809917,12260.8,285.13488372093025,0
389,1488,Headphones,22920,3,1,Chennai,IND,,No,3.274864209960522,0,451,SAVE10,Not Returned,WH3,Average,True,False,False,False,False,68760,1476.9637586921954,17190.0,152.12389380530973,0
2385,1056,Dress,80241,4,3,Hyderabad,IND,,No,1.0715632796805123,0,72,SAVE10,Not Returned,WH3,Average,False,False,True,False,True,320964,77.15255613699689,64192.8,4396.767123287671,0
4139,1345,Laptop,89282,4,3,Hyderabad,IN,,Yes,2.971524079766417,1,211,OFF20,Returned,WH3,Good,True,False,True,False,True,357128,626.991580830714,71425.6,1684.566037735849,0
4657,1234,Headphones,16091,1,3,Delhi,IN,,N,4.572467801235145,1,242,OFF20,Returned,WH1,Bad,False,False,True,False,True,16091,1106.537207898905,8045.5,66.21810699588477,0
2219,1186,Headphones,99147,3,2,Delhi,IN,2023-04-05,N,1.4635871302860963,1,25,OFF20,Not Returned,WH1,Bad,False,False,False,True,True,297441,36.58967825715241,74360.25,11440.038461538461,0
4138,1403,Dress,91455,2,2,Chennai,IN,,Yes,4.85477243201904,1,37,YIrSES,Not Returned,WH2,Average,False,False,False,True,True,182910,179.62657998470448,60970.0,4813.421052631579,0
857,1038,Headphones,498,1,2,Hyderabad,India,,No,2.692115258833647,1,238,YIrSES,Not Returned,WH1,Bad,True,False,False,False,True,498,640.723431602408,249.0,2.083682008368201,0
931,1509,Mobile,50408,3,3,Hyderabad,IND,,Y,4.2670061468472165,0,159,SAVE10,Not Returned,WH1,Good,False,True,True,False,True,151224,678.4539773487074,37806.0,945.15,0
4380,1925,Laptop,3202,4,1,Mumbai,IND,2023-04-05,Y,3.422559903613004,0,103,YIrSES,Not Returned,WH1,Average,False,True,True,False,True,12808,352.5236700721394,2561.6,123.15384615384616,0
3835,1828,Mobile,23663,1,1,Mumbai,IND,,Y,2.296636713311434,0,375,YIrSES,Not Returned,WH2,Average,False,False,True,False,False,23663,861.2387674917877,11831.5,62.933510638297875,0
175,1323,Headphones,24311,1,1,Mumbai,IND,,No,2.9922639300301745,0,180,OFF20,Not Returned,WH2,Average,False,False,True,False,False,24311,538.6075074054314,12155.5,134.31491712707182,0
3341,1924,Headphones,24255,3,1,Mumbai,IND,,Y,4.3693747183955125,2,7,OFF20,Not Returned,WH1,Average,False,True,False,True,False,72765,30.585623028768588,18191.25,9095.625,0
4395,1769,Laptop,65219,2,1,Delhi,IN,,N,3.693926365231992,0,28,OFF20,Not Returned,WH1,Good,True,False,False,False,False,130438,103.42993822649578,43479.333333333336,4497.862068965517,0
1330,1109,Mobile,79169,4,2,Mumbai,IN,,Yes,4.45278098977461,0,184,SAVE10,Not Returned,WH2,Average,False,False,False,False,False,316676,819.3117021185282,63335.2,1711.7621621621622,0
3984,1356,Shoes,65323,3,0,Hyderabad,IND,,N,2.6105192690898504,2,43,OFF20,Not Returned,WH1,Bad,False,True,False,False,False,195969,112.25232857086357,48992.25,4453.840909090909,0
2447,1505,Laptop,4214,4,1,Chennai,IN,,No,2.170082385350091,0,338,YIrSES,Not Returned,WH3,Good,True,False,False,True,True,16856,733.4878462483307,3371.2,49.72271386430678,0
864,1745,Mobile,4080,4,0,Hyderabad,IND,,Yes,3.2082562910568746,1,218,YIrSES,Not Returned,WH3,Bad,False,False,False,True,False,16320,699.3998714503987,3264.0,74.52054794520548,0
1311,1838,Mobile,11740,3,3,Hyderabad,India,,Yes,2.731313766549248,1,437,YIrSES,Not Returned,WH3,Bad,False,False,False,False,False,35220,1193.5841159820216,8805.0,80.41095890410959,0
1263,1062,Mobile,19148,3,0,Hyderabad,India,,N,1.4995956222009807,2,205,YIrSES,Not Returned,WH3,Good,False,True,False,True,False,57444,307.417102551201,14361.0,278.8543689320388,0
1959,1230,Mobile,10616,3,1,Chennai,IN,2023-04-05,N,1.4156566819554763,2,339,OFF20,Not Returned,WH3,Good,False,False,False,True,False,31848,479.90761518290645,7962.0,93.67058823529412,0
669,1468,Shoes,33165,3,1,Mumbai,IND,,No,3.966922636711703,0,150,OFF20,Not Returned,WH2,Good,True,False,False,True,True,99495,595.0383955067555,24873.75,658.9072847682119,0
1589,1397,Mobile,42213,3,2,Mumbai,IND,2023-04-05,Y,1.2297706684145653,2,367,OFF20,Returned,WH2,Bad,True,False,True,False,True,126639,451.3258353081455,31659.75,344.1277173913044,0
2670,1964,Mobile,314,2,2,Mumbai,India,,Y,3.576142699969961,0,482,SAVE10,Returned,WH2,Bad,True,False,True,False,False,628,1723.7007813855212,209.33333333333334,1.300207039337474,0
185,1319,Mobile,5757,4,1,Mumbai,India,2023-04-05,No,3.068273956398149,2,362,SAVE10,Returned,WH3,Bad,True,False,False,True,True,23028,1110.71517221613,4605.6,63.43801652892562,0
4320,1147,Mobile,73766,4,1,Delhi,IN,,No,1.561837968856826,0,318,SAVE10,Returned,WH1,Bad,True,False,True,False,True,295064,496.66447409647066,59012.8,924.9655172413793,0
3601,1504,Laptop,96959,2,0,Delhi,IN,2023-04-05,Y,1.6348685231707258,1,69,SAVE10,Not Returned,WH1,Bad,True,False,False,False,False,193918,112.80592809878009,64639.333333333336,2770.2571428571428,0
2845,1574,Laptop,50554,2,1,Delhi,India,,Y,2.954656345383361,1,276,SAVE10,Not Returned,WH1,Bad,True,False,True,False,True,101108,815.4851513258076,33702.666666666664,365.01083032490976,0
783,1032,Headphones,74125,4,0,Delhi,India,2023-04-05,N,1.2708981019191343,1,484,YIrSES,Returned,WH3,Bad,True,False,True,False,False,296500,615.114681328861,59300.0,611.340206185567,0
1423,1669,Dress,52426,1,1,Delhi,IN,,N,2.312586896735056,0,397,YIrSES,Returned,WH3,Average,False,False,True,False,False,52426,918.0969980038172,26213.0,131.72361809045225,0
4418,1609,Headphones,8102,2,3,Chennai,IN,2023-04-05,No,1.3601860032844626,1,50,OFF20,Returned,WH2,Good,False,True,False,False,False,16204,68.00930016422313,5401.333333333333,317.72549019607845,0
4983,1494,Headphones,83195,3,2,Chennai,IN,,Y,4.874831454799431,0,26,OFF20,Not Returned,WH1,Good,False,True,False,False,False,249585,126.74561782478521,62396.25,9243.888888888889,0
1054,1170,Laptop,6482,4,2,Chennai,India,2023-04-05,Y,2.576588154160432,0,73,OFF20,Not Returned,WH3,Average,False,True,False,False,False,25928,188.09093525371154,5185.6,350.3783783783784,0
3800,1336,Laptop,71153,3,0,Chennai,India,2023-04-05,Y,2.0291783233673257,0,55,OFF20,Not Returned,WH3,Good,False,True,False,False,True,213459,111.60480778520292,53364.75,3811.7678571428573,0
2618,1810,Shoes,67251,4,1,Delhi,India,,N,2.676109768843524,1,439,SAVE10,Not Returned,WH2,Good,False,True,False,False,False,269004,1174.812188522307,53800.8,611.3727272727273,0
2921,1963,Dress,47096,4,2,Delhi,IND,,No,2.088855470014377,1,477,SAVE10,Not Returned,WH2,Good,True,False,False,False,False,188384,996.3840591968577,37676.8,394.10878661087867,0
3857,1644,Mobile,1050,3,2,Delhi,IND,,N,1.6127176964912344,1,151,YIrSES,Not Returned,WH1,Bad,False,True,False,False,False,3150,243.5203721701764,787.5,20.723684210526315,0
4893,1449,Laptop,3767,3,2,Hyderabad,IND,,No,4.318957121812316,1,230,YIrSES,Returned,WH3,Bad,False,True,False,True,False,11301,993.3601380168327,2825.25,48.922077922077925,0
1242,1283,Dress,27705,4,0,Chennai,India,,N,1.7519198471265596,1,187,SAVE10,Returned,WH3,Good,False,True,False,True,False,110820,327.60901141266663,22164.0,589.468085106383,0
3728,1523,Dress,3852,1,3,Hyderabad,IND,,N,2.720768281349168,2,326,SAVE10,Not Returned,WH2,Bad,False,False,True,False,False,3852,886.9704597198288,1926.0,11.779816513761467,0
3558,1212,Dress,78409,3,1,Hyderabad,IND,,N,2.8419757688668543,0,427,SAVE10,Returned,WH3,Bad,True,False,True,False,False,235227,1213.5236533061468,58806.75,549.5957943925233,0
4499,1845,Laptop,78439,1,2,Hyderabad,IN,,Yes,2.8826103747665406,0,88,SAVE10,Returned,WH2,Bad,True,False,False,False,False,78439,253.66971297945557,39219.5,881.3370786516854,0
3371,1221,Laptop,7428,1,2,Mumbai,India,,Yes,2.407614861871867,0,376,OFF20,Not Returned,WH2,Bad,False,True,False,False,False,7428,905.263188063822,3714.0,19.70291777188329,0
3242,1749,Headphones,25494,1,1,Hyderabad,India,,Y,1.7079355706876838,0,85,OFF20,Not Returned,WH2,Bad,False,False,False,False,True,25494,145.17452350845312,12747.0,296.4418604651163,0
381,1466,Dress,99480,1,1,Hyderabad,India,,No,4.338140866803245,1,75,YIrSES,Not Returned,WH3,Bad,False,False,False,False,True,99480,325.3605650102434,49740.0,1308.9473684210527,0
176,1812,Headphones,91033,3,2,Chennai,India,2023-04-05,No,1.4258255736996135,0,208,YIrSES,Not Returned,WH1,Bad,True,False,False,False,False,273099,296.5717193295196,68274.75,1306.6937799043062,0
932,1923,Headphones,64927,3,0,Chennai,IND,,No,4.572212991701953,2,241,YIrSES,Not Returned,WH2,Bad,True,False,True,False,False,194781,1101.9033310001707,48695.25,804.8801652892562,0
3112,1437,Headphones,8346,4,0,Chennai,IND,2023-04-05,Y,1.6644488357603788,0,101,OFF20,Not Returned,WH3,Bad,False,True,True,False,False,33384,168.10933241179825,6676.8,327.29411764705884,0
4468,1415,Mobile,25409,4,0,Mumbai,IND,,Y,3.3028310207946934,0,264,SAVE10,Not Returned,WH1,Bad,False,True,True,False,False,101636,871.9473894897991,20327.2,383.53207547169814,0
3525,1046,Headphones,58261,3,0,Hyderabad,IN,,Yes,1.1647249597102172,0,75,SAVE10,Not Returned,WH3,Bad,True,False,True,False,False,174783,87.35437197826629,43695.75,2299.7763157894738,0
872,1968,Laptop,42442,3,1,Hyderabad,IND,,N,2.114890467812298,0,22,SAVE10,Returned,WH1,Average,True,False,False,False,False,127326,46.52759029187056,31831.5,5535.913043478261,0
2894,1840,Shoes,35500,1,2,Mumbai,IND,2023-04-05,Y,4.523835120294618,1,371,YIrSES,Returned,WH3,Good,False,False,False,False,False,35500,1678.3428296293032,17750.0,95.43010752688173,0
2267,1481,Dress,75176,3,3,Mumbai,IND,,Yes,1.1680276884603793,1,57,OFF20,Returned,WH3,Good,True,False,False,False,False,225528,66.57757824224161,56382.0,3888.4137931034484,0
3021,1772,Shoes,56551,3,3,Chennai,India,,No,3.112484331210665,0,455,OFF20,Returned,WH3,Bad,False,False,False,False,False,169653,1416.1803707008526,42413.25,372.04605263157896,0
624,1126,Shoes,85858,4,0,Delhi,IN,2023-04-05,No,3.6311045941507607,2,300,OFF20,Returned,WH2,Good,False,False,True,False,True,343432,1089.3313782452283,68686.4,1140.970099667774,0
2935,1978,Laptop,44249,1,2,Delhi,IN,2023-04-05,No,4.135068210619986,2,196,SAVE10,Returned,WH2,Bad,False,False,True,False,True,44249,810.4733692815172,22124.5,224.61421319796955,0
396,1985,Laptop,82615,3,1,Chennai,IND,,No,4.757871023664453,2,247,YIrSES,Returned,WH2,Good,False,False,True,False,True,247845,1175.19414284512,61961.25,999.375,0
4469,1947,Shoes,81813,4,3,Mumbai,India,2023-04-05,Y,3.743973163125096,0,276,YIrSES,Returned,WH2,Good,False,False,True,False,True,327252,1033.3365930225266,65450.4,1181.4151624548736,0
3808,1657,Mobile,53510,4,1,Delhi,India,2023-04-05,No,1.9097255745316144,2,275,OFF20,Returned,WH2,Good,False,False,True,False,False,214040,525.174532996194,42808.0,775.5072463768116,0
1255,1099,Laptop,73557,1,0,Delhi,IND,2023-04-05,No,4.039225893326661,2,179,SAVE10,Not Returned,WH2,Good,False,False,True,False,False,73557,723.0214349054722,36778.5,408.65,0
3062,1302,Dress,26762,2,0,Hyderabad,IND,,No,4.234440601896058,2,276,OFF20,Not Returned,WH1,Good,False,False,True,False,False,53524,1168.705606123312,17841.333333333332,193.22743682310468,0
1779,1342,Headphones,84782,4,0,Mumbai,IND,,Y,4.161217578853002,2,499,OFF20,Returned,WH2,Bad,True,False,False,False,False,339128,2076.447571847648,67825.6,678.256,0
914,1432,Laptop,23763,3,2,Delhi,IND,2023-04-05,Y,1.208755685835404,2,239,OFF20,Not Returned,WH3,Bad,False,False,False,False,True,71289,288.8926089146616,17822.25,297.0375,0
4447,1006,Headphones,90660,1,0,Delhi,IN,,Y,3.72034793369743,0,78,YIrSES,Not Returned,WH1,Average,False,True,True,False,True,90660,290.18713882839955,45330.0,1147.5949367088608,0
1297,1164,Headphones,57355,4,1,Mumbai,IND,,Yes,3.70875475103315,0,377,YIrSES,Returned,WH1,Average,False,True,True,False,False,229420,1398.2005411394975,45884.0,606.9312169312169,0
4264,1929,Laptop,43920,4,1,Hyderabad,IND,,Yes,2.3494117734058046,0,453,YIrSES,Returned,WH2,Bad,False,True,True,False,False,175680,1064.2835333528294,35136.0,386.9603524229075,0
3148,1369,Laptop,80413,1,1,Mumbai,India,,No,4.425932036954059,0,408,SAVE10,Returned,WH1,Good,False,True,False,True,True,80413,1805.780271077256,40206.5,196.60880195599023,0
4603,1044,Shoes,44989,4,0,Chennai,India,,N,2.343722106450996,0,236,SAVE10,Returned,WH1,Good,True,False,False,True,True,179956,553.1184171224351,35991.2,759.3080168776371,0
312,1010,Headphones,44416,3,1,Mumbai,India,,N,3.609168675241204,2,378,SAVE10,Returned,WH3,Good,True,False,False,True,False,133248,1364.2657592411751,33312.0,351.5778364116095,0
2549,1154,Headphones,84255,3,1,Hyderabad,India,,N,3.147970806086738,1,312,OFF20,Returned,WH3,Bad,False,False,True,False,True,252765,982.1668914990623,63191.25,807.555910543131,0
3950,1269,Laptop,58578,3,1,Delhi,IND,,No,1.2565816611175435,0,89,OFF20,Returned,WH1,Good,False,True,False,True,False,175734,111.83576783946137,43933.5,1952.6,0
2959,1464,Laptop,88046,2,3,Delhi,India,,Yes,4.8276740901342325,1,28,SAVE10,Returned,WH2,Good,False,False,True,False,False,176092,135.17487452375852,58697.333333333336,6072.137931034483,0
3803,1027,Headphones,49140,4,1,Delhi,IND,,Yes,2.651442271177562,0,234,SAVE10,Not Returned,WH2,Good,True,False,True,False,True,196560,620.4374914555495,39312.0,836.4255319148937,0
1343,1006,Headphones,26017,4,3,Mumbai,IN,,Yes,3.551643584191973,1,198,SAVE10,Not Returned,WH3,Average,False,True,False,True,True,104068,703.2254296700106,20813.6,522.9547738693467,0
1231,1724,Mobile,37694,4,1,Hyderabad,IND,,Yes,4.974489069751652,0,325,YIrSES,Returned,WH3,Average,True,False,False,False,True,150776,1616.7089476692868,30155.2,462.50306748466255,0
4916,1537,Shoes,77962,1,2,Hyderabad,IND,,N,3.509753627681771,2,56,YIrSES,Not Returned,WH1,Good,True,False,False,True,True,77962,196.54620315017917,38981.0,1367.7543859649122,0
2875,1134,Dress,31316,4,0,Delhi,IN,2023-04-05,No,1.0946331352371428,0,418,YIrSES,Returned,WH1,Bad,False,False,False,True,True,125264,457.5566505291257,25052.8,298.95942720763725,0
1848,1436,Mobile,36629,3,0,Mumbai,India,,No,4.761294889949374,0,339,YIrSES,Not Returned,WH3,Bad,False,False,False,True,False,109887,1614.0789676928378,27471.75,323.1970588235294,0
4082,1308,Headphones,10252,3,1,Mumbai,IN,,No,4.476716685300586,0,113,YIrSES,Returned,WH3,Bad,False,True,False,True,True,30756,505.8689854389662,7689.0,269.7894736842105,0
1549,1234,Shoes,4477,1,1,Mumbai,IN,,No,2.363398018376115,0,83,YIrSES,Returned,WH3,Bad,False,True,True,False,True,4477,196.16203552521753,2238.5,53.29761904761905,0
748,1447,Headphones,62604,2,0,Mumbai,IND,,N,3.6490010778202073,0,253,OFF20,Not Returned,WH1,Average,False,True,True,False,False,125208,923.1972726885125,41736.0,492.9448818897638,0
4555,1733,Dress,60320,2,3,Mumbai,India,,N,1.727809519307424,0,376,YIrSES,Returned,WH1,Average,True,False,False,True,False,120640,649.6563792595915,40213.333333333336,320.0,0
1155,1480,Dress,27023,3,1,Delhi,IN,,Y,1.1673627134572129,2,241,YIrSES,Returned,WH2,Average,False,False,False,True,False,81069,281.3344139431883,20267.25,334.995867768595,0
1553,1603,Headphones,6638,3,0,Hyderabad,IND,,Y,1.2550374637256223,2,304,YIrSES,Not Returned,WH3,Bad,False,False,True,False,False,19914,381.5313889725892,4978.5,65.29180327868852,0
494,1238,Headphones,9389,1,3,Hyderabad,India,2023-04-05,Y,3.180981100877868,2,170,YIrSES,Not Returned,WH3,Average,True,False,True,False,False,9389,540.7667871492375,4694.5,54.90643274853801,0
2428,1577,Shoes,38703,2,1,Chennai,IN,,Y,1.7913838026235722,2,464,YIrSES,Not Returned,WH2,Bad,True,False,True,False,True,77406,831.2020844173375,25802.0,166.46451612903226,0
2963,1822,Shoes,91428,3,3,Chennai,India,,Y,2.7900609573869937,2,50,OFF20,Not Returned,WH2,Average,True,False,False,False,False,274284,139.50304786934967,68571.0,5378.117647058823,0
4782,1804,Mobile,12819,2,2,Chennai,India,,N,1.0495682114068092,2,294,OFF20,Not Returned,WH2,Average,False,True,False,True,False,25638,308.5730541536019,8546.0,86.90847457627119,0
2830,1236,Dress,71025,3,2,Delhi,IN,,N,3.2644762464292723,2,392,OFF20,Not Returned,WH1,Average,False,False,False,False,True,213075,1279.6746886002747,53268.75,542.175572519084,0
3227,1488,Dress,42072,2,0,Delhi,IN,,Y,2.11912293606912,2,390,OFF20,Not Returned,WH1,Average,True,False,False,True,False,84144,826.4579450669568,28048.0,215.20204603580564,0
3239,1474,Dress,18048,1,2,Delhi,IN,,No,1.9409158505038209,1,493,OFF20,Not Returned,WH1,Average,False,True,False,True,False,18048,956.8715142983837,9024.0,36.534412955465584,0
4254,1769,Dress,33534,3,1,Chennai,India,,Yes,1.9390362478674092,1,138,YIrSES,Not Returned,WH2,Good,False,True,False,True,True,100602,267.5870022057025,25150.5,723.7553956834532,0
4349,1766,Dress,96916,4,0,Chennai,India,,No,1.9140403227060296,1,202,OFF20,Not Returned,WH2,Good,True,False,False,True,True,387664,386.63614518661797,77532.8,1909.6748768472905,0
2679,1796,Mobile,44980,1,0,Hyderabad,India,2023-04-05,N,4.366709422952995,1,167,SAVE10,Returned,WH1,Good,False,True,True,False,False,44980,729.2404736331501,22490.0,267.73809523809524,0
4168,1811,Headphones,67378,1,0,Hyderabad,India,,N,1.6264576690577064,2,25,YIrSES,Returned,WH3,Bad,True,False,True,False,True,67378,40.66144172644266,33689.0,2591.4615384615386,0
2394,1614,Shoes,60362,1,1,Hyderabad,India,2023-04-05,N,4.687024672199412,1,22,OFF20,Not Returned,WH2,Bad,False,True,True,False,True,60362,103.11454278838706,30181.0,2624.4347826086955,0
4170,1514,Shoes,37454,3,1,Hyderabad,IN,2023-04-05,Y,2.804442959042956,2,352,SAVE10,Not Returned,WH3,Average,True,False,True,False,False,112362,987.1639215831206,28090.5,318.3059490084986,0
4875,1171,Laptop,99803,4,1,Hyderabad,IND,2023-04-05,N,2.295747647583185,2,479,OFF20,Not Returned,WH3,Bad,True,False,False,False,True,399212,1099.6631231923454,79842.4,831.6916666666667,0
4720,1885,Headphones,13646,1,1,Hyderabad,IN,2023-04-05,Yes,4.78247057281256,2,260,OFF20,Not Returned,WH3,Bad,False,False,False,True,False,13646,1243.4423489312655,6823.0,52.28352490421456,0
1056,1039,Headphones,44567,1,1,Mumbai,IN,2023-04-05,N,4.488297641524716,1,216,OFF20,Not Returned,WH3,Bad,False,False,False,True,False,44567,969.4722905693387,22283.5,205.3778801843318,0
4143,1040,Headphones,48836,2,0,Delhi,IND,2023-04-05,Y,3.002584028801383,0,497,OFF20,Not Returned,WH1,Bad,False,False,False,True,True,97672,1492.2842623142874,32557.333333333332,196.1285140562249,0
3755,1689,Headphones,87101,3,2,Delhi,India,,Y,3.9409394375265774,0,58,SAVE10,Not Returned,WH1,Bad,True,False,True,False,True,261303,228.5744873765415,65325.75,4428.864406779661,0
4714,1242,Mobile,72564,2,3,Mumbai,IN,2023-04-05,Yes,3.5306615810848814,2,7,SAVE10,Not Returned,WH3,Bad,False,False,False,True,True,145128,24.71463106759417,48376.0,18141.0,-1
826,1382,Mobile,56798,4,3,Hyderabad,IN,,No,4.5515695978473385,1,49,YIrSES,Not Returned,WH2,Good,False,False,False,False,True,227192,223.02691029451958,45438.4,4543.84,0
171,1321,Shoes,55505,2,3,Mumbai,IND,,No,1.5949192995090082,0,320,SAVE10,Not Returned,WH1,Good,True,False,False,True,True,111010,510.37417584288266,37003.333333333336,345.82554517133957,0
383,1858,Mobile,50978,4,0,Mumbai,IND,2023-04-05,No,1.097122766776339,1,404,OFF20,Not Returned,WH1,Average,True,False,True,False,False,203912,443.237597777641,40782.4,503.4864197530864,0
1354,1479,Mobile,14293,2,3,Delhi,IND,2023-04-05,No,1.4241571829928326,1,122,OFF20,Not Returned,WH2,Average,False,True,False,True,False,28586,173.74717632512557,9528.666666666666,232.40650406504065,0
3010,1816,Shoes,87739,4,0,Delhi,IND,2023-04-05,No,1.8245540393965385,1,459,OFF20,Returned,WH3,Average,False,False,False,True,False,350956,837.4703040830111,70191.2,762.9478260869565,0
4587,1323,Shoes,25589,3,3,Mumbai,India,,Y,4.841564753741953,1,329,SAVE10,Returned,WH3,Good,False,False,False,True,True,76767,1592.8748039811026,19191.75,232.62727272727273,0
2872,1754,Dress,67240,2,3,Chennai,IND,,Yes,3.867769440930516,2,204,SAVE10,Not Returned,WH3,Good,False,True,False,True,True,134480,789.0249659498253,44826.666666666664,656.0,0
1823,1137,Mobile,7326,3,3,Chennai,IN,2023-04-05,N,2.791122883055735,2,96,YIrSES,Not Returned,WH2,Bad,False,False,True,False,True,21978,267.94779677335055,5494.5,226.57731958762886,0
4758,1291,Headphones,11634,3,3,Delhi,India,,Y,1.869755448860681,0,298,SAVE10,Not Returned,WH3,Good,True,False,True,False,True,34902,557.1871237604829,8725.5,116.72909698996655,0
2159,1725,Mobile,1927,2,3,Mumbai,India,2023-04-05,No,1.6240053640886454,0,59,YIrSES,Not Returned,WH3,Good,False,True,True,False,True,3854,95.81631648123007,1284.6666666666667,64.23333333333333,0
728,1008,Dress,26246,2,3,Mumbai,IND,2023-04-05,No,2.714749421080576,1,245,SAVE10,Not Returned,WH2,Bad,True,False,True,False,False,52492,665.1136081647411,17497.333333333332,213.3821138211382,0
4144,1251,Dress,9618,3,1,Delhi,IND,,Y,4.644543234412157,0,99,OFF20,Returned,WH1,Average,False,True,False,True,False,28854,459.8097802068035,7213.5,288.54,0
2135,1038,Headphones,55907,2,0,Chennai,IN,,Y,3.66985593426825,1,22,OFF20,Not Returned,WH1,Bad,False,True,False,True,False,111814,80.7368305539015,37271.333333333336,4861.478260869565,0
1547,1488,Shoes,3426,3,0,Chennai,IN,,Y,3.831650413431896,0,290,YIrSES,Not Returned,WH1,Bad,False,True,False,True,True,10278,1111.1786198952498,2569.5,35.31958762886598,0
4867,1861,Mobile,96155,1,0,Delhi,India,,Y,2.534903173816099,0,251,YIrSES,Not Returned,WH2,Average,False,False,True,False,True,96155,636.2606966278408,48077.5,381.5674603174603,0
1347,1616,Shoes,84249,3,1,Chennai,IN,,No,2.548834466579635,1,22,SAVE10,Not Returned,WH3,Bad,False,False,False,True,True,252747,56.07435826475197,63186.75,10989.0,0
2829,1895,Headphones,21355,3,2,Mumbai,IN,,No,3.2099523496889257,0,239,OFF20,Returned,WH3,Good,False,False,True,False,True,64065,767.1786115756532,16016.25,266.9375,0
1570,1325,Headphones,35438,3,3,Mumbai,India,,No,4.625983450381483,0,293,OFF20,Returned,WH1,Good,False,False,True,False,False,106314,1355.4131509617746,26578.5,361.61224489795916,0
2738,1023,Dress,16114,2,3,Mumbai,IN,2023-04-05,Yes,3.2266222860361737,0,375,SAVE10,Returned,WH3,Good,False,False,True,False,False,32228,1209.983357263565,10742.666666666666,85.7127659574468,0
4339,1429,Dress,66579,4,3,Delhi,India,2023-04-05,Yes,1.988816928006796,0,213,SAVE10,Returned,WH3,Good,False,False,False,True,True,266316,423.6180056654475,53263.2,1244.4672897196263,0
4681,1124,Dress,34382,4,2,Mumbai,IN,2023-04-05,Y,4.488390538725767,1,336,OFF20,Returned,WH3,Good,False,False,False,True,False,137528,1508.0992210118577,27505.6,408.0949554896142,0
3626,1167,Headphones,8484,1,2,Delhi,IN,,No,4.41280070750725,2,49,OFF20,Not Returned,WH3,Bad,False,True,True,False,False,8484,216.22723466785524,4242.0,169.68,0
3796,1865,Headphones,5775,2,2,Delhi,India,2023-04-05,Yes,2.781240348893674,0,283,OFF20,Not Returned,WH1,Good,True,False,False,True,False,11550,787.0910187369097,3850.0,40.66901408450704,0
2264,1133,Shoes,77064,3,1,Chennai,IN,,Yes,1.3959475471099196,2,471,SAVE10,Not Returned,WH2,Good,True,False,False,False,True,231192,657.4912946887722,57798.0,489.8135593220339,0
3889,1899,Mobile,95571,3,0,Chennai,India,,Yes,3.8497431347023614,2,288,YIrSES,Not Returned,WH3,Bad,True,False,False,True,False,286713,1108.7260227942802,71678.25,992.0865051903114,0
4837,1341,Headphones,83679,1,2,Chennai,IN,,Yes,2.861656587501923,1,381,SAVE10,Not Returned,WH3,Bad,True,False,False,True,False,83679,1090.2911598382327,41839.5,219.05497382198953,0
1473,1979,Mobile,1058,3,2,Hyderabad,IND,,N,4.2664447961402,2,413,YIrSES,Not Returned,WH3,Good,False,False,False,True,False,3174,1762.0417008059026,793.5,7.666666666666667,0
2469,1461,Mobile,66538,2,2,Hyderabad,IND,,No,3.978522644695128,1,469,YIrSES,Not Returned,WH3,Good,False,False,True,False,False,133076,1865.9271203620149,44358.666666666664,283.1404255319149,0
947,1165,Mobile,98922,2,3,Mumbai,IN,,N,2.2982035228472557,0,173,SAVE10,Returned,WH2,Bad,False,False,False,False,True,197844,397.58920945257523,65948.0,1137.0344827586207,0
3368,1259,Shoes,64039,1,2,Mumbai,India,,N,1.597830256909368,0,259,SAVE10,Returned,WH3,Bad,False,False,True,False,False,64039,413.83803653952634,32019.5,246.30384615384617,0
2653,1764,Shoes,30539,3,0,Mumbai,India,,N,2.753031261570445,1,293,YIrSES,Returned,WH1,Bad,False,False,False,True,True,91617,806.6381596401403,22904.25,311.6224489795918,0
1404,1455,Laptop,33485,4,1,Chennai,IN,2023-04-05,N,2.328511080569272,2,284,SAVE10,Returned,WH1,Bad,False,True,False,False,True,133940,661.2971468816733,26788.0,469.96491228070175,0
3904,1791,Headphones,82648,3,3,Chennai,IND,,Y,3.140403185871764,2,374,OFF20,Not Returned,WH1,Average,True,False,True,False,True,247944,1174.5107915160397,61986.0,661.184,0
937,1471,Mobile,30453,3,3,Hyderabad,IND,,Y,3.1321567376032537,2,190,YIrSES,Not Returned,WH1,Bad,False,False,False,True,True,91359,595.1097801446182,22839.75,478.3193717277487,0
3743,1505,Laptop,65101,4,3,Chennai,IND,2023-04-05,Y,3.027229591845108,2,146,OFF20,Returned,WH1,Average,False,False,False,True,True,260404,441.9755204093858,52080.8,1771.455782312925,0
1237,1114,Mobile,60717,3,1,Chennai,IND,,No,2.647790883181313,2,316,OFF20,Returned,WH3,Good,True,False,False,True,True,182151,836.7019190852949,45537.75,574.6088328075709,0
879,1837,Laptop,20724,4,2,Delhi,IND,,Y,1.847263470231092,1,458,OFF20,Not Returned,WH1,Good,True,False,True,False,True,82896,846.0466693658401,16579.2,180.6013071895425,0
81,1720,Mobile,60243,2,2,Mumbai,IN,,Y,4.882092817598984,0,20,OFF20,Not Returned,WH1,Average,False,True,False,True,True,120486,97.64185635197968,40162.0,5737.428571428572,0
1185,1353,Laptop,56603,1,3,Hyderabad,IN,,Yes,1.3100268598569755,1,293,YIrSES,Not Returned,WH2,Good,False,True,True,False,True,56603,383.83786993809383,28301.5,192.52721088435374,0
1973,1598,Mobile,24953,4,1,Chennai,IN,,No,4.842535965389772,1,144,YIrSES,Not Returned,WH2,Good,True,False,False,True,True,99812,697.3251790161272,19962.4,688.3586206896551,0
1018,1168,Headphones,44998,2,1,Chennai,IND,,No,4.448575950634533,1,384,YIrSES,Not Returned,WH1,Good,False,False,False,True,True,89996,1708.2531650436606,29998.666666666668,233.75584415584416,0
3768,1983,Mobile,51006,1,0,Chennai,IND,,No,3.976709879796435,1,354,OFF20,Returned,WH3,Good,True,False,False,False,True,51006,1407.755297447938,25503.0,143.67887323943663,0
1270,1923,Mobile,2391,2,1,Hyderabad,IN,,N,1.994288937596265,1,230,SAVE10,Returned,WH2,Bad,True,False,False,False,True,4782,458.6864556471409,1594.0,20.7012987012987,0
1382,1939,Headphones,18501,1,3,Mumbai,IND,,No,3.195230210261087,0,439,YIrSES,Not Returned,WH3,Good,False,False,False,False,True,18501,1402.706062304617,9250.5,42.04772727272727,0
2053,1474,Laptop,37538,3,1,Hyderabad,IND,,No,4.56782781575204,0,309,SAVE10,Returned,WH1,Good,True,False,False,True,True,112614,1411.4587950673806,28153.5,363.27096774193546,0
4442,1500,Mobile,39105,1,2,Hyderabad,IN,,Yes,4.302645305917109,2,250,SAVE10,Not Returned,WH2,Good,True,False,False,True,True,39105,1075.6613264792772,19552.5,155.79681274900398,0
1934,1299,Mobile,3534,3,2,Mumbai,IND,,Y,3.4314086441822864,1,336,YIrSES,Not Returned,WH1,Good,False,True,False,True,True,10602,1152.9533044452482,2650.5,31.45994065281899,0
2577,1801,Shoes,94950,2,2,Mumbai,IN,,N,4.31630497887404,1,154,SAVE10,Not Returned,WH3,Good,False,False,True,False,False,189900,664.7109667466021,63300.0,1225.1612903225807,0
3393,1143,Shoes,77522,2,1,Mumbai,India,,Yes,3.623212485302884,0,9,OFF20,Not Returned,WH3,Good,False,False,True,False,False,155044,32.60891236772596,51681.333333333336,15504.4,-1
132,1889,Mobile,42435,1,0,Hyderabad,IN,,Y,4.086743802315224,0,170,OFF20,Not Returned,WH2,Good,False,True,False,True,False,42435,694.7464463935881,21217.5,248.1578947368421,0
1167,1301,Laptop,81247,3,0,Hyderabad,IN,2023-04-05,Yes,3.2572712593794986,0,468,OFF20,Returned,WH1,Good,False,True,False,True,False,243741,1524.4029493896053,60935.25,519.7036247334755,0
1399,1401,Dress,8003,2,1,Hyderabad,IN,2023-04-05,Yes,3.264028774383553,0,67,YIrSES,Returned,WH1,Good,False,False,False,True,True,16006,218.68992788369806,5335.333333333333,235.38235294117646,0
4635,1901,Laptop,23594,4,1,Mumbai,IND,,Yes,3.2737770102369,2,477,OFF20,Returned,WH2,Good,True,False,False,False,False,94376,1561.5916338830014,18875.2,197.43933054393307,0
4747,1930,Laptop,96476,1,0,Hyderabad,India,,Yes,3.6080271234161727,2,225,YIrSES,Returned,WH2,Bad,True,False,True,False,False,96476,811.8061027686389,48238.0,426.88495575221236,0
3479,1904,Headphones,974,2,0,Hyderabad,IND,,N,2.6519180566643525,0,338,SAVE10,Returned,WH1,Average,False,False,False,True,True,1948,896.3483031525511,649.3333333333334,5.7463126843657815,0
1738,1521,Mobile,46256,1,0,Mumbai,India,2023-04-05,No,3.578283269557525,1,494,OFF20,Returned,WH3,Good,False,False,False,True,True,46256,1767.6719351614174,23128.0,93.44646464646465,0
1117,1393,Dress,86292,4,0,Mumbai,India,2023-04-05,No,2.733016217972589,0,135,OFF20,Returned,WH3,Bad,True,False,False,True,True,345168,368.9571894262995,69033.6,2538.0,0
4415,1207,Mobile,17364,2,0,Mumbai,India,2023-04-05,Yes,1.7118886940972482,0,32,OFF20,Not Returned,WH1,Good,True,False,False,False,True,34728,54.78043821111194,11576.0,1052.3636363636363,0
580,1434,Laptop,30040,2,0,Chennai,IN,,Y,4.874142870786405,2,60,SAVE10,Not Returned,WH1,Good,True,False,False,True,True,60080,292.4485722471843,20026.666666666668,984.9180327868852,0
850,1126,Shoes,45126,4,1,Hyderabad,IN,,Y,4.790934828056951,2,367,SAVE10,Not Returned,WH3,Average,True,False,False,True,True,180504,1758.273081896901,36100.8,490.5,0
4408,1465,Dress,9795,4,1,Delhi,IN,2023-04-05,Yes,4.133765305877763,2,111,YIrSES,Returned,WH3,Average,True,False,False,True,True,39180,458.84794895243164,7836.0,349.82142857142856,0
3858,1362,Mobile,33054,4,0,Delhi,India,,N,2.0612829335274903,2,109,SAVE10,Returned,WH2,Bad,False,False,False,False,True,132216,224.67983975449644,26443.2,1201.9636363636364,0
1582,1825,Dress,24402,2,1,Delhi,India,,No,1.2235867776912963,2,34,SAVE10,Not Returned,WH3,Good,False,False,False,False,False,48804,41.60195044150407,16268.0,1394.4,0
4361,1846,Headphones,87349,2,1,Mumbai,India,,No,4.072280170236276,1,427,YIrSES,Not Returned,WH3,Good,False,False,False,False,False,174698,1738.8636326908897,58232.666666666664,408.17289719626166,0
3855,1018,Headphones,56855,2,2,Hyderabad,India,,N,3.541180948634307,1,203,YIrSES,Not Returned,WH3,Good,False,False,False,True,True,113710,718.8597325727643,37903.333333333336,557.4019607843137,0
4890,1538,Dress,99307,1,1,Hyderabad,India,,No,2.548252760519341,0,331,YIrSES,Not Returned,WH3,Good,False,False,False,False,True,99307,843.4716637319019,49653.5,299.11746987951807,0
2822,1963,Shoes,93922,4,2,Hyderabad,IN,,N,1.1101991814467609,0,39,SAVE10,Not Returned,WH2,Good,False,False,False,False,True,375688,43.29776807642367,75137.6,9392.2,0
3330,1665,Shoes,15021,3,2,Mumbai,IN,2023-04-05,N,1.3042158114832243,0,245,OFF20,Returned,WH1,Good,False,True,False,True,False,45063,319.5328738133899,11265.75,183.1829268292683,0
294,1010,Shoes,27010,2,0,Mumbai,IN,,N,1.5459985512486605,0,140,OFF20,Not Returned,WH2,Bad,False,False,False,False,False,54020,216.43979717481247,18006.666666666668,383.12056737588654,0
4773,1335,Mobile,33935,2,0,Hyderabad,IND,,Y,2.836315100119416,0,157,OFF20,Not Returned,WH1,Bad,False,True,False,False,False,67870,445.3014707187483,22623.333333333332,429.55696202531647,0
2568,1840,Mobile,4791,2,0,Hyderabad,IND,,Yes,3.3537611653203125,0,379,OFF20,Not Returned,WH2,Average,False,True,False,False,True,9582,1271.0754816563986,3194.0,25.21578947368421,0
3896,1566,Mobile,69787,4,0,Hyderabad,IND,2023-04-05,Y,4.419787547429751,0,83,OFF20,Returned,WH2,Good,False,True,False,False,True,279148,366.8423664366693,55829.6,3323.190476190476,0
3511,1164,Shoes,41157,4,2,Hyderabad,IND,,N,1.8285120233530197,2,375,OFF20,Not Returned,WH1,Good,False,True,False,True,True,164628,685.6920087573824,32925.6,437.8404255319149,0
3669,1570,Shoes,2593,4,2,Mumbai,IN,,Yes,1.9753060285898736,2,379,OFF20,Returned,WH1,Bad,False,True,False,True,False,10372,748.6409848355621,2074.4,27.294736842105262,0
1256,1742,Mobile,79501,1,2,Delhi,IN,,Y,1.4298569478990064,2,404,OFF20,Returned,WH1,Bad,False,False,False,True,False,79501,577.6622069511986,39750.5,196.29876543209878,0
1395,1339,Mobile,9436,1,3,Chennai,IND,,No,2.254730658317256,1,221,SAVE10,Returned,WH1,Bad,False,True,False,True,False,9436,498.2954754881136,4718.0,42.5045045045045,0
744,1740,Headphones,96649,2,3,Hyderabad,India,,No,1.5489175891294478,2,324,SAVE10,Returned,WH2,Good,True,False,True,False,True,193298,501.84929887794107,64432.666666666664,594.7630769230769,0
635,1832,Shoes,10295,3,3,Delhi,India,2023-04-05,N,1.3688256271057284,0,26,SAVE10,Returned,WH2,Bad,True,False,True,False,True,30885,35.58946630474894,7721.25,1143.888888888889,0
2373,1147,Laptop,17034,4,3,Hyderabad,IN,2023-04-05,N,3.033268458390263,2,157,YIrSES,Returned,WH1,Bad,True,False,True,False,True,68136,476.2231479672713,13627.2,431.24050632911394,0
193,1472,Dress,49804,1,3,Mumbai,IN,,No,1.3237385600775502,2,332,YIrSES,Not Returned,WH1,Average,True,False,True,False,True,49804,439.48120194574665,24902.0,149.56156156156158,0
3153,1959,Shoes,92456,1,2,Chennai,IN,,No,2.841721953401793,2,216,OFF20,Not Returned,WH2,Good,False,False,True,False,False,92456,613.8119419347872,46228.0,426.06451612903226,0
3940,1129,Shoes,97919,4,2,Mumbai,IND,,No,2.101986207714021,0,314,SAVE10,Not Returned,WH2,Good,True,False,True,False,False,391676,660.0236692222026,78335.2,1243.415873015873,0
4483,1606,Headphones,4465,4,1,Chennai,India,,Yes,3.9899439185028265,0,458,SAVE10,Not Returned,WH2,Good,True,False,True,False,False,17860,1827.3943146742945,3572.0,38.910675381263616,0
3679,1727,Laptop,52760,4,1,Chennai,IND,,Yes,3.057389748879088,2,120,SAVE10,Not Returned,WH2,Good,False,False,True,False,True,211040,366.8867698654906,42208.0,1744.1322314049587,0
1074,1000,Mobile,92314,1,1,Chennai,India,2023-04-05,No,2.92284318121809,1,86,SAVE10,Not Returned,WH2,Good,True,False,True,False,True,92314,251.36451358475574,46157.0,1061.0804597701149,0
54,1862,Mobile,41208,3,1,Chennai,IN,,N,3.657320394952279,1,227,OFF20,Not Returned,WH2,Good,False,False,False,False,True,123624,830.2117296541672,30906.0,542.2105263157895,0
2890,1860,Mobile,51348,2,1,Hyderabad,IND,,No,2.431561765128049,1,100,OFF20,Not Returned,WH2,Good,False,True,False,True,False,102696,243.15617651280488,34232.0,1016.7920792079208,0
2473,1630,Laptop,51663,3,1,Chennai,IND,,No,1.2176541635667313,0,84,OFF20,Not Returned,WH2,Good,True,False,False,True,True,154989,102.28294973960543,38747.25,1823.4,0
1862,1787,Headphones,95424,1,3,Chennai,India,,Yes,2.69259472667784,2,179,SAVE10,Returned,WH2,Good,True,False,False,True,False,95424,481.9744560753333,47712.0,530.1333333333333,0
4636,1369,Headphones,85485,2,3,Chennai,India,,N,2.0740243528808078,1,439,SAVE10,Returned,WH1,Average,False,True,False,False,False,170970,910.4966909146746,56990.0,388.5681818181818,0
3358,1642,Headphones,19465,4,3,Delhi,IN,,No,4.862672748205672,1,117,OFF20,Not Returned,WH2,Good,False,False,False,False,True,77860,568.9327115400637,15572.0,659.8305084745763,0
3079,1248,Dress,87685,4,2,Hyderabad,IN,,N,3.7303092355819314,1,208,SAVE10,Not Returned,WH1,Bad,False,True,False,False,True,350740,775.9043210010417,70148.0,1678.1818181818182,0
4485,1761,Shoes,59235,4,2,Mumbai,IND,2023-04-05,Yes,2.5541564994738395,2,28,SAVE10,Not Returned,WH3,Bad,False,False,False,False,True,236940,71.5163819852675,47388.0,8170.3448275862065,0
3936,1332,Laptop,3391,2,2,Delhi,IND,,Y,3.6187113404133617,2,93,SAVE10,Not Returned,WH3,Bad,False,True,True,False,False,6782,336.54015465844265,2260.6666666666665,72.14893617021276,0
2320,1049,Shoes,26348,4,1,Hyderabad,IN,,N,4.051516630817792,1,15,SAVE10,Returned,WH2,Average,True,False,True,False,False,105392,60.77274946226688,21078.4,6587.0,0
2419,1599,Shoes,21863,1,2,Mumbai,IN,,Y,3.803150747301154,1,446,YIrSES,Returned,WH2,Average,False,False,True,False,True,21863,1696.2052332963146,10931.5,48.91051454138702,0
4338,1801,Shoes,25221,2,1,Chennai,India,,Y,4.896140544205846,1,239,SAVE10,Returned,WH2,Good,True,False,False,False,True,50442,1170.1775900651971,16814.0,210.175,0
429,1144,Shoes,932,4,1,Hyderabad,IN,2023-04-05,Y,2.5012065066693903,1,293,SAVE10,Returned,WH2,Bad,True,False,False,False,False,3728,732.8535064541313,745.6,12.680272108843537,0
3561,1063,Shoes,40138,4,3,Delhi,IN,,Yes,2.45349749809491,0,432,YIrSES,Returned,WH3,Good,True,False,False,False,True,160552,1059.910919177001,32110.4,370.78983833718246,0
3173,1426,Laptop,16538,3,0,Chennai,India,,Yes,3.74764189884443,0,301,YIrSES,Not Returned,WH3,Average,False,True,True,False,True,49614,1128.0402115521736,12403.5,164.28476821192052,0
192,1424,Laptop,43241,3,2,Mumbai,India,,Yes,4.855811506922088,0,24,OFF20,Not Returned,WH3,Good,False,False,False,True,True,129723,116.53947616613013,32430.75,5188.92,0
4572,1070,Shoes,46204,3,3,Mumbai,IN,,Y,3.280786644650568,0,464,SAVE10,Returned,WH3,Good,False,False,False,False,True,138612,1522.2850031178637,34653.0,298.09032258064514,0
1194,1146,Shoes,64377,2,2,Mumbai,IND,,Yes,3.4553786642754654,0,288,YIrSES,Returned,WH3,Good,False,False,False,False,False,128754,995.149055311334,42918.0,445.51557093425606,0
2432,1054,Shoes,28502,2,2,Mumbai,IN,2023-04-05,Yes,4.215151006052674,0,221,SAVE10,Not Returned,WH1,Good,False,False,True,False,True,57004,931.5483723376409,19001.333333333332,256.77477477477476,0
362,1152,Shoes,24712,1,2,Mumbai,IND,,Yes,3.7657101358254335,1,250,SAVE10,Not Returned,WH1,Average,False,False,True,False,True,24712,941.4275339563584,12356.0,98.45418326693228,0
2049,1907,Shoes,89940,2,2,Mumbai,India,,Yes,2.1942718902848606,0,167,OFF20,Not Returned,WH2,Average,False,True,False,False,True,179880,366.4434056775717,59960.0,1070.7142857142858,0
64,1843,Mobile,23430,4,3,Hyderabad,India,2023-04-05,N,3.959768021154713,0,127,OFF20,Returned,WH2,Average,False,True,False,False,True,93720,502.89053868664854,18744.0,732.1875,0
4702,1968,Headphones,41992,3,0,Hyderabad,India,,N,3.565760354312164,0,326,SAVE10,Returned,WH2,Good,False,False,False,False,True,125976,1162.4378755057655,31494.0,385.2477064220183,0
4502,1637,Dress,10296,4,3,Delhi,IN,,Y,3.2975062183512853,2,308,SAVE10,Returned,WH1,Good,False,False,True,False,False,41184,1015.6319152521959,8236.8,133.28155339805826,0
4994,1046,Laptop,53229,1,2,Hyderabad,IN,,Yes,4.396705319685671,0,397,YIrSES,Not Returned,WH1,Good,False,True,True,False,True,53229,1745.4920119152112,26614.5,133.74120603015075,0
4204,1997,Laptop,64223,4,2,Hyderabad,IND,,Y,3.4301224549591445,0,285,YIrSES,Not Returned,WH2,Average,False,True,False,True,False,256892,977.5848996633562,51378.4,898.2237762237762,0
1520,1901,Laptop,26062,1,2,Chennai,IN,,Y,2.425386683565409,0,297,YIrSES,Not Returned,WH1,Bad,False,True,False,True,False,26062,720.3398450189266,13031.0,87.45637583892618,0
2010,1069,Shoes,53054,2,3,Chennai,India,,Y,3.118198152121923,2,110,YIrSES,Not Returned,WH1,Good,False,True,False,False,False,106108,343.00179673341154,35369.333333333336,955.927927927928,0
4359,1412,Mobile,61047,3,2,Hyderabad,IN,,Yes,3.552747738489401,2,366,OFF20,Not Returned,WH2,Good,True,False,True,False,True,183141,1300.3056722871206,45785.25,499.0217983651226,0
1286,1520,Mobile,30396,1,0,Chennai,India,,Yes,1.7233981342505116,2,191,SAVE10,Not Returned,WH2,Good,False,True,False,True,True,30396,329.16904364184774,15198.0,158.3125,0
1867,1886,Dress,14307,1,1,Delhi,IN,,Y,1.5481723380594024,1,390,SAVE10,Returned,WH3,Good,False,False,False,True,True,14307,603.7872118431669,7153.5,36.59079283887468,0
3987,1192,Dress,71880,4,0,Mumbai,IND,,Yes,3.7294909287015416,0,482,YIrSES,Not Returned,WH2,Good,False,False,True,False,True,287520,1797.614627634143,57504.0,595.27950310559,0
4374,1712,Mobile,55232,2,3,Delhi,India,2023-04-05,No,2.93506206837116,0,139,YIrSES,Not Returned,WH3,Good,False,False,False,False,True,110464,407.9736275035913,36821.333333333336,789.0285714285715,0
619,1573,Dress,66830,4,3,Chennai,IN,2023-04-05,N,4.182387052390589,0,195,SAVE10,Not Returned,WH3,Bad,False,False,True,False,False,267320,815.5654752161648,53464.0,1363.8775510204082,0
2743,1643,Headphones,21299,4,3,Chennai,IN,,No,2.02250759913532,1,463,SAVE10,Not Returned,WH1,Bad,False,False,False,False,False,85196,936.4210183996532,17039.2,183.61206896551724,0
2770,1603,Headphones,31350,3,3,Delhi,IN,,No,4.897484164500925,1,233,SAVE10,Not Returned,WH3,Bad,False,True,False,False,True,94050,1141.1138103287155,23512.5,401.9230769230769,0
4446,1147,Headphones,4554,1,2,Delhi,IN,2023-04-05,Y,1.2310919986472308,0,354,OFF20,Not Returned,WH3,Bad,False,True,False,False,False,4554,435.80656752111975,2277.0,12.828169014084507,0
2664,1747,Headphones,88798,2,2,Delhi,IN,,Y,3.155606082600613,0,267,OFF20,Not Returned,WH1,Bad,True,False,False,False,False,177596,842.5468240543637,59198.666666666664,662.6716417910447,0
967,1238,Dress,2217,4,2,Delhi,IND,,No,4.914000537952293,1,300,OFF20,Not Returned,WH2,Good,True,False,False,True,False,8868,1474.200161385688,1773.6,29.461794019933556,0
3035,1173,Headphones,83014,3,0,Chennai,IND,2023-04-05,No,1.631885789764838,0,116,YIrSES,Returned,WH3,Good,True,False,True,False,False,249042,189.29875161272122,62260.5,2128.5641025641025,0
2574,1844,Laptop,85509,4,0,Hyderabad,IND,,N,4.209817595762706,2,291,YIrSES,Returned,WH1,Good,True,False,False,True,True,342036,1225.0569203669475,68407.2,1171.3561643835617,0
3171,1327,Headphones,98339,4,3,Mumbai,IND,,Yes,1.0616675809118594,2,293,YIrSES,Returned,WH3,Average,True,False,False,True,True,393356,311.0686012071748,78671.2,1337.9455782312925,0
3303,1256,Mobile,91770,4,3,Mumbai,IND,2023-04-05,No,4.355905194026189,2,28,OFF20,Returned,WH2,Good,True,False,True,False,True,367080,121.96534543273329,73416.0,12657.931034482759,0
3631,1781,Laptop,37821,2,3,Mumbai,IN,2023-04-05,No,1.0849290487295726,1,443,YIrSES,Returned,WH2,Good,False,True,False,True,True,75642,480.6235685872007,25214.0,170.36486486486487,0
3508,1304,Mobile,61255,1,3,Chennai,India,2023-04-05,No,1.621346928979043,0,283,OFF20,Returned,WH3,Bad,False,True,False,True,True,61255,458.84118090106915,30627.5,215.68661971830986,0
4306,1674,Mobile,57171,2,1,Chennai,IN,2023-04-05,No,3.592544747925788,0,110,SAVE10,Returned,WH3,Bad,False,True,False,False,False,114342,395.1799222718367,38114.0,1030.1081081081081,0
665,1060,Dress,99175,1,2,Hyderabad,IN,,Yes,1.224291037020747,1,23,YIrSES,Returned,WH3,Bad,True,False,False,False,True,99175,28.158693851477178,49587.5,4132.291666666667,0
3218,1548,Shoes,57321,3,2,Hyderabad,IN,,Yes,4.0480068302863845,2,66,YIrSES,Not Returned,WH3,Bad,False,False,False,False,True,171963,267.1684507989014,42990.75,2566.6119402985073,0
3716,1869,Shoes,79066,2,2,Hyderabad,India,,Yes,3.49994961794586,0,350,YIrSES,Not Returned,WH3,Bad,False,False,False,False,True,158132,1224.9823662810509,52710.666666666664,450.51851851851853,0
3507,1508,Shoes,43602,1,3,Mumbai,India,,No,4.052846683138991,0,484,YIrSES,Returned,WH3,Bad,True,False,False,True,True,43602,1961.5777946392718,21801.0,89.90103092783505,0
1218,1773,Shoes,93788,4,0,Hyderabad,India,,No,1.880486187341658,2,410,OFF20,Returned,WH1,Good,False,True,False,True,False,375152,770.9993368100799,75030.4,912.7785888077859,0
846,1950,Dress,46770,2,0,Hyderabad,India,,N,4.599597339013743,2,215,OFF20,Returned,WH2,Good,True,False,True,False,True,93540,988.9134278879546,31180.0,433.05555555555554,0
2479,1031,Shoes,54200,2,1,Hyderabad,IN,,N,4.805071645207235,2,188,YIrSES,Not Returned,WH1,Average,False,True,True,False,True,108400,903.3534692989601,36133.333333333336,573.5449735449736,0
788,1941,Mobile,23897,1,1,Hyderabad,IN,2023-04-05,No,1.3145247705248608,0,163,SAVE10,Not Returned,WH3,Bad,True,False,True,False,False,23897,214.2675375955523,11948.5,145.71341463414635,0
4823,1957,Headphones,50632,1,1,Chennai,IND,,No,1.6082546899453662,1,181,YIrSES,Returned,WH3,Average,True,False,True,False,False,50632,291.0940988801113,25316.0,278.1978021978022,0
3080,1036,Dress,13313,2,1,Chennai,India,,Yes,1.498023174222478,1,133,YIrSES,Not Returned,WH1,Average,True,False,False,False,False,26626,199.23708217158958,8875.333333333334,198.70149253731344,0
1923,1258,Laptop,33962,1,1,Mumbai,India,2023-04-05,Yes,2.66315482025018,2,311,SAVE10,Not Returned,WH2,Average,False,True,False,False,False,33962,828.2411490978059,16981.0,108.8525641025641,0
3634,1587,Shoes,80030,4,1,Chennai,IND,2023-04-05,Yes,2.3210286289241973,2,285,OFF20,Not Returned,WH3,Average,False,True,False,False,False,320120,661.4931592433962,64024.0,1119.3006993006993,0
4176,1979,Shoes,81474,1,1,Chennai,IND,,Y,1.374073130957616,0,448,OFF20,Not Returned,WH3,Bad,True,False,True,False,True,81474,615.584762669012,40737.0,181.456570155902,0
2650,1522,Laptop,64564,2,3,Chennai,IN,,Y,3.770056338459858,0,89,OFF20,Not Returned,WH3,Good,True,False,True,False,False,129128,335.5350141229274,43042.666666666664,1434.7555555555555,0
1491,1623,Dress,94126,1,1,Delhi,India,,Yes,1.769022343049974,2,466,OFF20,Returned,WH3,Good,True,False,True,False,True,94126,824.364411861288,47063.0,201.5546038543897,0
3913,1039,Mobile,39021,4,1,Delhi,India,,Yes,4.230979635335821,0,51,OFF20,Returned,WH3,Good,False,True,False,True,True,156084,215.77996140212687,31216.8,3001.6153846153848,0
4551,1719,Dress,18871,2,2,Delhi,India,,N,1.1263829594793051,0,65,YIrSES,Not Returned,WH1,Average,False,True,False,True,True,37742,73.21489236615483,12580.666666666666,571.8484848484849,0
3350,1654,Laptop,92218,3,1,Chennai,IN,,Yes,4.880066687587549,1,90,OFF20,Not Returned,WH2,Bad,True,False,False,True,True,276654,439.2060018828794,69163.5,3040.153846153846,0
1528,1083,Dress,93643,2,1,Delhi,IN,2023-04-05,Y,2.328681250363011,1,341,YIrSES,Not Returned,WH3,Bad,False,True,False,True,True,187286,794.0803063737868,62428.666666666664,547.6198830409356,0
3322,1239,Laptop,95911,4,3,Chennai,IND,2023-04-05,N,4.747964125832727,1,428,OFF20,Not Returned,WH3,Bad,False,True,False,True,True,383644,2032.128645856407,76728.8,894.2750582750583,0
4477,1836,Dress,84091,1,3,Chennai,IND,2023-04-05,No,3.8549436380118673,1,214,YIrSES,Not Returned,WH3,Average,False,True,False,True,True,84091,824.9579385345396,42045.5,391.1209302325581,0
153,1046,Mobile,7261,1,0,Delhi,IND,,No,1.689645764444634,0,349,SAVE10,Returned,WH3,Good,False,True,False,True,False,7261,589.6863717911773,3630.5,20.745714285714286,0
779,1660,Mobile,67373,1,2,Delhi,India,,N,4.582964026591361,1,342,SAVE10,Not Returned,WH1,Average,False,True,False,True,True,67373,1567.3736970942455,33686.5,196.42274052478135,0
4331,1943,Mobile,26748,2,2,Mumbai,IN,,No,3.334454170836629,0,112,SAVE10,Returned,WH1,Bad,False,True,False,True,False,53496,373.4588671337024,17832.0,473.4159292035398,0
4497,1404,Mobile,75178,1,1,Delhi,IN,,Yes,2.961909447799445,0,233,SAVE10,Returned,WH3,Average,False,True,True,False,False,75178,690.1249013372707,37589.0,321.2735042735043,0
781,1364,Shoes,39391,2,3,Delhi,IND,,Yes,2.7214193305813428,0,435,SAVE10,Returned,WH3,Good,False,True,True,False,True,78782,1183.817408802884,26260.666666666668,180.69266055045873,0
3381,1477,Laptop,5440,3,3,Delhi,India,,Y,4.8768899717166425,0,335,SAVE10,Not Returned,WH1,Average,False,True,False,False,True,16320,1633.7581405250753,4080.0,48.57142857142857,0
2768,1229,Mobile,66867,3,0,Delhi,IN,,Y,2.3488998742500544,1,428,SAVE10,Not Returned,WH1,Good,False,True,False,True,True,200601,1005.3291461790233,50150.25,467.6013986013986,0
4120,1187,Laptop,52589,4,0,Delhi,IN,,No,3.837841294101065,1,151,SAVE10,Not Returned,WH2,Good,False,True,False,False,True,210356,579.5140354092608,42071.2,1383.921052631579,0
366,1464,Shoes,18427,3,3,Chennai,India,2023-04-05,No,3.730478477658792,0,458,SAVE10,Not Returned,WH2,Bad,False,False,False,False,True,55281,1708.5591427677266,13820.25,120.43790849673202,0
4645,1693,Headphones,48425,3,3,Chennai,India,,N,1.830074814755824,2,323,OFF20,Not Returned,WH1,Average,False,False,True,False,True,145275,591.1141651661311,36318.75,448.3796296296296,0
4946,1776,Headphones,17639,2,0,Mumbai,India,,Yes,2.2381869539888166,1,397,SAVE10,Returned,WH1,Average,False,False,False,True,False,35278,888.5602207335602,11759.333333333334,88.63819095477388,0
823,1349,Headphones,31623,1,1,Delhi,IN,,N,1.6064902914419124,1,358,OFF20,Not Returned,WH1,Good,False,False,False,True,False,31623,575.1235243362046,15811.5,88.08635097493037,0
329,1901,Laptop,44070,2,0,Mumbai,IN,,Yes,4.622442093590215,0,335,OFF20,Returned,WH3,Average,False,False,True,False,False,88140,1548.518101352722,29380.0,262.32142857142856,0
3933,1989,Shoes,12312,1,1,Delhi,IN,2023-04-05,Y,4.003152329172856,1,373,OFF20,Returned,WH3,Average,False,True,False,True,True,12312,1493.1758187814753,6156.0,32.919786096256686,0
3864,1929,Headphones,40362,1,0,Chennai,IND,,N,4.938593830135931,1,80,OFF20,Returned,WH3,Good,False,False,False,True,True,40362,395.0875064108744,20181.0,498.2962962962963,0
3516,1877,Headphones,49609,1,0,Chennai,IND,,N,2.058789947013501,1,484,OFF20,Returned,WH2,Bad,False,True,False,False,True,49609,996.4543343545345,24804.5,102.28659793814433,0
1291,1743,Headphones,99413,2,0,Hyderabad,IND,,Yes,1.7602861073867575,0,33,SAVE10,Not Returned,WH1,Good,False,True,False,True,False,198826,58.089441543762995,66275.33333333333,5847.823529411765,0
2287,1582,Mobile,94197,3,1,Chennai,India,,Yes,2.664201276506845,0,177,SAVE10,Returned,WH1,Good,False,True,False,False,False,282591,471.5636259417115,70647.75,1587.5898876404494,0
2035,1118,Headphones,54592,4,1,Hyderabad,IND,,N,1.500911777188684,0,229,SAVE10,Not Returned,WH1,Good,False,True,False,False,False,218368,343.70879697620865,43673.6,949.4260869565218,0
172,1884,Headphones,57315,2,3,Hyderabad,IND,,Yes,2.1840121821986265,2,498,YIrSES,Not Returned,WH1,Good,False,True,False,True,True,114630,1087.638066734916,38210.0,229.71943887775552,0
4049,1418,Headphones,3101,2,1,Hyderabad,India,,Y,4.326565429883337,1,457,YIrSES,Not Returned,WH1,Bad,False,False,False,True,False,6202,1977.2404014566853,2067.3333333333335,13.541484716157205,0
4736,1818,Laptop,20907,1,3,Chennai,IND,,N,1.7911662251801603,1,288,YIrSES,Not Returned,WH3,Good,False,False,False,True,False,20907,515.8558728518861,10453.5,72.34256055363322,0
1381,1802,Mobile,27976,4,3,Chennai,India,,N,3.4696017181676537,1,112,YIrSES,Returned,WH2,Average,True,False,False,True,False,111904,388.59539243477724,22380.8,990.3008849557522,0
402,1083,Laptop,33629,1,0,Hyderabad,IND,,N,1.31561724248779,0,201,YIrSES,Returned,WH3,Average,False,False,False,True,False,33629,264.4390657400458,16814.5,166.48019801980197,0
2904,1968,Laptop,72305,1,0,Chennai,IND,,N,4.634345227062215,0,72,OFF20,Returned,WH2,Average,True,False,False,True,True,72305,333.67285634847946,36152.5,990.4794520547945,0
3447,1810,Headphones,57898,1,1,Hyderabad,India,2023-04-05,N,2.532849935146631,2,2,SAVE10,Returned,WH1,Good,True,False,False,True,True,57898,5.065699870293262,28949.0,19299.333333333332,-1
1633,1409,Headphones,96034,4,2,Mumbai,IN,2023-04-05,No,3.52023813256681,0,198,SAVE10,Returned,WH2,Good,True,False,True,False,True,384136,697.0071502482284,76827.2,1930.3316582914572,0
4174,1307,Laptop,79749,3,2,Mumbai,IN,2023-04-05,N,4.959726000900978,1,88,YIrSES,Not Returned,WH3,Good,False,False,True,False,False,239247,436.45588807928607,59811.75,2688.1685393258426,0
889,1521,Laptop,84497,4,2,Mumbai,IN,,N,3.3602262165258265,2,11,YIrSES,Not Returned,WH3,Good,False,False,False,False,False,337988,36.96248838178409,67597.6,28165.666666666668,-1
3477,1056,Shoes,53136,4,0,Mumbai,IN,,Y,4.5740364728371805,2,169,YIrSES,Not Returned,WH3,Good,True,False,False,False,False,212544,773.0121639094835,42508.8,1250.2588235294118,0
1709,1784,Laptop,18540,3,2,Delhi,India,,Y,2.0038630789146183,2,430,OFF20,Returned,WH2,Average,False,False,False,True,True,55620,861.6611239332859,13905.0,129.04872389791183,0
4913,1523,Dress,73827,2,3,Hyderabad,IN,2023-04-05,Y,1.1302098594729202,1,164,OFF20,Returned,WH3,Average,False,True,False,False,True,147654,185.3544169535589,49218.0,894.8727272727273,0
3027,1091,Laptop,70916,4,1,Hyderabad,IN,2023-04-05,N,1.1446957782157137,2,60,YIrSES,Returned,WH1,Average,False,True,False,False,False,283664,68.68174669294282,56732.8,4650.229508196721,0
1708,1052,Laptop,58119,4,3,Hyderabad,IND,,N,1.530126913489863,2,17,YIrSES,Returned,WH1,Bad,False,False,True,False,False,232476,26.01215752932767,46495.2,12915.333333333334,-1
2585,1254,Laptop,92440,2,2,Chennai,IND,2023-04-05,No,2.834361306405754,2,378,YIrSES,Not Returned,WH3,Bad,True,False,False,False,False,184880,1071.388573821375,61626.666666666664,487.81002638522426,0
3354,1608,Dress,4875,1,2,Delhi,India,2023-04-05,N,1.866456155005344,0,419,YIrSES,Not Returned,WH3,Bad,False,False,True,False,False,4875,782.0451289472392,2437.5,11.607142857142858,0
4731,1574,Headphones,89743,3,3,Chennai,IN,2023-04-05,Yes,1.79482385742365,0,373,OFF20,Not Returned,WH3,Average,False,True,False,False,False,269229,669.4692988190214,67307.25,719.8636363636364,0
1724,1481,Shoes,19478,2,0,Chennai,IN,2023-04-05,Yes,2.225026374861253,1,237,YIrSES,Not Returned,WH3,Good,False,True,False,True,True,38956,527.3312508421169,12985.333333333334,163.68067226890756,0
1376,1570,Laptop,74936,2,0,Mumbai,IN,2023-04-05,Yes,3.1261020038104297,0,168,YIrSES,Returned,WH2,Bad,False,True,False,True,False,149872,525.1851366401522,49957.333333333336,886.8165680473372,0
3454,1447,Mobile,61362,1,2,Mumbai,IND,,Y,3.988474398919656,2,401,YIrSES,Returned,WH1,Bad,False,False,False,False,True,61362,1599.378233966782,30681.0,152.6417910447761,0
1733,1435,Mobile,86858,2,2,Delhi,IN,,Yes,2.743042213207895,1,189,OFF20,Returned,WH1,Bad,False,False,False,False,False,173716,518.4349782962921,57905.333333333336,914.2947368421053,0
4964,1331,Laptop,86001,4,0,Mumbai,India,,Y,2.2586478999080093,1,181,SAVE10,Returned,WH1,Average,False,False,True,False,False,344004,408.8152698833497,68800.8,1890.131868131868,0
855,1929,Laptop,53810,4,1,Delhi,IN,2023-04-05,No,3.9988401573938095,0,288,SAVE10,Not Returned,WH2,Good,True,False,False,False,False,215240,1151.665965329417,43048.0,744.7750865051903,0
1989,1193,Shoes,16986,3,1,Mumbai,IN,2023-04-05,No,3.0786361197858545,0,149,OFF20,Returned,WH1,Bad,False,True,False,False,False,50958,458.7167818480923,12739.5,339.72,0
2113,1201,Headphones,35104,3,3,Chennai,IN,2023-04-05,No,3.441135804070993,1,332,OFF20,Not Returned,WH3,Average,False,False,True,False,True,105312,1142.4570869515696,26328.0,316.2522522522523,0
44,1135,Shoes,80679,4,1,Chennai,IN,,No,3.319246657108197,1,82,OFF20,Returned,WH2,Bad,False,True,True,False,True,322716,272.17822588287214,64543.2,3888.144578313253,0
3557,1641,Dress,75375,3,3,Hyderabad,IN,,Yes,1.9097841516571876,0,198,YIrSES,Returned,WH1,Bad,False,True,False,True,True,226125,378.13726202812313,56531.25,1136.3065326633166,0
3032,1976,Dress,11899,1,3,Mumbai,India,,Yes,1.63850438280029,1,140,YIrSES,Not Returned,WH3,Bad,True,False,False,False,True,11899,229.3906135920406,5949.5,84.39007092198581,0
686,1400,Shoes,96873,3,3,Chennai,India,,Yes,1.8720925103892652,1,78,SAVE10,Not Returned,WH2,Bad,False,True,False,False,True,290619,146.02321581036267,72654.75,3678.721518987342,0
4075,1634,Dress,77855,4,3,Delhi,IND,2023-04-05,No,1.8064816934336312,0,254,YIrSES,Not Returned,WH3,Bad,True,False,False,False,True,311420,458.84635013214233,62284.0,1221.2549019607843,0
3834,1704,Laptop,1413,1,3,Hyderabad,IND,2023-04-05,Y,4.452453122429819,0,308,YIrSES,Returned,WH2,Bad,False,False,True,False,True,1413,1371.3555617083844,706.5,4.572815533980583,0
3430,1765,Shoes,78703,3,3,Hyderabad,India,2023-04-05,No,3.749961327259879,0,230,OFF20,Returned,WH3,Good,True,False,True,False,True,236109,862.4911052697722,59027.25,1022.1168831168832,0
3540,1309,Dress,5678,4,3,Hyderabad,India,2023-04-05,Y,3.729696129124511,1,369,SAVE10,Not Returned,WH2,Bad,True,False,True,False,True,22712,1376.2578716469445,4542.4,61.383783783783784,0
604,1347,Dress,18986,3,1,Hyderabad,India,2023-04-05,Yes,3.7951646514479447,0,171,SAVE10,Not Returned,WH3,Average,False,False,False,False,True,56958,648.9731553975986,14239.5,331.1511627906977,0
928,1845,Laptop,52955,1,0,Delhi,IN,,Yes,1.667239600076114,2,420,OFF20,Not Returned,WH2,Bad,True,False,False,True,True,52955,700.240632031968,26477.5,125.78384798099762,0
1518,1961,Laptop,6594,2,1,Hyderabad,IND,,No,2.071345844145436,0,259,OFF20,Not Returned,WH2,Average,True,False,True,False,True,13188,536.478573633668,4396.0,50.723076923076924,0
2961,1195,Laptop,77887,3,0,Hyderabad,IND,,No,4.024971952988872,0,189,OFF20,Not Returned,WH2,Average,True,False,True,False,False,233661,760.7196991148968,58415.25,1229.7947368421053,0
529,1897,Headphones,30499,4,1,Mumbai,IN,,N,4.057297922840402,0,123,YIrSES,Not Returned,WH3,Good,False,True,False,False,True,121996,499.0476445093694,24399.2,983.8387096774194,0
1980,1065,Mobile,80902,2,1,Hyderabad,IN,,No,3.5521645437363194,1,248,SAVE10,Not Returned,WH1,Good,False,True,False,False,False,161804,880.9368068466072,53934.666666666664,649.8152610441767,0
3229,1799,Shoes,59036,2,0,Hyderabad,IN,2023-04-05,No,1.2101615473290137,0,470,SAVE10,Returned,WH1,Good,False,True,True,False,True,118072,568.7759272446365,39357.333333333336,250.68365180467092,0
2012,1379,Shoes,56028,1,0,Hyderabad,IND,,N,2.9189182470869914,0,206,SAVE10,Returned,WH1,Good,False,True,True,False,True,56028,601.2971588999202,28014.0,270.6666666666667,0
127,1265,Shoes,19385,1,2,Delhi,India,,Yes,4.989720701853814,1,215,SAVE10,Returned,WH2,Bad,True,False,True,False,True,19385,1072.7899508985702,9692.5,89.74537037037037,0
4683,1631,Headphones,89644,4,3,Chennai,IND,,Y,1.538733718889588,2,40,SAVE10,Not Returned,WH3,Average,True,False,False,True,True,358576,61.54934875558352,71715.2,8745.756097560976,0
2527,1296,Headphones,31069,2,0,Chennai,IN,,N,1.51012716253753,2,95,YIrSES,Not Returned,WH3,Average,True,False,True,False,True,62138,143.46208044106535,20712.666666666668,647.2708333333334,0
4992,1667,Dress,92584,4,1,Mumbai,IN,,No,4.790741430441207,2,67,YIrSES,Not Returned,WH3,Good,True,False,True,False,False,370336,320.97967583956085,74067.2,5446.117647058823,0
2918,1795,Headphones,24725,4,3,Hyderabad,India,,Y,3.541440503567025,2,290,YIrSES,Not Returned,WH3,Bad,True,False,False,True,True,98900,1027.0177460344373,19780.0,339.86254295532643,0
592,1386,Headphones,45450,1,1,Chennai,India,2023-04-05,No,4.384255354570287,2,63,YIrSES,Not Returned,WH2,Bad,False,False,False,False,True,45450,276.2080873379281,22725.0,710.15625,0
1746,1954,Shoes,60966,1,1,Delhi,IN,,No,3.8236907118801646,2,409,SAVE10,Returned,WH2,Bad,True,False,True,False,False,60966,1563.8895011589873,30483.0,148.69756097560975,0
4949,1589,Laptop,34719,2,1,Delhi,IN,,N,2.573362946986373,1,429,SAVE10,Returned,WH2,Good,False,True,True,False,True,69438,1103.972704257154,23146.0,161.48372093023255,0
3446,1202,Laptop,26934,1,3,Mumbai,IN,,No,3.1017557909487867,1,459,SAVE10,Returned,WH3,Average,False,False,False,False,True,26934,1423.705908045493,13467.0,58.552173913043475,0
990,1397,Headphones,85067,2,0,Hyderabad,IND,,No,2.1210562981527823,1,167,SAVE10,Returned,WH3,Good,True,False,False,True,False,170134,354.21640179151467,56711.333333333336,1012.702380952381,0
2332,1708,Laptop,93553,4,0,Delhi,India,,Yes,3.006639836190719,1,217,SAVE10,Not Returned,WH3,Bad,True,False,False,True,True,374212,652.440844453386,74842.4,1716.5688073394494,0
2014,1791,Headphones,78293,3,1,Delhi,IND,,Y,1.6912676032153535,2,370,SAVE10,Returned,WH2,Average,True,False,False,True,False,234879,625.7690131896808,58719.75,633.0970350404313,0
2724,1997,Shoes,46961,3,2,Chennai,India,,Y,1.500810472836513,2,409,SAVE10,Not Returned,WH1,Good,False,False,False,False,False,140883,613.8314833901338,35220.75,343.6170731707317,0
1368,1628,Headphones,93762,1,2,Chennai,IN,,No,3.956775864117532,2,94,YIrSES,Not Returned,WH3,Good,False,False,True,False,False,93762,371.93693122704803,46881.0,986.9684210526316,0
805,1765,Headphones,57406,2,0,Chennai,India,,Yes,4.021180373460808,1,492,OFF20,Not Returned,WH3,Good,True,False,True,False,True,114812,1978.4207437427176,38270.666666666664,232.8843813387424,0
1060,1360,Shoes,96747,3,0,Hyderabad,IND,,No,2.0900394461678125,1,260,OFF20,Not Returned,WH1,Good,False,False,True,False,True,290241,543.4102560036313,72560.25,1112.0344827586207,0
645,1032,Shoes,41615,4,0,Hyderabad,IND,,No,4.6023216628912,1,277,SAVE10,Not Returned,WH1,Good,False,False,True,False,True,166460,1274.8431006208623,33292.0,598.7769784172662,0
2956,1713,Laptop,54890,1,2,Hyderabad,India,2023-04-05,Y,3.065824294797133,1,254,SAVE10,Not Returned,WH1,Bad,False,False,False,True,True,54890,778.7193708784718,27445.0,215.2549019607843,0
1005,1026,Laptop,6490,3,2,Hyderabad,IND,2023-04-05,N,4.793662597365154,1,57,YIrSES,Not Returned,WH3,Bad,False,False,False,True,False,19470,273.23876804981376,4867.5,335.6896551724138,0
2532,1006,Mobile,50845,3,1,Chennai,India,,N,2.1452508931428342,0,138,SAVE10,Returned,WH3,Good,True,False,False,True,False,152535,296.0446232537111,38133.75,1097.3741007194244,0
1351,1108,Laptop,47325,2,3,Hyderabad,India,,No,4.002961757347705,1,109,SAVE10,Returned,WH1,Average,False,True,False,True,False,94650,436.3228315508999,31550.0,860.4545454545455,0
2972,1284,Laptop,91324,2,1,Delhi,IN,,Y,1.6669479674586145,2,291,YIrSES,Returned,WH1,Average,False,True,True,False,False,182648,485.0818585304568,60882.666666666664,625.5068493150685,0
4151,1830,Dress,7920,3,1,Delhi,IN,,Yes,3.903128284595438,1,22,YIrSES,Returned,WH2,Good,True,False,True,False,False,23760,85.86882226109964,5940.0,1033.0434782608695,0
3323,1600,Shoes,68702,3,1,Delhi,IND,2023-04-05,Yes,2.7459929470691757,1,118,SAVE10,Returned,WH2,Good,False,True,True,False,False,206106,324.02716775416275,51526.5,1731.9831932773109,0
1563,1939,Shoes,56774,4,3,Hyderabad,IN,,Yes,4.019956083101675,2,223,SAVE10,Returned,WH3,Good,True,False,True,False,True,227096,896.4502065316736,45419.2,1013.8214285714286,0
2898,1169,Shoes,24812,2,3,Delhi,India,,Y,4.137039810844824,2,5,OFF20,Returned,WH1,Bad,True,False,True,False,False,49624,20.68519905422412,16541.333333333332,8270.666666666666,0
1352,1176,Shoes,74714,3,0,Mumbai,India,,No,2.562239603834092,0,207,SAVE10,Returned,WH1,Bad,False,True,False,False,False,224142,530.3835979936571,56035.5,1077.6057692307693,0
1091,1191,Dress,38486,1,0,Chennai,India,2023-04-05,No,3.0298438021525893,2,90,SAVE10,Not Returned,WH2,Average,True,False,False,False,False,38486,272.685942193733,19243.0,422.9230769230769,0
839,1921,Dress,72137,1,0,Chennai,IN,2023-04-05,Y,2.130735941081212,2,201,YIrSES,Returned,WH2,Average,True,False,False,False,True,72137,428.27792415732364,36068.5,357.11386138613864,0
2442,1478,Dress,20253,2,0,Hyderabad,IN,,Y,1.333885715489235,1,494,YIrSES,Returned,WH2,Good,True,False,False,False,True,40506,658.9395434516821,13502.0,81.83030303030303,0
4796,1468,Dress,29133,1,1,Chennai,India,,Y,4.49199670306544,1,469,YIrSES,Not Returned,WH2,Good,False,True,True,False,False,29133,2106.7464537376914,14566.5,61.98510638297872,0
2643,1579,Mobile,76932,1,1,Chennai,IND,,Y,1.3217501423136977,1,221,YIrSES,Not Returned,WH3,Bad,False,False,False,True,False,76932,292.1067814513272,38466.0,346.5405405405405,0
1805,1302,Shoes,52418,2,1,Mumbai,IND,,Y,1.7400553006408417,1,456,SAVE10,Not Returned,WH3,Good,False,False,False,True,False,104836,793.4652170922238,34945.333333333336,229.4004376367615,0
2497,1663,Shoes,52066,1,0,Mumbai,IN,,Y,1.6090278962460671,2,137,YIrSES,Returned,WH1,Good,False,True,False,True,False,52066,220.4368217857112,26033.0,377.28985507246375,0
3410,1196,Headphones,4495,1,3,Chennai,IN,,N,4.93216421718913,2,100,YIrSES,Returned,WH3,Average,False,True,False,True,True,4495,493.216421718913,2247.5,44.504950495049506,0
787,1581,Mobile,9052,3,3,Chennai,IN,2023-04-05,Yes,3.6716464627358736,2,79,YIrSES,Returned,WH1,Bad,False,False,True,False,True,27156,290.060070556134,6789.0,339.45,0
209,1076,Headphones,1322,1,0,Delhi,IN,,N,3.293672219576893,1,160,OFF20,Not Returned,WH2,Good,True,False,False,False,False,1322,526.9875551323029,661.0,8.211180124223603,0
617,1750,Dress,79467,2,2,Delhi,IN,,N,2.1294917460395184,1,95,SAVE10,Not Returned,WH3,Good,False,False,False,False,True,158934,202.30171587375426,52978.0,1655.5625,0
2535,1094,Laptop,12757,4,3,Mumbai,India,,Yes,2.4235850852751435,0,290,SAVE10,Returned,WH1,Average,False,False,False,True,False,51028,702.8396747297916,10205.6,175.35395189003435,0
2338,1607,Headphones,4556,4,1,Mumbai,India,,Y,4.8351980595201285,1,170,OFF20,Returned,WH1,Average,False,False,True,False,True,18224,821.9836701184219,3644.8,106.57309941520468,0
2776,1672,Mobile,71768,2,1,Mumbai,India,2023-04-05,No,4.187350281582532,2,406,YIrSES,Returned,WH3,Average,False,False,True,False,True,143536,1700.064214322508,47845.333333333336,352.66830466830464,0
811,1675,Dress,62728,2,3,Mumbai,India,2023-04-05,No,1.3668681961050893,2,73,OFF20,Returned,WH3,Average,False,False,False,False,True,125456,99.78137831567152,41818.666666666664,1695.3513513513512,0
1217,1707,Laptop,19959,4,1,Mumbai,IN,,Y,3.0518364015079413,2,318,OFF20,Returned,WH3,Average,False,False,False,False,False,79836,970.4839756795253,15967.2,250.26959247648904,0
151,1109,Laptop,40070,3,3,Chennai,India,,Yes,2.522426505507548,2,141,OFF20,Returned,WH3,Average,False,False,False,False,False,120210,355.6621372765643,30052.5,846.5492957746479,0
3231,1969,Laptop,54811,1,3,Chennai,IN,2023-04-05,Y,2.0246415478726667,1,130,OFF20,Returned,WH1,Average,False,True,False,False,False,54811,263.2034012234467,27405.5,418.40458015267177,0
3055,1857,Mobile,94461,2,2,Chennai,IND,2023-04-05,N,3.182889764432214,0,97,OFF20,Returned,WH1,Bad,False,False,True,False,True,188922,308.7403071499247,62974.0,1927.7755102040817,0
4724,1824,Dress,59059,1,2,Chennai,IN,2023-04-05,N,1.1375308535994026,2,138,OFF20,Not Returned,WH2,Bad,False,True,False,True,True,59059,156.97925779671758,29529.5,424.8848920863309,0
1169,1987,Shoes,69418,2,3,Chennai,India,2023-04-05,Yes,4.903386362120121,1,320,SAVE10,Returned,WH1,Good,True,False,False,True,False,138836,1569.0836358784386,46278.666666666664,432.5109034267913,0
3865,1926,Dress,22110,1,3,Delhi,India,2023-04-05,No,3.599980789064761,1,115,SAVE10,Returned,WH1,Bad,False,True,False,False,False,22110,413.99779074244753,11055.0,190.60344827586206,0
4252,1175,Dress,93654,1,2,Chennai,IND,2023-04-05,N,4.544538889519833,0,455,OFF20,Returned,WH3,Bad,True,False,True,False,False,93654,2067.765194731524,46827.0,205.3815789473684,0
2698,1986,Headphones,80730,1,2,Hyderabad,IN,,Y,3.7506117552969305,0,57,OFF20,Not Returned,WH3,Bad,True,False,False,True,False,80730,213.78487005192503,40365.0,1391.896551724138,0
372,1218,Laptop,52168,1,1,Delhi,IN,,Yes,3.6593517989247015,0,281,OFF20,Not Returned,WH2,Good,True,False,True,False,False,52168,1028.277855497841,26084.0,184.99290780141843,0
769,1358,Mobile,87467,3,3,Mumbai,IND,,Yes,1.957065123736924,0,17,YIrSES,Returned,WH2,Bad,True,False,True,False,False,262401,33.27010710352771,65600.25,14577.833333333334,2
2256,1488,Headphones,15301,2,3,Mumbai,IND,,Yes,3.916114264908837,0,152,YIrSES,Not Returned,WH2,Bad,True,False,False,False,True,30602,595.2493682661432,10200.666666666666,200.01307189542484,0
1021,1286,Headphones,78428,2,3,Mumbai,IND,,Yes,1.6129450582571652,1,224,YIrSES,Not Returned,WH2,Good,True,False,False,True,False,156856,361.299693049605,52285.333333333336,697.1377777777777,0
4142,1910,Laptop,62378,1,3,Mumbai,IND,2023-04-05,No,4.386162397179987,1,417,YIrSES,Returned,WH2,Good,True,False,False,True,False,62378,1829.0297196240547,31189.0,149.22966507177034,0
3015,1593,Shoes,95084,3,1,Hyderabad,IND,2023-04-05,Yes,4.913560725901146,1,392,SAVE10,Returned,WH2,Good,False,False,True,False,False,285252,1926.115804553249,71313.0,725.8320610687023,0
2878,1538,Shoes,14094,3,2,Hyderabad,IN,2023-04-05,N,2.2320033469593805,1,151,OFF20,Not Returned,WH2,Good,False,True,True,False,False,42282,337.03250539086645,10570.5,278.17105263157896,0
1540,1794,Shoes,39986,2,2,Mumbai,IND,,Yes,3.07408287666738,0,276,YIrSES,Not Returned,WH2,Good,False,True,False,False,True,79972,848.4468739601969,26657.333333333332,288.70758122743683,0
2699,1356,Dress,62316,2,2,Hyderabad,IN,,N,3.92096759782758,1,149,YIrSES,Not Returned,WH2,Good,False,True,True,False,True,124632,584.2241720763094,41544.0,830.88,0
140,1878,Dress,30922,3,2,Delhi,IN,2023-04-05,N,1.8344147951007048,1,120,YIrSES,Returned,WH1,Good,False,True,True,False,False,92766,220.12977541208457,23191.5,766.6611570247934,0
695,1118,Dress,44844,1,2,Chennai,IN,2023-04-05,Y,4.11986020070783,1,59,YIrSES,Returned,WH3,Good,False,True,False,True,False,44844,243.07175184176197,22422.0,747.4,0
3994,1585,Dress,49191,1,1,Chennai,IND,,Yes,2.080946693578973,1,296,SAVE10,Not Returned,WH2,Good,False,True,False,True,False,49191,615.9602212993759,24595.5,165.62626262626262,0
2458,1101,Mobile,60345,3,2,Mumbai,IND,2023-04-05,Yes,1.8710643311720925,2,315,YIrSES,Returned,WH3,Bad,False,True,True,False,True,181035,589.3852643192091,45258.75,572.8955696202531,0
4041,1806,Headphones,542,2,2,Delhi,IN,,N,4.541853934034502,2,146,OFF20,Not Returned,WH3,Bad,False,True,False,False,True,1084,663.1106743690373,361.3333333333333,7.374149659863946,0
244,1686,Mobile,92450,1,2,Hyderabad,IN,2023-04-05,No,4.858925484374488,0,65,YIrSES,Returned,WH3,Average,False,True,True,False,True,92450,315.8301564843417,46225.0,1400.7575757575758,0
1206,1460,Laptop,46984,4,1,Delhi,IN,,N,1.8640745287679712,1,10,YIrSES,Returned,WH1,Average,False,False,False,True,True,187936,18.640745287679714,37587.2,17085.090909090908,-1
1328,1087,Laptop,34850,3,1,Chennai,India,,Y,4.517476877280624,1,55,YIrSES,Returned,WH1,Bad,False,False,True,False,True,104550,248.46122825043435,26137.5,1866.9642857142858,0
3625,1579,Laptop,18056,3,1,Delhi,India,,N,3.885641351546706,2,398,YIrSES,Returned,WH1,Bad,False,False,False,False,True,54168,1546.485257915589,13542.0,135.7593984962406,0
1638,1127,Mobile,92399,1,0,Chennai,India,2023-04-05,N,3.6225656037025913,1,459,YIrSES,Returned,WH1,Bad,False,False,False,False,True,92399,1662.7576120994895,46199.5,200.86739130434782,0
3421,1028,Mobile,72334,3,2,Hyderabad,IND,2023-04-05,N,1.0338827722165205,1,261,SAVE10,Returned,WH3,Bad,True,False,False,True,True,217002,269.84340354851184,54250.5,828.2519083969465,0
4246,1075,Dress,72946,2,1,Hyderabad,India,2023-04-05,Y,1.1111894433160607,1,227,SAVE10,Not Returned,WH2,Bad,True,False,False,True,True,145892,252.24000363274578,48630.666666666664,639.8771929824561,0
38,1322,Mobile,42754,4,1,Hyderabad,India,,No,4.335305385919139,2,198,SAVE10,Not Returned,WH3,Bad,True,False,False,True,False,171016,858.3904664119896,34203.2,859.3768844221106,0
3480,1542,Shoes,29538,4,1,Hyderabad,India,,Y,2.369412484264974,2,178,YIrSES,Not Returned,WH3,Average,False,True,False,False,False,118152,421.75542219916537,23630.4,660.0670391061452,0
726,1725,Mobile,77263,3,2,Chennai,IN,,Y,1.9376240885428149,1,45,OFF20,Not Returned,WH3,Good,False,True,False,False,True,231789,87.19308398442666,57947.25,5038.891304347826,0
3102,1489,Shoes,21965,3,0,Chennai,IN,2023-04-05,Yes,2.137672929351039,0,14,OFF20,Not Returned,WH2,Good,False,False,False,False,True,65895,29.927421010914546,16473.75,4393.0,0
2594,1035,Dress,56919,1,1,Chennai,India,2023-04-05,Yes,1.9571579823639536,2,335,OFF20,Not Returned,WH2,Good,True,False,False,True,True,56919,655.6479240919244,28459.5,169.40178571428572,0
868,1133,Shoes,77705,3,2,Mumbai,India,2023-04-05,Yes,2.4185719844741262,2,457,YIrSES,Not Returned,WH2,Good,True,False,False,False,False,233115,1105.2873969046757,58278.75,508.98471615720524,0
754,1667,Laptop,17759,2,2,Chennai,IND,,Yes,2.20502623361188,0,348,YIrSES,Not Returned,WH2,Average,False,True,False,False,True,35518,767.3491292969343,11839.333333333334,101.77077363896848,0
3114,1072,Mobile,6517,4,0,Hyderabad,IND,,Yes,1.5031554622146013,2,151,YIrSES,Returned,WH1,Average,False,False,True,False,False,26068,226.9764747944048,5213.6,171.5,0
4902,1238,Dress,9111,3,0,Hyderabad,IN,,Yes,2.131987832981109,2,403,SAVE10,Not Returned,WH3,Average,False,False,False,False,True,27333,859.191096691387,6833.25,67.6559405940594,0
1375,1812,Dress,97674,2,1,Hyderabad,IN,,Yes,4.796313387206704,1,106,OFF20,Not Returned,WH2,Average,False,False,True,False,False,195348,508.4092190439106,65116.0,1825.6822429906542,0
1258,1779,Dress,97743,4,1,Hyderabad,IN,2023-04-05,Y,2.4834200699614377,2,51,SAVE10,Not Returned,WH2,Good,False,True,True,False,False,390972,126.65442356803332,78194.4,7518.692307692308,0
1049,1324,Dress,21316,4,1,Hyderabad,IN,,Y,4.948443488972944,1,129,SAVE10,Not Returned,WH3,Good,False,True,False,True,False,85264,638.3492100775098,17052.8,655.876923076923,0
1460,1539,Laptop,73863,2,0,Delhi,IND,,N,3.701612962468241,0,380,SAVE10,Not Returned,WH2,Good,True,False,True,False,False,147726,1406.6129257379316,49242.0,387.73228346456693,0
247,1073,Headphones,53459,2,3,Delhi,India,2023-04-05,N,2.440307118857276,2,184,YIrSES,Not Returned,WH1,Bad,False,False,True,False,False,106918,449.01650986973874,35639.333333333336,577.9351351351352,0
995,1001,Shoes,63050,2,2,Delhi,India,2023-04-05,N,2.88933248505149,2,163,SAVE10,Returned,WH3,Good,True,False,True,False,True,126100,470.9611950633929,42033.333333333336,768.9024390243902,0
3105,1715,Dress,13664,2,3,Chennai,India,2023-04-05,N,2.202862131219568,1,483,SAVE10,Returned,WH1,Good,False,True,False,False,True,27328,1063.9824093790514,9109.333333333334,56.46280991735537,0
4971,1327,Dress,49315,2,3,Delhi,India,,No,2.952599681785532,1,210,SAVE10,Returned,WH2,Average,False,False,False,False,True,98630,620.0459331749616,32876.666666666664,467.4407582938389,0
2307,1927,Shoes,39564,1,3,Delhi,India,,Yes,2.6285046173217936,1,453,OFF20,Returned,WH2,Good,False,True,False,False,False,39564,1190.7125916467726,19782.0,87.1453744493392,0
935,1430,Shoes,34999,3,2,Chennai,India,2023-04-05,Yes,1.154075481718016,1,422,SAVE10,Not Returned,WH2,Good,False,False,False,False,False,104997,487.0198532850028,26249.25,248.21985815602838,0
815,1276,Dress,93013,3,1,Chennai,IN,2023-04-05,No,4.213210381767912,0,276,SAVE10,Not Returned,WH3,Bad,True,False,False,True,False,279039,1162.8460653679435,69759.75,1007.3610108303249,0
1627,1661,Mobile,59837,1,3,Chennai,IN,2023-04-05,Yes,2.776920181945909,0,17,OFF20,Not Returned,WH2,Bad,True,False,False,True,False,59837,47.207643093080456,29918.5,3324.277777777778,0
2526,1017,Headphones,63196,2,3,Mumbai,IN,,N,2.196519659064567,1,186,OFF20,Not Returned,WH1,Good,True,False,True,False,False,126392,408.55265658600945,42130.666666666664,675.8930481283422,0
1684,1907,Headphones,50610,3,3,Delhi,IND,,Yes,4.326135303242122,0,127,OFF20,Returned,WH1,Bad,True,False,False,True,True,151830,549.4191835117495,37957.5,1186.171875,0
3786,1783,Dress,11348,3,0,Chennai,India,2023-04-05,No,1.2539376310607455,2,482,SAVE10,Returned,WH1,Good,True,False,False,False,True,34044,604.3979381712793,8511.0,70.48447204968944,0
2996,1982,Mobile,25107,3,2,Delhi,India,,No,2.004132170267189,0,308,SAVE10,Returned,WH1,Average,True,False,False,False,True,75321,617.2727084422942,18830.25,243.75728155339806,0
67,1394,Shoes,78013,3,1,Delhi,IN,2023-04-05,Yes,3.3185444933345214,0,362,SAVE10,Not Returned,WH1,Bad,False,True,False,False,True,234039,1201.3131065870969,58509.75,644.7355371900826,0
866,1622,Laptop,48336,3,1,Hyderabad,IN,2023-04-05,Y,2.664041886770189,0,85,SAVE10,Not Returned,WH2,Average,True,False,True,False,True,145008,226.44356037546606,36252.0,1686.139534883721,0
4671,1875,Dress,68303,3,2,Chennai,India,2023-04-05,No,2.201005147850138,0,85,SAVE10,Returned,WH2,Average,False,True,True,False,True,204909,187.08543756726172,51227.25,2382.6627906976746,0
700,1765,Dress,47794,2,2,Delhi,IND,2023-04-05,No,4.21904463370887,1,390,SAVE10,Returned,WH2,Average,True,False,False,False,False,95588,1645.4274071464592,31862.666666666668,244.47058823529412,0
3752,1014,Shoes,21482,3,2,Mumbai,IN,2023-04-05,Y,4.39368542035756,0,219,YIrSES,Returned,WH1,Good,True,False,False,True,True,64446,962.2171070583056,16111.5,292.93636363636364,0
371,1751,Dress,97429,2,0,Delhi,IND,2023-04-05,N,2.410523287023188,0,411,SAVE10,Returned,WH1,Good,False,True,False,True,True,194858,990.7250709665302,64952.666666666664,472.95631067961165,0
3092,1598,Dress,10156,4,0,Mumbai,IN,,Yes,3.667889444102296,1,450,OFF20,Returned,WH2,Bad,True,False,False,False,True,40624,1650.5502498460332,8124.8,90.07538802660754,0
3882,1833,Shoes,33495,4,3,Chennai,IN,,Yes,4.007044225219973,0,403,OFF20,Returned,WH2,Bad,True,False,False,False,False,133980,1614.8388227636492,26796.0,331.63366336633663,0
4884,1066,Shoes,99136,4,2,Hyderabad,India,,No,3.39685194724256,0,115,YIrSES,Returned,WH3,Average,True,False,False,False,True,396544,390.6379739328944,79308.8,3418.4827586206898,0
3548,1659,Mobile,32393,4,0,Delhi,IND,,Yes,3.056285395631199,1,1,YIrSES,Returned,WH1,Good,True,False,False,True,True,129572,3.056285395631199,25914.4,64786.0,-1
1279,1592,Headphones,16084,1,0,Hyderabad,India,,No,4.127290327488111,1,4,SAVE10,Not Returned,WH2,Good,False,False,False,True,False,16084,16.509161309952443,8042.0,3216.8,0
1334,1362,Mobile,97916,3,0,Hyderabad,India,,Y,2.7740061880754,2,158,SAVE10,Not Returned,WH2,Good,False,False,False,False,False,293748,438.2929777159132,73437.0,1847.4716981132076,0
4050,1179,Laptop,44157,2,0,Delhi,India,,No,3.712576446089105,2,416,YIrSES,Not Returned,WH2,Average,False,False,False,False,False,88314,1544.4318015730678,29438.0,211.7841726618705,0
616,1794,Headphones,99651,2,1,Mumbai,India,,No,3.758308242917841,2,240,OFF20,Returned,WH2,Average,False,False,False,False,False,199302,901.9939783002818,66434.0,826.9792531120332,0
4230,1046,Headphones,24992,4,1,Hyderabad,IN,2023-04-05,No,4.108348500425214,2,23,OFF20,Returned,WH1,Bad,False,False,False,True,True,99968,94.49201550977992,19993.6,4165.333333333333,0
964,1625,Dress,15655,3,2,Mumbai,IND,,No,2.873292125763699,2,425,OFF20,Returned,WH3,Average,False,True,False,True,False,46965,1221.1491534495722,11741.25,110.24647887323944,0
2833,1356,Headphones,70760,2,2,Chennai,India,,Y,1.1902895293030693,1,59,SAVE10,Returned,WH2,Average,False,True,False,True,True,141520,70.22708222888109,47173.333333333336,2358.6666666666665,0
564,1687,Dress,4166,3,0,Mumbai,IN,,No,1.89247737652212,0,62,SAVE10,Not Returned,WH1,Bad,False,True,True,False,False,12498,117.33359734437143,3124.5,198.38095238095238,0
485,1770,Mobile,72415,2,0,Delhi,India,,No,4.230780905304575,0,25,SAVE10,Returned,WH1,Good,False,False,True,False,True,144830,105.76952263261437,48276.666666666664,5570.384615384615,0
4894,1214,Mobile,18151,1,3,Chennai,India,,N,3.2586875140002816,1,330,OFF20,Returned,WH1,Good,True,False,False,True,True,18151,1075.366879620093,9075.5,54.8368580060423,0
730,1844,Mobile,73355,1,0,Mumbai,India,,Y,4.522735876901653,1,68,YIrSES,Not Returned,WH2,Bad,False,True,True,False,True,73355,307.54603962931236,36677.5,1063.1159420289855,0
2378,1042,Mobile,94054,4,3,Delhi,IN,,Y,3.3688165182272285,0,249,SAVE10,Not Returned,WH1,Bad,False,False,True,False,False,376216,838.8353130385799,75243.2,1504.864,0
2004,1332,Shoes,18775,3,2,Chennai,IN,,N,4.026077353456257,2,389,YIrSES,Returned,WH3,Bad,True,False,True,False,False,56325,1566.144090494484,14081.25,144.42307692307693,0
697,1340,Laptop,38367,4,2,Mumbai,IN,,Y,3.931566152684411,2,397,SAVE10,Returned,WH3,Good,False,True,False,False,False,153468,1560.831762615711,30693.6,385.59798994974875,0
1028,1269,Headphones,37901,1,2,Mumbai,IN,2023-04-05,N,1.5786150311620242,2,261,YIrSES,Returned,WH3,Good,False,True,False,False,False,37901,412.0185231332883,18950.5,144.66030534351145,0
4532,1318,Dress,51036,3,2,Delhi,IN,,N,1.9714053109326444,1,109,YIrSES,Returned,WH3,Good,False,True,False,True,False,153108,214.88317889165825,38277.0,1391.8909090909092,0
971,1864,Headphones,42264,3,3,Chennai,India,,Y,1.7331365493046622,0,265,OFF20,Returned,WH2,Good,False,True,False,True,False,126792,459.2811855657355,31698.0,476.6616541353383,0
2546,1119,Shoes,78462,4,1,Delhi,India,2023-04-05,Y,4.505113913391753,0,309,OFF20,Returned,WH1,Average,False,True,False,False,False,313848,1392.0801992380516,62769.6,1012.4129032258064,0
3223,1160,Shoes,59498,3,1,Delhi,IND,,Yes,3.7470587208333614,0,374,OFF20,Not Returned,WH1,Average,False,False,True,False,False,178494,1401.399961591677,44623.5,475.984,0
4217,1852,Laptop,90113,4,1,Delhi,IN,,Yes,1.99318946877617,0,179,YIrSES,Not Returned,WH3,Average,False,False,False,False,False,360452,356.7809149109344,72090.4,2002.5111111111112,0
2764,1035,Dress,9376,2,3,Delhi,IN,,No,3.2307078210725857,1,258,OFF20,Not Returned,WH1,Bad,False,False,True,False,False,18752,833.5226178367271,6250.666666666667,72.4015444015444,0
2468,1204,Dress,94984,2,1,Delhi,IN,,No,4.978467219627829,0,393,SAVE10,Not Returned,WH1,Bad,False,False,True,False,False,189968,1956.5376173137367,63322.666666666664,482.1522842639594,0
4372,1181,Dress,60757,1,0,Delhi,IN,,Y,1.8934177396473768,0,225,SAVE10,Not Returned,WH3,Average,False,False,False,True,True,60757,426.0189914206598,30378.5,268.8362831858407,0
227,1515,Headphones,11118,4,2,Hyderabad,IND,,Y,2.6707891442129053,0,378,SAVE10,Not Returned,WH3,Average,False,True,False,True,True,44472,1009.5582965124781,8894.4,117.34036939313984,0
1278,1538,Mobile,79068,2,3,Chennai,IN,,Y,2.420204840403439,1,45,OFF20,Not Returned,WH3,Average,False,True,False,True,False,158136,108.90921781815474,52712.0,3437.7391304347825,0
4316,1460,Laptop,14166,3,2,Chennai,IN,,Yes,4.890436435455479,0,79,OFF20,Not Returned,WH3,Average,False,True,True,False,True,42498,386.34447840098284,10624.5,531.225,0
2130,1439,Headphones,48476,1,3,Chennai,IN,,N,2.1540244989042776,0,230,OFF20,Not Returned,WH1,Average,True,False,True,False,False,48476,495.42563474798385,24238.0,209.85281385281385,0
3580,1818,Headphones,93422,1,3,Chennai,India,,Y,3.5872860298983924,0,161,SAVE10,Returned,WH2,Average,False,False,True,False,False,93422,577.5530508136412,46711.0,576.679012345679,0
3419,1150,Dress,51076,3,0,Hyderabad,India,,No,3.979378974429296,2,66,OFF20,Returned,WH2,Bad,False,False,False,False,False,153228,262.63901231233353,38307.0,2286.9850746268658,0
2495,1212,Dress,29810,2,3,Chennai,IN,2023-04-05,No,1.9540917613142643,1,147,YIrSES,Returned,WH2,Bad,False,True,True,False,False,59620,287.25148891319685,19873.333333333332,402.8378378378378,0
2249,1845,Mobile,55190,3,3,Hyderabad,India,2023-04-05,Y,2.5310761007303,1,493,YIrSES,Returned,WH2,Average,False,False,True,False,False,165570,1247.820517660038,41392.5,335.16194331983803,0
2718,1011,Shoes,4803,3,3,Delhi,India,2023-04-05,No,4.959985446910316,2,158,OFF20,Returned,WH3,Average,False,False,False,True,False,14409,783.67770061183,3602.25,90.62264150943396,0
3505,1623,Shoes,50344,1,3,Delhi,India,2023-04-05,N,3.6872926242678736,0,234,SAVE10,Not Returned,WH2,Average,False,True,True,False,False,50344,862.8264740786824,25172.0,214.22978723404256,0
4456,1806,Headphones,60108,2,0,Mumbai,IN,,N,3.904703230865639,0,48,YIrSES,Not Returned,WH2,Good,False,True,True,False,False,120216,187.42575508155068,40072.0,2453.387755102041,0
4424,1104,Dress,15476,4,2,Chennai,IND,,N,1.881967020863966,1,39,SAVE10,Returned,WH2,Average,False,False,True,False,False,61904,73.39671381369467,12380.8,1547.6,0
2058,1479,Dress,89610,4,3,Hyderabad,IND,,N,3.7436054579674383,1,179,OFF20,Returned,WH2,Good,False,False,True,False,False,358440,670.1053769761714,71688.0,1991.3333333333333,0
3076,1066,Dress,5778,4,1,Hyderabad,IND,,Y,1.3244287269800132,0,376,OFF20,Returned,WH2,Good,False,True,True,False,False,23112,497.98520134448495,4622.4,61.30503978779841,0
2841,1728,Shoes,62259,3,1,Chennai,IND,,N,4.033821194559028,2,498,OFF20,Not Returned,WH1,Bad,False,True,True,False,False,186777,2008.842954890396,46694.25,374.30260521042084,0
3013,1513,Shoes,36854,2,1,Delhi,IND,,No,1.4747272904069022,1,38,YIrSES,Not Returned,WH3,Bad,False,True,True,False,True,73708,56.039637035462285,24569.333333333332,1889.948717948718,0
4257,1861,Shoes,35345,2,1,Delhi,India,,Yes,4.675872316603951,1,277,YIrSES,Returned,WH2,Bad,False,False,True,False,True,70690,1295.2166316992943,23563.333333333332,254.28057553956833,0
3879,1490,Laptop,15606,1,3,Delhi,India,2023-04-05,N,1.3304877183245871,0,257,YIrSES,Returned,WH1,Good,False,True,True,False,False,15606,341.9353436094189,7803.0,60.48837209302326,0
2048,1512,Mobile,3435,3,0,Delhi,India,,N,2.8350089333899278,2,87,OFF20,Returned,WH1,Average,True,False,True,False,False,10305,246.64577720492372,2576.25,117.10227272727273,0
3947,1236,Laptop,71123,2,0,Delhi,India,,No,1.3632139566162884,2,186,YIrSES,Not Returned,WH3,Good,True,False,False,True,True,142246,253.55779593062965,47415.333333333336,760.6737967914438,0
1588,1767,Shoes,81647,2,3,Chennai,India,,Y,4.4919042027567295,2,305,YIrSES,Not Returned,WH1,Bad,False,False,False,False,True,163294,1370.0307818408025,54431.333333333336,533.6405228758169,0
4348,1345,Mobile,23808,3,1,Chennai,IND,2023-04-05,Y,2.331301393824625,2,125,YIrSES,Not Returned,WH1,Bad,True,False,False,False,True,71424,291.4126742280782,17856.0,566.8571428571429,0
2116,1062,Shoes,14199,4,3,Mumbai,IND,2023-04-05,N,2.587074249026491,0,426,YIrSES,Not Returned,WH1,Bad,False,True,True,False,True,56796,1102.0936300852852,11359.2,133.01170960187355,0
2903,1017,Laptop,37847,1,3,Mumbai,IND,,Yes,1.637408897378767,1,249,OFF20,Not Returned,WH3,Average,False,False,False,True,True,37847,407.714815447313,18923.5,151.388,0
2095,1804,Headphones,86413,3,2,Mumbai,IN,,Yes,1.2954643960889074,0,364,OFF20,Returned,WH2,Good,True,False,False,True,True,259239,471.54904017636227,64809.75,710.2438356164383,0
530,1135,Mobile,56264,2,1,Delhi,IN,,Yes,1.906125629558105,0,84,YIrSES,Not Returned,WH1,Good,False,False,False,True,True,112528,160.11455288288082,37509.333333333336,1323.8588235294117,0
4440,1618,Shoes,35950,4,2,Delhi,IND,,Yes,2.8228838879649305,0,395,OFF20,Not Returned,WH1,Average,False,False,False,True,True,143800,1115.0391357461476,28760.0,363.1313131313131,0
4167,1937,Shoes,42078,4,1,Delhi,India,,Yes,1.5159825123475903,2,142,SAVE10,Not Returned,WH1,Average,False,False,False,True,False,168312,215.26951675335783,33662.4,1177.006993006993,0
4661,1706,Laptop,8154,1,1,Mumbai,India,,No,1.101101333795777,2,1,YIrSES,Not Returned,WH3,Bad,False,False,True,False,True,8154,1.101101333795777,4077.0,4077.0,0
1129,1849,Shoes,5556,4,1,Hyderabad,India,,Y,2.413643014788839,2,351,YIrSES,Returned,WH3,Good,False,False,False,False,True,22224,847.1886981908825,4444.8,63.13636363636363,0
717,1804,Dress,75758,4,0,Mumbai,IN,,Yes,4.62718645153962,0,368,OFF20,Not Returned,WH3,Good,False,True,True,False,True,303032,1702.8046141665802,60606.4,821.2249322493225,0
3672,1943,Dress,13623,1,0,Chennai,IN,2023-04-05,Yes,1.1542389209491573,1,39,OFF20,Returned,WH1,Average,True,False,True,False,True,13623,45.015317917017136,6811.5,340.575,0
3682,1728,Dress,36319,4,0,Mumbai,IND,,N,1.5422870087678149,0,458,YIrSES,Not Returned,WH2,Average,True,False,False,False,False,145276,706.3674500156592,29055.2,316.5054466230937,0
2782,1446,Mobile,86214,3,0,Hyderabad,IND,,Y,2.137129911252165,1,369,YIrSES,Returned,WH2,Average,True,False,False,False,True,258642,788.6009372520489,64660.5,699.0324324324324,0
1889,1584,Mobile,27419,1,0,Hyderabad,India,,Y,2.6837347297366843,1,252,OFF20,Not Returned,WH3,Bad,True,False,False,False,True,27419,676.3011518936445,13709.5,108.37549407114625,0
2590,1823,Mobile,20358,2,2,Chennai,IND,2023-04-05,Yes,3.516678653231016,0,264,OFF20,Not Returned,WH2,Bad,True,False,False,False,True,40716,928.4031644529882,13572.0,153.64528301886793,0
3891,1249,Mobile,38208,1,2,Delhi,IND,,Yes,2.115756752205155,2,114,SAVE10,Not Returned,WH2,Bad,True,False,False,True,True,38208,241.19626975138766,19104.0,332.24347826086955,0
3996,1752,Mobile,62569,1,2,Mumbai,IND,,Yes,4.5842193406197005,1,197,SAVE10,Returned,WH2,Bad,False,True,False,False,True,62569,903.091210102081,31284.5,316.0050505050505,0
1546,1610,Headphones,88017,2,1,Chennai,IN,,Yes,1.0967945553041618,1,407,OFF20,Not Returned,WH1,Average,False,False,False,True,True,176034,446.3953840087939,58678.0,431.45588235294116,0
1822,1375,Headphones,78138,4,2,Chennai,IN,,N,2.2946042322531564,0,418,SAVE10,Not Returned,WH3,Good,False,False,False,True,True,312552,959.1445690818193,62510.4,745.9474940334129,0
3257,1246,Mobile,81198,1,2,Hyderabad,IN,,No,3.3230082874927427,0,233,SAVE10,Returned,WH1,Average,False,True,False,True,True,81198,774.2609309858091,40599.0,347.0,0
4346,1705,Headphones,48415,4,2,Delhi,IN,2023-04-05,Yes,1.2471259030300264,2,348,YIrSES,Returned,WH1,Good,False,False,False,True,False,193660,433.9998142544492,38732.0,554.8997134670487,0
3001,1460,Shoes,40034,4,1,Chennai,IN,2023-04-05,Yes,2.5817317995634657,2,146,OFF20,Returned,WH1,Good,False,False,False,False,True,160136,376.93284273626597,32027.2,1089.360544217687,0
4462,1650,Laptop,53296,4,3,Delhi,IN,,Yes,4.6122295270152405,1,352,OFF20,Not Returned,WH1,Bad,False,False,True,False,True,213184,1623.5047935093646,42636.8,603.9206798866855,0
3740,1573,Headphones,98850,2,0,Mumbai,IN,,No,2.203644949922308,2,445,SAVE10,Returned,WH1,Average,False,False,True,False,True,197700,980.6220027154271,65900.0,443.27354260089686,0
2374,1112,Mobile,7610,4,0,Mumbai,IND,,No,1.373929976302292,1,384,OFF20,Not Returned,WH2,Average,True,False,True,False,True,30440,527.5891109000802,6088.0,79.06493506493507,0
3736,1392,Laptop,13011,3,2,Hyderabad,India,,Yes,4.65231486396757,1,207,YIrSES,Returned,WH2,Good,True,False,True,False,True,39033,963.029176841287,9758.25,187.65865384615384,0
1421,1526,Headphones,84525,2,3,Hyderabad,IND,,Yes,1.0960842139954798,1,110,OFF20,Returned,WH2,Bad,False,True,True,False,True,169050,120.56926353950278,56350.0,1522.972972972973,0
1226,1041,Headphones,67610,3,3,Hyderabad,India,,Yes,2.969146559614212,1,183,OFF20,Returned,WH2,Bad,False,True,False,False,False,202830,543.3538204094008,50707.5,1102.3369565217392,0
3981,1505,Shoes,15554,3,3,Hyderabad,IND,,Y,1.1502755930094857,1,97,YIrSES,Not Returned,WH2,Bad,False,True,False,False,False,46662,111.5767325219201,11665.5,476.14285714285717,0
1276,1092,Headphones,55751,2,1,Hyderabad,IN,,Y,3.43827951336325,1,113,SAVE10,Returned,WH1,Average,False,False,False,False,False,111502,388.5255850100473,37167.333333333336,978.0877192982456,0
4619,1014,Shoes,6117,4,0,Hyderabad,India,2023-04-05,Y,4.14316218646106,1,180,SAVE10,Returned,WH1,Average,True,False,False,True,False,24468,745.7691935629908,4893.6,135.18232044198896,0
2034,1606,Headphones,92357,4,3,Mumbai,IND,2023-04-05,Y,1.138452006295232,2,285,SAVE10,Returned,WH1,Bad,False,True,False,True,False,369428,324.4588217941411,73885.6,1291.7062937062938,0
3414,1515,Headphones,59887,1,3,Hyderabad,IND,2023-04-05,Y,3.49146678621557,2,219,YIrSES,Returned,WH3,Bad,False,True,False,False,False,59887,764.6312261812099,29943.5,272.21363636363634,0
3739,1751,Shoes,97170,1,3,Delhi,IND,,Y,1.3598088602559328,0,265,OFF20,Returned,WH2,Bad,True,False,True,False,False,97170,360.3493479678222,48585.0,365.30075187969925,0
4618,1957,Dress,31371,2,3,Delhi,IN,2023-04-05,Y,3.9367622371781903,0,267,YIrSES,Returned,WH2,Bad,True,False,True,False,False,62742,1051.1155173265768,20914.0,234.11194029850745,0
1236,1122,Laptop,76059,2,3,Hyderabad,IN,,Yes,1.925084985539959,2,432,YIrSES,Returned,WH2,Average,True,False,False,True,False,152118,831.6367137532623,50706.0,351.31177829099306,0
1487,1228,Shoes,43474,4,0,Chennai,IN,,No,2.73292186010284,0,433,YIrSES,Returned,WH2,Bad,False,True,True,False,True,173896,1183.3551654245298,34779.2,400.68202764976957,0
762,1578,Shoes,86058,3,2,Chennai,India,2023-04-05,No,4.772457488008845,2,249,OFF20,Returned,WH2,Good,False,False,True,False,False,258174,1188.3419145142025,64543.5,1032.696,0
2915,1963,Laptop,68556,2,2,Hyderabad,India,,N,4.310980829550802,2,447,YIrSES,Returned,WH1,Average,True,False,False,True,True,137112,1927.0084308092084,45704.0,306.05357142857144,0
4538,1914,Shoes,38073,2,3,Hyderabad,India,,N,3.0114909759903754,0,421,SAVE10,Returned,WH2,Average,True,False,True,False,True,76146,1267.837700891948,25382.0,180.44075829383885,0
2340,1113,Headphones,29997,1,3,Mumbai,IND,2023-04-05,Yes,4.784422754999946,0,211,OFF20,Returned,WH2,Good,True,False,False,False,True,29997,1009.5132013049887,14998.5,141.49528301886792,0
3853,1261,Headphones,78093,4,3,Chennai,IND,2023-04-05,Yes,1.3817064310022067,2,140,SAVE10,Returned,WH2,Good,True,False,False,False,True,312372,193.43890034030895,62474.4,2215.404255319149,0
1670,1491,Mobile,1992,2,2,Hyderabad,IN,2023-04-05,N,3.9833441235004714,0,413,YIrSES,Returned,WH2,Average,False,True,False,True,True,3984,1645.1211230056947,1328.0,9.623188405797102,0
6,1098,Headphones,3577,2,0,Delhi,IN,,Y,1.937226021498045,0,68,YIrSES,Returned,WH2,Good,False,True,True,False,True,7154,131.73136946186708,2384.6666666666665,103.68115942028986,0
2756,1185,Headphones,82009,1,2,Mumbai,IND,,Yes,1.3172439047203133,1,442,OFF20,Returned,WH2,Average,True,False,False,True,True,82009,582.2218058863784,41004.5,185.12189616252823,0
4819,1120,Headphones,49584,2,3,Chennai,IN,,Yes,3.173516183353029,2,174,OFF20,Returned,WH3,Average,True,False,False,False,False,99168,552.191815903427,33056.0,566.6742857142857,0
432,1464,Headphones,61831,2,1,Delhi,IND,,Y,2.020807115812647,2,381,OFF20,Not Returned,WH3,Bad,True,False,False,False,False,123662,769.9275111246185,41220.666666666664,323.72251308900525,0
1356,1896,Shoes,9960,3,2,Chennai,India,2023-04-05,No,2.1365083580104574,2,384,SAVE10,Not Returned,WH3,Bad,True,False,True,False,True,29880,820.4192094760156,7470.0,77.6103896103896,0
4178,1620,Shoes,80183,2,1,Chennai,India,,No,3.2078493543591797,2,161,SAVE10,Not Returned,WH2,Good,False,True,True,False,True,160366,516.4637460518279,53455.333333333336,989.9135802469136,0
4533,1801,Dress,28290,2,1,Delhi,India,2023-04-05,No,4.3827336816053055,1,390,YIrSES,Not Returned,WH3,Average,False,True,True,False,True,56580,1709.266135826069,18860.0,144.7058823529412,0
3437,1381,Dress,58986,2,2,Delhi,IND,,No,1.228100143626334,1,399,YIrSES,Not Returned,WH1,Average,True,False,True,False,True,117972,490.0119573069072,39324.0,294.93,0
4660,1358,Shoes,64345,4,2,Delhi,India,,Yes,3.564627648379385,0,393,OFF20,Returned,WH1,Average,False,True,True,False,False,257380,1400.8986658130984,51476.0,653.248730964467,0
1016,1581,Mobile,41280,1,2,Hyderabad,IN,,Yes,2.737290737457243,0,275,YIrSES,Returned,WH2,Bad,True,False,True,False,True,41280,752.7549528007419,20640.0,149.56521739130434,0
556,1438,Headphones,97991,3,3,Delhi,IND,,N,2.5813480413387477,0,60,YIrSES,Returned,WH3,Good,True,False,False,True,False,293973,154.88088248032486,73493.25,4819.229508196721,0
1396,1959,Dress,60222,1,2,Delhi,IND,,No,2.6388274033406325,1,206,YIrSES,Returned,WH3,Good,False,True,False,False,False,60222,543.5984450881703,30111.0,290.92753623188406,0
2954,1927,Shoes,16895,3,3,Delhi,IND,,Yes,1.973049802034912,2,436,OFF20,Returned,WH1,Good,False,True,False,True,False,50685,860.2497136872216,12671.25,115.98398169336384,0
1456,1591,Shoes,2640,3,3,Mumbai,IN,,N,4.702028512333777,2,378,OFF20,Returned,WH1,Good,True,False,False,True,False,7920,1777.3667776621676,1980.0,20.897097625329817,0
1564,1833,Shoes,63205,1,1,Delhi,IND,,N,4.729565350299671,1,235,YIrSES,Returned,WH1,Average,True,False,False,False,False,63205,1111.4478573204226,31602.5,267.81779661016947,0
3483,1932,Shoes,29704,4,0,Chennai,IND,2023-04-05,N,4.4667729382409895,1,60,SAVE10,Returned,WH2,Average,False,False,True,False,False,118816,268.00637629445936,23763.2,1947.8032786885246,0
2024,1516,Shoes,96155,3,0,Mumbai,IND,2023-04-05,N,2.5641384981378934,1,448,SAVE10,Returned,WH3,Average,False,False,True,False,False,288465,1148.7340471657762,72116.25,642.4610244988864,0
1377,1712,Headphones,4469,3,2,Hyderabad,IND,2023-04-05,No,2.628444781692453,1,379,SAVE10,Not Returned,WH3,Good,True,False,True,False,False,13407,996.1805722614397,3351.75,35.28157894736842,0
3053,1014,Laptop,88632,1,2,Hyderabad,IND,,N,2.3650239241476814,1,326,YIrSES,Not Returned,WH1,Good,False,True,True,False,True,88632,770.9977992721441,44316.0,271.04587155963304,0
1365,1507,Laptop,67799,2,2,Delhi,IN,,N,2.910236822365487,2,352,YIrSES,Not Returned,WH1,Bad,True,False,False,False,True,135598,1024.4033614726513,45199.333333333336,384.1303116147309,0
2828,1833,Laptop,21000,3,1,Hyderabad,IN,2023-04-05,N,1.3844369072093097,1,156,SAVE10,Not Returned,WH1,Average,True,False,True,False,False,63000,215.97215752465232,15750.0,401.2738853503185,0
1104,1782,Laptop,98102,3,3,Delhi,IN,2023-04-05,No,4.93730134048356,2,70,SAVE10,Not Returned,WH1,Bad,False,True,True,False,True,294306,345.6110938338492,73576.5,4145.154929577465,0
4251,1479,Headphones,11686,3,2,Delhi,India,,Y,2.124355766239592,0,28,SAVE10,Returned,WH1,Good,False,True,True,False,True,35058,59.48196145470858,8764.5,1208.896551724138,0
2277,1566,Headphones,14655,2,2,Mumbai,IND,,Y,2.17669418772231,2,42,SAVE10,Not Returned,WH2,Average,True,False,True,False,True,29310,91.42115588433703,9770.0,681.6279069767442,0
2278,1291,Mobile,7846,2,0,Chennai,IND,,No,3.971725104218426,1,406,YIrSES,Returned,WH2,Bad,False,True,False,False,True,15692,1612.520392312681,5230.666666666667,38.55528255528255,0
95,1537,Mobile,60480,4,3,Delhi,IN,,Y,1.2801604629385372,1,122,YIrSES,Not Returned,WH2,Good,False,False,True,False,True,241920,156.17957647850153,48384.0,1966.8292682926829,0
2148,1646,Mobile,21684,1,2,Delhi,IN,,N,2.397033263753912,1,474,YIrSES,Not Returned,WH2,Good,True,False,True,False,True,21684,1136.1937670193543,10842.0,45.65052631578947,0
4004,1936,Headphones,84318,1,2,Chennai,India,,No,1.5339002481056347,0,342,SAVE10,Returned,WH2,Good,True,False,False,False,False,84318,524.5938848521271,42159.0,245.82507288629736,0
4247,1988,Mobile,48287,2,1,Chennai,IND,,N,4.714424468820194,1,483,OFF20,Returned,WH2,Bad,False,False,False,False,False,96574,2277.067018440154,32191.333333333332,199.53305785123968,0
4872,1548,Shoes,41978,2,3,Chennai,IN,,N,3.3103569730715354,2,263,OFF20,Not Returned,WH1,Bad,True,False,False,False,False,83956,870.6238839178138,27985.333333333332,318.0151515151515,0
3090,1490,Shoes,36938,2,0,Mumbai,IN,,Y,1.6976026568456852,0,450,SAVE10,Not Returned,WH3,Good,True,False,False,False,True,73876,763.9211955805583,24625.333333333332,163.8048780487805,0
810,1370,Laptop,12753,2,1,Mumbai,IN,,Yes,4.944031483117778,1,450,SAVE10,Not Returned,WH1,Good,True,False,False,True,True,25506,2224.814167403,8502.0,56.55432372505543,0
2867,1952,Laptop,97664,3,1,Hyderabad,IN,2023-04-05,Yes,3.668745249779471,0,15,SAVE10,Returned,WH1,Good,True,False,False,True,False,292992,55.03117874669206,73248.0,18312.0,-1
2221,1530,Laptop,16174,3,1,Hyderabad,India,2023-04-05,Yes,3.9747351797656743,0,423,SAVE10,Returned,WH1,Good,False,False,True,False,False,48522,1681.3129810408802,12130.5,114.43867924528301,0
2063,1143,Laptop,74667,3,1,Mumbai,IND,,N,4.66662177487394,0,374,YIrSES,Not Returned,WH3,Good,False,True,False,False,False,224001,1745.3165438028536,56000.25,597.336,0
610,1583,Laptop,64520,2,0,Mumbai,IND,,Y,4.988031125260948,1,164,YIrSES,Not Returned,WH3,Bad,True,False,True,False,False,129040,818.0371045427954,43013.333333333336,782.060606060606,0
4549,1992,Shoes,88854,4,0,Mumbai,India,,Y,1.863525094152847,1,194,YIrSES,Returned,WH3,Bad,False,False,False,True,False,355416,361.5238682656523,71083.2,1822.6461538461538,0
4622,1295,Mobile,86365,1,0,Chennai,IN,,Y,2.4250227331418888,1,399,SAVE10,Returned,WH1,Bad,True,False,False,True,False,86365,967.5840705236136,43182.5,215.9125,0
4926,1758,Dress,32419,3,2,Delhi,IN,,Y,3.955437076375842,2,162,SAVE10,Returned,WH1,Good,True,False,False,True,False,97257,640.7808063728864,24314.25,596.6687116564417,0
3806,1216,Laptop,66934,3,2,Mumbai,IND,2023-04-05,N,2.6209305713857325,1,303,SAVE10,Returned,WH2,Good,False,False,False,False,False,200802,794.1419631298769,50200.5,660.5328947368421,0
2464,1311,Laptop,68481,3,0,Mumbai,IND,,Y,3.79968303026256,0,86,OFF20,Returned,WH3,Average,True,False,False,False,True,205443,326.77274060258014,51360.75,2361.4137931034484,0
357,1924,Shoes,53158,2,3,Hyderabad,IN,2023-04-05,N,2.8850775164482534,0,88,SAVE10,Returned,WH3,Bad,False,False,True,False,False,106316,253.8868214474463,35438.666666666664,1194.561797752809,0
1370,1562,Dress,75005,1,3,Hyderabad,India,,Y,1.0440645077143027,0,78,SAVE10,Not Returned,WH2,Average,True,False,False,False,False,75005,81.43703160171562,37502.5,949.4303797468355,0
248,1977,Dress,67065,2,2,Mumbai,IN,,Y,4.595823632070065,1,16,SAVE10,Not Returned,WH2,Good,False,True,False,False,False,134130,73.53317811312104,44710.0,7890.0,0
572,1233,Laptop,23728,4,0,Mumbai,IN,,Y,1.5750611404051869,2,481,YIrSES,Returned,WH3,Good,False,True,False,False,False,94912,757.6044085348949,18982.4,196.91286307053943,0
365,1945,Headphones,90436,2,2,Hyderabad,IN,,Y,4.6316348119611845,1,478,YIrSES,Returned,WH2,Good,False,True,False,False,False,180872,2213.9214401174463,60290.666666666664,377.60334029227556,0
902,1770,Shoes,47982,3,2,Hyderabad,IND,,N,1.1194780203329224,1,123,OFF20,Not Returned,WH2,Average,False,True,False,True,False,143946,137.69579650094946,35986.5,1160.8548387096773,0
4345,1974,Shoes,5635,1,3,Hyderabad,IND,,Yes,1.5629691275457152,2,80,YIrSES,Not Returned,WH2,Good,False,True,False,True,False,5635,125.03753020365721,2817.5,69.5679012345679,0
199,1077,Shoes,83358,1,0,Chennai,IND,,Y,2.7749755975742225,2,455,SAVE10,Returned,WH1,Good,True,False,False,False,False,83358,1262.6138968962712,41679.0,182.80263157894737,0
1394,1243,Shoes,47326,2,1,Hyderabad,India,2023-04-05,N,2.77301438003786,0,278,OFF20,Returned,WH1,Average,True,False,False,True,True,94652,770.8979976505251,31550.666666666668,339.2544802867383,0
3522,1884,Headphones,81147,1,1,Chennai,IND,,No,2.8344388519107007,1,307,OFF20,Returned,WH1,Average,False,True,False,True,True,81147,870.1727275365851,40573.5,263.4642857142857,0
2744,1464,Headphones,39724,2,0,Chennai,India,2023-04-05,No,1.1346235251217045,1,118,OFF20,Returned,WH3,Bad,False,False,False,False,True,79448,133.88557596436112,26482.666666666668,667.6302521008404,0
4592,1486,Shoes,25036,2,1,Hyderabad,India,,No,4.682475397757677,0,271,YIrSES,Returned,WH3,Good,False,False,False,False,True,50072,1268.9508327923304,16690.666666666668,184.08823529411765,0
1311,1838,Mobile,11740,3,3,Hyderabad,India,,Yes,2.731313766549248,0,437,YIrSES,Not Returned,WH3,Bad,False,False,False,False,False,35220,1193.5841159820216,8805.0,80.41095890410959,0
1486,1040,Laptop,93662,4,3,Chennai,IN,2023-04-05,No,2.231677781603564,0,293,YIrSES,Returned,WH2,Good,False,False,False,True,False,374648,653.8815900098442,74929.6,1274.312925170068,0
504,1219,Shoes,58026,2,1,Chennai,IN,2023-04-05,N,2.33875369848164,1,181,YIrSES,Not Returned,WH2,Bad,True,False,False,False,False,116052,423.3144194251769,38684.0,637.6483516483516,0
1606,1244,Headphones,47823,4,3,Mumbai,IN,2023-04-05,Yes,1.0851681746652568,2,52,YIrSES,Not Returned,WH1,Average,True,False,False,True,True,191292,56.42874508259335,38258.4,3609.2830188679245,0
1781,1162,Laptop,41565,3,2,Mumbai,India,,Yes,1.961200094998444,2,337,SAVE10,Not Returned,WH2,Average,False,True,True,False,True,124695,660.9244320144757,31173.75,368.92011834319527,0
4759,1191,Shoes,52850,1,3,Hyderabad,India,,Yes,4.343667147255907,1,465,OFF20,Returned,WH1,Bad,False,False,False,False,True,52850,2019.8052234739966,26425.0,113.41201716738198,0
2085,1111,Laptop,6435,1,3,Hyderabad,India,,Y,1.6296518775022646,0,129,OFF20,Not Returned,WH2,Bad,True,False,False,False,False,6435,210.22509219779212,3217.5,49.5,0
685,1484,Shoes,42467,2,3,Delhi,IN,,Yes,1.7763439867179538,0,93,OFF20,Returned,WH3,Average,False,False,False,True,False,84934,165.1999907647697,28311.333333333332,903.5531914893617,0
2559,1104,Laptop,2073,1,2,Hyderabad,IND,,Yes,2.135129278485067,0,232,OFF20,Returned,WH3,Good,False,False,False,True,True,2073,495.34999260853556,1036.5,8.896995708154506,0
2094,1001,Laptop,95747,2,0,Delhi,IND,,N,1.280287051435678,0,378,YIrSES,Returned,WH1,Bad,False,False,True,False,True,191494,483.94850544268627,63831.333333333336,505.2612137203166,0
3428,1393,Mobile,80311,3,1,Delhi,IND,,No,2.0747298026166723,0,417,YIrSES,Returned,WH3,Bad,True,False,True,False,False,240933,865.1623276911523,60233.25,576.3947368421053,0
2545,1298,Headphones,19908,2,0,Mumbai,India,,No,1.626317743493821,1,127,YIrSES,Not Returned,WH3,Good,False,False,True,False,False,39816,206.54235342371527,13272.0,311.0625,0
4449,1058,Shoes,38488,3,0,Mumbai,IND,2023-04-05,Y,1.312171450409691,1,136,YIrSES,Not Returned,WH1,Bad,False,True,False,True,False,115464,178.455317255718,28866.0,842.8029197080292,0
4743,1510,Mobile,78088,3,2,Delhi,IN,,Yes,2.8357475801062275,1,205,YIrSES,Not Returned,WH2,Average,False,True,False,True,True,234264,581.3282539217766,58566.0,1137.2038834951456,0
662,1788,Mobile,4997,2,1,Delhi,IND,,Yes,1.9659714021860868,1,130,YIrSES,Not Returned,WH3,Average,False,True,True,False,True,9994,255.57628228419128,3331.3333333333335,76.29007633587786,0
3757,1087,Laptop,4182,1,1,Delhi,India,2023-04-05,Yes,2.478556753518621,1,286,OFF20,Not Returned,WH2,Average,False,True,True,False,True,4182,708.8672315063257,2091.0,14.571428571428571,0
2714,1398,Laptop,9648,3,1,Delhi,India,2023-04-05,Y,3.500359430991936,0,439,OFF20,Not Returned,WH3,Average,False,True,True,False,False,28944,1536.6577902054598,7236.0,65.78181818181818,0
3546,1826,Laptop,40107,2,3,Chennai,IN,,Y,1.4701882284218084,0,373,OFF20,Not Returned,WH1,Average,True,False,False,True,False,80214,548.3802092013345,26738.0,214.475935828877,0
1702,1839,Mobile,57723,1,2,Chennai,IN,,N,1.1614951826502795,0,53,OFF20,Not Returned,WH2,Average,False,True,False,True,False,57723,61.559244680464815,28861.5,1068.9444444444443,0
3395,1966,Mobile,63207,1,2,Delhi,IN,,N,1.9841024866976096,1,349,OFF20,Not Returned,WH2,Bad,True,False,False,True,False,63207,692.4517678574657,31603.5,180.59142857142857,0
3292,1939,Dress,60193,3,0,Mumbai,IN,,N,2.973223407658905,2,190,OFF20,Returned,WH3,Bad,True,False,False,False,False,180579,564.9124474551919,45144.75,945.4397905759163,0
4060,1795,Dress,27146,1,0,Mumbai,IN,,Yes,2.4640530084112013,0,412,OFF20,Returned,WH1,Average,True,False,True,False,True,27146,1015.1898394654149,13573.0,65.72881355932203,0
4470,1970,Mobile,33590,4,2,Hyderabad,IND,,Yes,1.963059395838615,0,108,OFF20,Not Returned,WH2,Good,False,False,True,False,True,134360,212.01041475057042,26872.0,1232.6605504587155,0
3106,1961,Shoes,31166,1,3,Hyderabad,IN,,Yes,1.4356935161084547,2,481,YIrSES,Not Returned,WH2,Average,False,True,True,False,False,31166,690.5685812481668,15583.0,64.65975103734439,0
1213,1681,Shoes,43171,4,2,Hyderabad,IND,2023-04-05,N,4.264014140841947,0,414,YIrSES,Not Returned,WH1,Average,False,False,True,False,False,172684,1765.3018543085661,34536.8,416.10602409638557,0
2154,1635,Shoes,5569,2,2,Hyderabad,IND,2023-04-05,N,2.545177768543343,0,299,SAVE10,Not Returned,WH3,Average,True,False,True,False,True,11138,761.0081527944595,3712.6666666666665,37.126666666666665,0
3011,1865,Mobile,46840,4,3,Hyderabad,IND,2023-04-05,N,1.8801449984305745,1,199,SAVE10,Returned,WH3,Average,False,True,True,False,False,187360,374.1488546876843,37472.0,936.8,0
2070,1892,Laptop,89100,3,3,Delhi,IN,2023-04-05,N,3.3738283110432783,1,213,SAVE10,Returned,WH3,Bad,False,False,False,False,True,267300,718.6254302522183,66825.0,1249.0654205607477,0
4881,1332,Shoes,54359,3,1,Hyderabad,IND,2023-04-05,N,3.4909336374184767,1,170,SAVE10,Returned,WH3,Good,False,True,False,False,False,163077,593.458718361141,40769.25,953.6666666666666,0
2139,1880,Mobile,87522,1,2,Delhi,IND,,N,2.840671383499921,2,437,OFF20,Not Returned,WH3,Bad,False,True,True,False,False,87522,1241.3733945894655,43761.0,199.82191780821918,0
2155,1995,Mobile,77986,4,3,Mumbai,IND,2023-04-05,No,4.776066646818897,0,471,SAVE10,Returned,WH2,Average,True,False,True,False,True,311944,2249.5273906517004,62388.8,660.8983050847457,0
3875,1356,Mobile,55609,2,1,Mumbai,India,,No,4.697545953974838,2,346,SAVE10,Not Returned,WH2,Average,False,False,False,False,True,111218,1625.3509000752938,37072.666666666664,320.5129682997118,0
4906,1734,Headphones,72842,4,3,Delhi,India,,Yes,2.5998274911492505,2,105,OFF20,Returned,WH3,Average,False,False,True,False,True,291368,272.9818865706713,58273.6,2748.754716981132,0
4179,1338,Shoes,59375,3,1,Hyderabad,India,,Y,2.176911508196285,2,284,YIrSES,Not Returned,WH3,Average,False,False,True,False,False,178125,618.242868327745,44531.25,625.0,0
2321,1824,Headphones,60191,2,2,Hyderabad,India,,Y,4.035853970086145,2,188,YIrSES,Returned,WH3,Average,False,False,True,False,False,120382,758.7405463761953,40127.333333333336,636.941798941799,0
356,1830,Dress,13416,2,3,Hyderabad,IN,,Y,1.2998165710591314,0,213,OFF20,Not Returned,WH1,Good,False,False,True,False,False,26832,276.86092963559497,8944.0,125.38317757009345,0
2958,1781,Shoes,38556,1,0,Hyderabad,India,2023-04-05,Yes,1.186341265687632,0,452,OFF20,Not Returned,WH1,Bad,False,False,False,True,True,38556,536.2262520908097,19278.0,85.11258278145695,0
4979,1448,Headphones,80362,2,3,Hyderabad,IND,,Y,3.458566720504198,1,100,OFF20,Not Returned,WH1,Bad,False,False,False,True,True,160724,345.8566720504198,53574.666666666664,1591.3267326732673,0
4220,1388,Shoes,44435,1,0,Delhi,IND,,Y,4.056808430479187,2,262,YIrSES,Not Returned,WH3,Bad,True,False,True,False,True,44435,1062.883808785547,22217.5,168.95437262357413,0
4632,1842,Mobile,36709,2,3,Delhi,IND,2023-04-05,Y,4.388056255357973,2,262,YIrSES,Returned,WH2,Average,False,True,False,False,False,73418,1149.6707389037888,24472.666666666668,279.15589353612165,0
1775,1068,Headphones,93221,4,3,Chennai,India,2023-04-05,Y,1.683489411278467,0,203,YIrSES,Returned,WH3,Average,True,False,False,False,False,372884,341.74835048952883,74576.8,1827.862745098039,0
4367,1390,Headphones,73780,2,3,Hyderabad,India,2023-04-05,N,4.520550609703859,0,78,OFF20,Returned,WH3,Average,False,True,True,False,False,147560,352.60294755690103,49186.666666666664,1867.8481012658228,0
4841,1485,Dress,74863,3,3,Hyderabad,India,2023-04-05,Yes,1.1573795592313751,2,264,YIrSES,Not Returned,WH3,Average,False,False,False,False,False,224589,305.548203637083,56147.25,847.5056603773585,0
3935,1602,Mobile,77449,1,1,Hyderabad,IN,2023-04-05,Y,1.2383931448089496,0,179,YIrSES,Not Returned,WH3,Average,False,False,False,False,False,77449,221.67237292080196,38724.5,430.27222222222224,0
3758,1279,Mobile,90321,4,3,Hyderabad,India,2023-04-05,N,4.7898045908981945,2,474,YIrSES,Returned,WH3,Average,True,False,True,False,False,361284,2270.367376085744,72256.8,760.5978947368421,0
1474,1964,Mobile,75731,1,3,Delhi,IN,,Y,3.600784371490142,1,385,SAVE10,Returned,WH2,Average,False,True,True,False,True,75731,1386.3019830237047,37865.5,196.19430051813472,0
2224,1886,Dress,91286,2,3,Chennai,IN,,No,4.029622702776946,1,465,SAVE10,Returned,WH1,Bad,True,False,True,False,False,182572,1873.7745567912798,60857.333333333336,391.7854077253219,0
2684,1871,Dress,31829,3,2,Hyderabad,IN,,Yes,1.2441245642507923,1,125,SAVE10,Returned,WH1,Average,True,False,True,False,False,95487,155.51557053134903,23871.75,757.8333333333334,0
4289,1446,Dress,35056,2,3,Hyderabad,IND,2023-04-05,Yes,4.378438991909471,2,143,SAVE10,Returned,WH3,Average,True,False,False,True,False,70112,626.1167758430544,23370.666666666668,486.8888888888889,0
1502,1572,Laptop,21554,1,3,Chennai,IN,,Yes,4.373170248970448,0,319,OFF20,Not Returned,WH3,Good,False,False,True,False,False,21554,1395.0413094215728,10777.0,67.35625,0
1228,1151,Laptop,56960,3,3,Mumbai,IN,,Yes,2.770846574371808,1,86,SAVE10,Returned,WH2,Bad,False,False,True,False,False,170880,238.29280539597548,42720.0,1964.1379310344828,0
3784,1949,Dress,5024,1,0,Delhi,India,2023-04-05,N,2.73302014592109,2,156,YIrSES,Returned,WH3,Good,True,False,False,True,True,5024,426.35114276369006,2512.0,32.0,0
1472,1763,Laptop,9358,1,3,Delhi,India,2023-04-05,N,2.2646145353266776,2,112,SAVE10,Not Returned,WH3,Bad,True,False,False,True,True,9358,253.6368279565879,4679.0,82.8141592920354,0
3541,1593,Mobile,28456,1,0,Delhi,IN,2023-04-05,No,1.504195750441628,1,196,YIrSES,Returned,WH3,Average,True,False,False,False,False,28456,294.82236708655904,14228.0,144.44670050761422,0
635,1832,Shoes,10295,3,0,Delhi,IN,2023-04-05,N,1.3688256271057284,0,26,YIrSES,Returned,WH3,Bad,True,False,False,False,True,30885,35.58946630474894,7721.25,1143.888888888889,0
3871,1174,Headphones,85876,3,1,Delhi,IN,,Y,1.7754255794125724,2,463,SAVE10,Returned,WH3,Bad,True,False,True,False,False,257628,822.022043268021,64407.0,555.2327586206897,0
2279,1413,Mobile,13969,4,2,Mumbai,IND,,Yes,3.2553424652961884,2,219,SAVE10,Returned,WH3,Average,True,False,False,False,True,55876,712.9199998998653,11175.2,253.98181818181817,0
2027,1973,Headphones,13826,3,1,Mumbai,IND,,Y,2.3154623210463163,2,138,OFF20,Returned,WH2,Good,False,False,True,False,False,41478,319.53380030439166,10369.5,298.40287769784175,0
817,1717,Laptop,9645,3,0,Mumbai,India,2023-04-05,N,1.263387230420304,1,439,OFF20,Not Returned,WH2,Good,False,True,False,False,True,28935,554.6269941545135,7233.75,65.76136363636364,0
736,1430,Laptop,27581,2,3,Hyderabad,India,,No,2.383641279090236,0,167,SAVE10,Not Returned,WH2,Bad,False,False,False,True,True,55162,398.06809360806943,18387.333333333332,328.3452380952381,0
190,1480,Mobile,56813,4,3,Hyderabad,India,,Y,2.282333923945996,0,65,SAVE10,Not Returned,WH3,Bad,True,False,True,False,False,227252,148.35170505648975,45450.4,3443.212121212121,0
4878,1563,Mobile,5481,2,2,Mumbai,IND,,Y,4.433623735819232,0,423,YIrSES,Returned,WH3,Good,False,False,True,False,True,10962,1875.4228402515353,3654.0,25.85377358490566,0
1787,1459,Mobile,23545,2,0,Hyderabad,IND,,Y,3.742462719985035,0,281,YIrSES,Returned,WH3,Good,False,False,False,False,True,47090,1051.6320243157948,15696.666666666666,166.98581560283688,0
4333,1028,Dress,3926,3,0,Hyderabad,IND,,No,1.1368453006123027,0,210,YIrSES,Returned,WH3,Good,True,False,False,True,True,11778,238.73751312858357,2944.5,55.81990521327014,0
4226,1208,Shoes,61841,2,0,Chennai,IND,2023-04-05,Y,4.337492928498037,1,398,YIrSES,Not Returned,WH3,Average,False,True,True,False,True,123682,1726.3221855422187,41227.333333333336,309.9799498746867,0
2792,1756,Laptop,60918,2,1,Chennai,IND,2023-04-05,Y,3.329829743442047,1,284,OFF20,Returned,WH1,Bad,False,True,True,False,False,121836,945.6716471375414,40612.0,427.4947368421053,0
3657,1779,Mobile,69788,3,1,Chennai,India,,Yes,3.555298129812098,0,262,OFF20,Not Returned,WH1,Average,True,False,True,False,True,209364,931.4881100107697,52341.0,796.0608365019011,0
1910,1624,Dress,11254,2,2,Chennai,IND,,Yes,1.14627409605917,0,43,OFF20,Returned,WH1,Bad,False,True,True,False,True,22508,49.28978613054431,7502.666666666667,511.54545454545456,0
1817,1377,Dress,27070,4,1,Chennai,IND,,N,4.698646577140079,0,112,SAVE10,Returned,WH3,Good,False,True,False,True,True,108280,526.2484166396888,21656.0,958.2300884955753,0
264,1441,Laptop,47783,2,2,Delhi,IND,,Yes,4.120465885615474,1,17,SAVE10,Returned,WH1,Average,False,True,False,True,True,95566,70.04792005546305,31855.333333333332,5309.222222222223,0
3604,1214,Dress,91179,2,2,Chennai,India,,Yes,2.9801928689604664,0,295,SAVE10,Not Returned,WH1,Average,False,False,False,False,True,182358,879.1568963433376,60786.0,616.0743243243244,0
2369,1737,Dress,36237,4,2,Hyderabad,India,2023-04-05,No,2.89582961882742,0,177,SAVE10,Not Returned,WH1,Bad,False,False,True,False,False,144948,512.5618425324533,28989.6,814.314606741573,0
1871,1111,Laptop,52328,1,0,Chennai,India,,No,2.074232547196979,1,220,YIrSES,Not Returned,WH1,Average,False,False,False,False,False,52328,456.33116038333543,26164.0,236.77828054298644,0
2260,1983,Dress,21239,1,3,Chennai,India,2023-04-05,Yes,2.263405861848144,2,486,SAVE10,Not Returned,WH1,Bad,False,False,True,False,True,21239,1100.015248858198,10619.5,43.61190965092403,0
3735,1069,Shoes,78669,2,2,Hyderabad,IND,,Yes,3.679770894020558,2,463,SAVE10,Not Returned,WH3,Bad,False,False,False,True,False,157338,1703.7339239315183,52446.0,339.0905172413793,0
4162,1371,Shoes,55456,4,2,Mumbai,IN,2023-04-05,N,4.897210073058968,2,380,YIrSES,Not Returned,WH2,Average,False,False,True,False,False,221824,1860.939827762408,44364.8,582.2152230971128,0
4843,1375,Shoes,61994,1,2,Delhi,IN,,N,2.5740315004733203,2,35,YIrSES,Not Returned,WH2,Average,False,False,False,False,True,61994,90.09110251656621,30997.0,1722.0555555555557,0
1149,1217,Shoes,78441,1,2,Chennai,IN,,N,1.919298436377176,2,84,YIrSES,Not Returned,WH2,Average,True,False,True,False,True,78441,161.22106865568279,39220.5,922.8352941176471,0
3915,1112,Shoes,94480,3,3,Delhi,IN,,N,2.5554212688904743,0,216,SAVE10,Not Returned,WH2,Bad,True,False,True,False,True,283440,551.9709940803424,70860.0,1306.1751152073732,0
773,1687,Dress,73366,4,1,Delhi,IND,,N,3.515251858197918,1,63,YIrSES,Returned,WH2,Good,True,False,False,False,True,293464,221.46086706646884,58692.8,4585.375,0
2995,1585,Mobile,14883,1,1,Delhi,IND,2023-04-05,No,4.095010798819313,2,289,SAVE10,Returned,WH3,Good,False,False,False,False,False,14883,1183.4581208587815,7441.5,51.320689655172416,0
2790,1753,Shoes,83868,3,3,Delhi,IND,,Y,2.031938034251128,1,114,SAVE10,Returned,WH3,Average,False,False,True,False,False,251604,231.64093590462858,62901.0,2187.8608695652174,0
970,1513,Mobile,35890,4,1,Delhi,IN,,N,3.312084734340248,2,253,YIrSES,Not Returned,WH3,Bad,False,True,False,True,True,143560,837.9574377880828,28712.0,565.1968503937007,0
3773,1241,Laptop,79362,2,1,Delhi,India,,Yes,2.319381949951401,0,422,YIrSES,Returned,WH1,Bad,False,True,False,True,True,158724,978.7791828794913,52908.0,375.2340425531915,0
367,1639,Headphones,72076,3,1,Hyderabad,India,2023-04-05,Y,4.76295396669145,2,364,OFF20,Returned,WH2,Bad,False,False,False,True,True,216228,1733.7152438756877,54057.0,592.4054794520548,0
1044,1865,Mobile,77441,3,2,Delhi,India,,Y,2.1206184690515686,2,120,YIrSES,Returned,WH2,Bad,False,False,False,False,False,232323,254.47421628618824,58080.75,1920.0247933884298,0
2247,1786,Headphones,2959,3,2,Chennai,IND,,N,2.2550237139590044,2,322,YIrSES,Not Returned,WH2,Bad,False,False,False,False,False,8877,726.1176358947994,2219.25,27.48297213622291,0
2750,1762,Headphones,26797,3,0,Chennai,IN,2023-04-05,Yes,2.1690135430429662,2,363,YIrSES,Not Returned,WH2,Good,False,False,False,False,False,80391,787.3519161245968,20097.75,220.8543956043956,0
27,1253,Dress,61531,1,0,Delhi,IN,,Y,3.320951387725225,0,23,SAVE10,Not Returned,WH1,Bad,False,False,False,False,False,61531,76.38188191768018,30765.5,2563.7916666666665,0
4091,1239,Laptop,49799,4,1,Chennai,India,,Yes,1.821203157305056,2,51,YIrSES,Not Returned,WH3,Bad,True,False,False,False,False,199196,92.88136102255785,39839.2,3830.6923076923076,0
2112,1852,Shoes,9063,4,1,Hyderabad,IN,,Y,2.0107109011061914,1,401,YIrSES,Not Returned,WH2,Good,False,True,True,False,True,36252,806.2950713435828,7250.4,90.17910447761194,0
1736,1441,Shoes,61823,1,0,Mumbai,IN,,No,1.478400159576862,1,408,SAVE10,Returned,WH2,Average,True,False,False,True,True,61823,603.1872651073597,30911.5,151.1564792176039,0
1359,1411,Headphones,70362,3,1,Mumbai,IND,2023-04-05,No,3.940449046339776,1,440,SAVE10,Not Returned,WH2,Average,True,False,True,False,False,211086,1733.7975803895015,52771.5,478.6530612244898,0
3084,1700,Mobile,86127,4,1,Chennai,IN,,Yes,2.2701520443785883,1,463,SAVE10,Returned,WH1,Bad,False,True,False,False,False,344508,1051.0803965472865,68901.6,742.4741379310345,0
4310,1272,Laptop,15458,3,3,Chennai,IND,,N,2.182192983396686,1,306,YIrSES,Not Returned,WH3,Good,False,True,False,False,False,46374,667.7510529193859,11593.5,151.05537459283389,0
978,1619,Mobile,26453,3,3,Delhi,IND,,Yes,1.698946292406827,1,484,YIrSES,Returned,WH1,Good,False,True,False,False,False,79359,822.2900055249042,19839.75,163.62680412371134,0
4404,1653,Laptop,70272,3,3,Mumbai,IN,,No,4.002391089659843,1,434,YIrSES,Returned,WH1,Good,False,False,False,True,False,210816,1737.0377329123721,52704.0,484.63448275862066,0
4806,1500,Dress,98154,3,2,Mumbai,IN,,No,2.191338260327972,0,6,YIrSES,Returned,WH2,Bad,False,False,False,True,True,294462,13.148029561967832,73615.5,42066.0,-1
3989,1906,Dress,36203,4,2,Hyderabad,India,2023-04-05,Yes,2.2671046410535967,1,264,YIrSES,Returned,WH2,Bad,False,False,False,False,False,144812,598.5156252381495,28962.4,546.4603773584905,0
1608,1896,Laptop,9793,2,0,Chennai,India,2023-04-05,No,3.4668637581193624,2,48,YIrSES,Returned,WH2,Good,False,True,True,False,False,19586,166.4094603897294,6528.666666666667,399.7142857142857,0
3017,1671,Laptop,69339,4,2,Chennai,India,,No,4.773421603461357,1,36,YIrSES,Not Returned,WH1,Good,True,False,True,False,False,277356,171.84317772460886,55471.2,7496.108108108108,0
307,1665,Laptop,94202,1,0,Mumbai,IN,,Y,2.832047398156945,0,73,SAVE10,Not Returned,WH1,Good,False,True,False,True,True,94202,206.73946006545697,47101.0,1273.0,0
3415,1942,Dress,55736,1,3,Chennai,India,2023-04-05,No,1.0553921683504823,1,63,SAVE10,Not Returned,WH1,Good,False,True,False,True,False,55736,66.48970660608039,27868.0,870.875,0
2057,1919,Shoes,80121,1,2,Mumbai,India,2023-04-05,Y,4.127608517700112,1,19,YIrSES,Not Returned,WH1,Good,False,True,False,True,False,80121,78.42456183630212,40060.5,4006.05,0
3179,1563,Shoes,9951,2,3,Mumbai,IND,,Yes,2.392617113275118,1,260,YIrSES,Not Returned,WH1,Good,False,True,True,False,False,19902,622.0804494515307,6634.0,76.25287356321839,0
310,1194,Mobile,98672,4,2,Hyderabad,IN,,Yes,1.545050025169524,2,471,OFF20,Not Returned,WH3,Good,False,False,True,False,False,394688,727.7185618548458,78937.6,836.2033898305085,0
2885,1192,Laptop,71780,1,1,Hyderabad,IN,,Yes,4.395321044938461,1,34,OFF20,Not Returned,WH1,Good,True,False,True,False,True,71780,149.44091552790766,35890.0,2050.8571428571427,0
3514,1999,Shoes,79066,4,2,Delhi,IN,,No,4.249218336563029,1,443,YIrSES,Not Returned,WH1,Bad,False,False,False,False,True,316264,1882.4037230974218,63252.8,712.3063063063063,0
3061,1130,Dress,13617,3,3,Delhi,IN,,Yes,3.7730383605922553,0,228,YIrSES,Not Returned,WH1,Good,False,False,False,False,True,40851,860.2527462150342,10212.75,178.3886462882096,0
1883,1770,Mobile,75560,4,3,Hyderabad,IND,,Yes,2.688094605866379,0,208,YIrSES,Returned,WH2,Good,True,False,False,False,True,302240,559.1236780202069,60448.0,1446.1244019138755,0
145,1193,Headphones,18330,2,2,Hyderabad,IND,,Yes,4.926902711375458,1,403,YIrSES,Returned,WH3,Average,True,False,False,True,False,36660,1985.5417926843097,12220.0,90.74257425742574,0
4610,1854,Headphones,82429,1,0,Delhi,India,2023-04-05,No,1.4963307412438265,2,129,OFF20,Returned,WH1,Good,False,True,False,False,False,82429,193.02666562045363,41214.5,634.0692307692308,0
130,1998,Headphones,59204,3,3,Mumbai,India,2023-04-05,Yes,2.2088102210081857,2,459,OFF20,Returned,WH2,Good,False,False,False,True,False,177612,1013.8438914427572,44403.0,386.11304347826086,0
4895,1081,Mobile,45957,3,2,Delhi,IND,2023-04-05,No,2.5058000111393315,0,421,YIrSES,Returned,WH2,Average,False,False,False,False,True,137871,1054.9418046896585,34467.75,326.7085308056872,0
951,1199,Shoes,75118,4,3,Hyderabad,IND,2023-04-05,N,1.938445494360104,1,271,YIrSES,Returned,WH2,Good,False,False,False,False,True,300472,525.3187289715881,60094.4,1104.6764705882354,0
3650,1589,Dress,28719,2,1,Hyderabad,India,,N,3.824260152342172,1,365,SAVE10,Returned,WH1,Good,False,False,False,False,True,57438,1395.8549556048927,19146.0,156.9344262295082,0
2786,1840,Dress,95570,3,1,Delhi,India,,Yes,2.243351169864141,0,216,SAVE10,Not Returned,WH3,Good,False,True,False,False,True,286710,484.56385269065447,71677.5,1321.2442396313363,0
4675,1703,Shoes,93936,4,1,Mumbai,India,,Y,4.658504297646653,2,9,SAVE10,Returned,WH2,Bad,False,True,True,False,False,375744,41.926538678819874,75148.8,37574.4,-1
3649,1894,Headphones,52570,1,3,Hyderabad,India,,Y,4.127911536572116,2,97,OFF20,Returned,WH3,Good,False,False,True,False,False,52570,400.40741904749524,26285.0,536.4285714285714,0
3727,1702,Headphones,22393,1,0,Hyderabad,IN,,Yes,2.5612584448333755,2,319,SAVE10,Returned,WH3,Bad,False,False,True,False,False,22393,817.0414439018468,11196.5,69.978125,0
3805,1652,Dress,85565,3,0,Delhi,India,,No,4.657644262405482,2,297,YIrSES,Returned,WH3,Bad,False,True,False,True,False,256695,1383.3203459344281,64173.75,861.3926174496644,0
666,1111,Headphones,74374,2,1,Delhi,India,2023-04-05,No,3.8274855334973865,1,6,YIrSES,Returned,WH3,Average,False,True,False,False,False,148748,22.96491320098432,49582.666666666664,21249.714285714286,1
1146,1287,Headphones,57139,2,0,Delhi,IND,,Yes,2.4916637458106443,2,335,OFF20,Returned,WH2,Good,False,True,False,False,False,114278,834.7073548465659,38092.666666666664,340.11309523809524,0
2270,1230,Headphones,38805,4,1,Mumbai,IN,,Yes,1.7291160591362895,2,10,OFF20,Not Returned,WH2,Bad,False,True,False,False,True,155220,17.291160591362896,31044.0,14110.90909090909,-1
4238,1787,Shoes,11275,2,2,Chennai,IND,,No,1.5275420785653866,2,22,YIrSES,Returned,WH2,Bad,False,True,False,False,False,22550,33.60592572843851,7516.666666666667,980.4347826086956,0
133,1198,Shoes,97093,2,0,Hyderabad,IND,,No,3.8619222188535662,0,200,OFF20,Not Returned,WH2,Bad,False,False,False,True,False,194186,772.3844437707132,64728.666666666664,966.0995024875622,0
1333,1244,Laptop,240,2,2,Hyderabad,IND,2023-04-05,N,3.686878262194882,2,482,OFF20,Returned,WH1,Bad,False,False,False,True,False,480,1777.0753223779332,160.0,0.9937888198757764,0
1688,1517,Headphones,57608,2,3,Mumbai,IND,,Yes,2.644732472599713,2,8,SAVE10,Not Returned,WH3,Bad,False,True,True,False,True,115216,21.157859780797704,38405.333333333336,12801.777777777777,-1
3756,1534,Mobile,25046,4,0,Hyderabad,IND,,Yes,4.434788972771079,0,161,YIrSES,Not Returned,WH1,Average,False,True,True,False,True,100184,714.0010246161437,20036.8,618.4197530864197,0
3624,1488,Dress,10629,2,3,Delhi,IND,,Yes,4.313274982250059,2,496,YIrSES,Not Returned,WH1,Bad,False,False,False,True,True,21258,2139.3843911960294,7086.0,42.772635814889334,0
2040,1398,Mobile,89255,4,0,Delhi,India,,No,1.067369507630722,1,336,SAVE10,Returned,WH1,Good,False,False,True,False,True,357020,358.63615456392256,71404.0,1059.406528189911,0
875,1465,Mobile,49584,2,3,Hyderabad,IN,2023-04-05,Yes,1.372519220718739,0,88,YIrSES,Returned,WH3,Average,False,False,True,False,True,99168,120.78169142324904,33056.0,1114.247191011236,0
1849,1474,Shoes,29509,1,1,Chennai,IND,,N,3.549825250288881,2,440,YIrSES,Not Returned,WH3,Average,False,True,False,False,True,29509,1561.9231101271075,14754.5,66.91383219954649,0
1043,1056,Shoes,21131,1,3,Mumbai,IN,,N,3.13579523572803,1,117,YIrSES,Not Returned,WH3,Average,False,True,False,False,True,21131,366.8880425801795,10565.5,179.07627118644066,0
1717,1135,Headphones,90087,3,3,Delhi,IN,,N,3.9144613559717465,1,295,YIrSES,Returned,WH1,Average,False,True,False,False,True,270261,1154.7661000116652,67565.25,913.043918918919,0
2498,1534,Laptop,67789,3,0,Chennai,India,,Y,1.742846135673119,2,200,YIrSES,Returned,WH2,Bad,True,False,False,False,True,203367,348.5692271346238,50841.75,1011.776119402985,0
1583,1165,Mobile,92431,4,2,Mumbai,India,,Y,1.8527450050061185,2,155,YIrSES,Returned,WH2,Good,True,False,False,False,False,369724,287.17547577594837,73944.8,2370.025641025641,0
3556,1506,Laptop,13640,4,3,Hyderabad,IN,,N,2.379874242779118,1,358,YIrSES,Not Returned,WH3,Good,False,False,True,False,False,54560,851.9949789149243,10912.0,151.97771587743733,0
90,1129,Dress,24260,1,3,Chennai,India,2023-04-05,N,2.3443758394049143,0,290,SAVE10,Not Returned,WH2,Good,False,False,False,False,True,24260,679.8689934274252,12130.0,83.36769759450172,0
2926,1359,Laptop,89285,4,2,Delhi,IN,,No,3.809317978460436,0,450,OFF20,Not Returned,WH3,Good,False,False,False,False,True,357140,1714.1930903071961,71428.0,791.8847006651885,0
161,1419,Shoes,79082,3,3,Delhi,India,,Y,1.8403300259216984,2,408,SAVE10,Not Returned,WH2,Good,False,False,False,False,False,237246,750.8546505760529,59311.5,580.0635696821516,0
3195,1378,Shoes,25668,1,0,Chennai,IND,,N,1.4695167422094486,2,148,SAVE10,Not Returned,WH3,Bad,False,False,True,False,False,25668,217.4884778469984,12834.0,172.26845637583892,0
3645,1863,Shoes,29152,1,3,Hyderabad,IN,,No,1.829471325888484,0,414,SAVE10,Returned,WH3,Bad,False,True,True,False,False,29152,757.4011289178324,14576.0,70.24578313253012,0
4161,1413,Laptop,1132,4,1,Mumbai,IN,2023-04-05,N,2.556745932532257,1,36,SAVE10,Returned,WH2,Bad,True,False,False,True,False,4528,92.04285357116126,905.6,122.37837837837837,0
1066,1490,Laptop,42667,1,1,Hyderabad,IN,2023-04-05,N,3.711468089330464,1,436,OFF20,Returned,WH2,Bad,True,False,False,False,False,42667,1618.2000869480823,21333.5,97.63615560640733,0
274,1312,Headphones,73458,4,0,Hyderabad,India,,N,4.432067851706481,1,187,OFF20,Returned,WH3,Average,True,False,True,False,True,293832,828.796688269112,58766.4,1562.936170212766,0
3411,1349,Mobile,72925,1,0,Hyderabad,IN,,Y,1.3131834944613132,1,138,OFF20,Not Returned,WH2,Average,False,True,False,False,True,72925,181.21932223566122,36462.5,524.6402877697842,0
1643,1411,Mobile,23194,3,3,Hyderabad,India,,No,1.065054342614371,1,439,YIrSES,Not Returned,WH2,Good,False,True,False,True,True,69582,467.5588564077089,17395.5,158.1409090909091,0
1027,1984,Dress,71749,1,3,Mumbai,India,,Y,3.780633884115642,1,318,YIrSES,Returned,WH1,Bad,False,True,False,True,True,71749,1202.2415751487742,35874.5,224.91849529780563,0
1421,1526,Headphones,84525,2,3,Hyderabad,IND,,Yes,1.0960842139954798,1,110,OFF20,Returned,WH1,Bad,False,True,True,False,True,169050,120.56926353950278,56350.0,1522.972972972973,0
4921,1483,Dress,83330,2,0,Hyderabad,India,,No,4.552871745583536,1,170,OFF20,Returned,WH1,Bad,False,True,False,True,True,166660,773.988196749201,55553.333333333336,974.6198830409356,0
4413,1137,Dress,11502,4,0,Mumbai,India,,Yes,2.498213797692169,1,262,OFF20,Not Returned,WH2,Bad,False,True,True,False,True,46008,654.5320149953483,9201.6,174.93536121673003,0
131,1467,Dress,76521,1,1,Mumbai,IN,,Yes,4.751602000039309,1,227,YIrSES,Not Returned,WH3,Average,True,False,True,False,False,76521,1078.6136540089233,38260.5,335.61842105263156,0
1360,1888,Mobile,83780,3,2,Chennai,IND,2023-04-05,Y,2.5211632875251766,0,386,SAVE10,Returned,WH1,Average,False,True,False,True,False,251340,973.1690289847181,62835.0,649.4573643410853,0
361,1238,Laptop,1814,4,3,Mumbai,IND,2023-04-05,Y,2.4084136991481198,0,301,SAVE10,Not Returned,WH1,Bad,False,False,False,False,False,7256,724.932523443584,1451.2,24.026490066225165,0
2265,1949,Shoes,55396,2,0,Mumbai,IN,2023-04-05,Y,2.759206524205192,1,480,YIrSES,Not Returned,WH2,Bad,False,False,True,False,True,110792,1324.4191316184922,36930.666666666664,230.33679833679832,0
3849,1440,Laptop,43675,3,0,Mumbai,IND,,N,1.3123668862596682,1,470,OFF20,Not Returned,WH3,Bad,False,False,True,False,True,131025,616.8124365420441,32756.25,278.18471337579615,0
3075,1308,Mobile,94651,3,3,Chennai,IND,,Yes,3.550390447550677,0,384,YIrSES,Returned,WH2,Bad,False,True,False,True,False,283953,1363.34993185946,70988.25,737.5402597402598,0
502,1735,Dress,71979,3,3,Mumbai,India,,Yes,1.0985664234693653,1,167,SAVE10,Returned,WH2,Average,False,True,False,False,False,215937,183.460592719384,53984.25,1285.3392857142858,0
298,1771,Laptop,52785,1,0,Mumbai,IN,,Yes,2.1428306042710483,0,138,SAVE10,Not Returned,WH2,Good,False,False,False,False,False,52785,295.71062338940465,26392.5,379.7482014388489,0
1388,1621,Headphones,11020,3,2,Mumbai,IN,2023-04-05,Y,2.404900943275653,0,265,YIrSES,Returned,WH2,Good,True,False,False,False,False,33060,637.2987499680481,8265.0,124.28571428571429,0
3238,1897,Dress,12276,3,2,Hyderabad,IN,,Y,1.357753817345415,2,444,SAVE10,Not Returned,WH3,Average,False,False,True,False,False,36828,602.8426949013642,9207.0,82.75955056179775,0
332,1489,Laptop,95146,4,0,Mumbai,IN,,No,4.503759691072975,2,404,SAVE10,Not Returned,WH3,Average,False,False,False,False,False,380584,1819.5189151934821,76116.8,939.7135802469136,0
1725,1802,Headphones,7221,3,0,Hyderabad,IN,,No,2.618279850323725,0,32,SAVE10,Not Returned,WH3,Good,True,False,False,False,False,21663,83.7849552103592,5415.75,656.4545454545455,0
1251,1021,Shoes,810,4,0,Chennai,IN,,N,4.502967263838123,2,451,OFF20,Returned,WH3,Good,False,False,False,False,True,3240,2030.8382359909933,648.0,7.168141592920354,0
235,1357,Headphones,83056,1,0,Chennai,IND,,Yes,1.5090306676817158,1,310,OFF20,Returned,WH1,Good,False,False,False,True,True,83056,467.7995069813319,41528.0,267.0610932475884,0
2123,1211,Headphones,69524,1,0,Delhi,IND,,N,2.0967463442619114,1,248,SAVE10,Returned,WH1,Good,False,True,False,True,True,69524,519.993093376954,34762.0,279.2128514056225,0
1739,1157,Headphones,55920,3,3,Delhi,IND,2023-04-05,Yes,2.5945426925323734,0,149,YIrSES,Returned,WH1,Average,False,True,False,True,True,167760,386.5868611873236,41940.0,1118.4,0
234,1562,Shoes,63396,3,1,Delhi,IND,,No,2.1680632955266725,0,68,OFF20,Returned,WH3,Average,False,True,False,False,False,190188,147.42830409581373,47547.0,2756.3478260869565,0
1601,1740,Laptop,33481,1,1,Delhi,IND,2023-04-05,No,3.4628617118790666,0,264,OFF20,Returned,WH3,Good,False,True,False,True,False,33481,914.1954919360736,16740.5,126.3433962264151,0
751,1430,Dress,93264,4,3,Delhi,IND,,Y,4.964631133844877,2,90,OFF20,Returned,WH2,Good,False,True,False,False,True,373056,446.81680204603896,74611.2,4099.516483516483,0
1712,1599,Shoes,93597,3,2,Mumbai,IN,,Y,3.485546829445501,2,370,YIrSES,Returned,WH3,Good,True,False,False,True,True,280791,1289.6523268948354,70197.75,756.8490566037735,0
3748,1751,Shoes,78715,3,1,Mumbai,IN,,No,2.243467035310189,1,203,YIrSES,Returned,WH2,Average,True,False,True,False,True,236145,455.42380816796833,59036.25,1157.5735294117646,0
2932,1599,Mobile,96349,4,1,Chennai,India,,No,4.907985158922043,0,384,YIrSES,Returned,WH3,Average,False,False,False,False,True,385396,1884.6663010260645,77079.2,1001.0285714285715,0
3564,1264,Dress,7501,3,3,Mumbai,IND,,N,3.938519100138441,1,433,SAVE10,Not Returned,WH2,Average,False,False,False,False,True,22503,1705.3787703599448,5625.75,51.85023041474654,0
962,1854,Headphones,76535,4,3,Mumbai,India,,Y,3.837977964236536,1,352,YIrSES,Not Returned,WH1,Good,False,False,False,False,True,306140,1350.9682434112606,61228.0,867.2521246458923,0
3260,1427,Headphones,77824,4,3,Chennai,IND,,N,4.088448934850082,0,159,OFF20,Returned,WH3,Bad,False,False,True,False,True,311296,650.0633806411631,62259.2,1945.6,0
4141,1819,Mobile,57388,1,3,Chennai,IND,,No,3.813382233331383,2,459,OFF20,Not Returned,WH3,Bad,False,False,False,True,True,57388,1750.3424450991047,28694.0,124.75652173913043,0
707,1455,Shoes,42307,3,3,Chennai,IN,,Y,2.565100651923625,0,37,SAVE10,Not Returned,WH3,Good,False,True,True,False,False,126921,94.90872412117413,31730.25,3340.0263157894738,0
1788,1666,Shoes,76383,1,0,Delhi,India,,Y,2.9588366617533883,0,362,OFF20,Returned,WH1,Good,False,True,False,True,False,76383,1071.0988715547267,38191.5,210.4214876033058,0
1485,1940,Dress,83556,1,3,Delhi,India,,Yes,1.6312254809167968,0,292,YIrSES,Returned,WH2,Average,True,False,False,False,False,83556,476.31784042770465,41778.0,285.1740614334471,0
664,1530,Dress,9546,2,1,Delhi,India,,N,4.62811474840627,0,34,OFF20,Not Returned,WH3,Average,True,False,False,False,False,19092,157.3559014458132,6364.0,545.4857142857143,0
2051,1634,Dress,8564,3,3,Mumbai,IND,,N,4.417625963809964,1,457,OFF20,Not Returned,WH3,Bad,True,False,False,False,False,25692,2018.8550654611538,6423.0,56.096069868995635,0
1894,1587,Mobile,14152,2,2,Hyderabad,IN,2023-04-05,N,3.3755475351490483,2,27,OFF20,Not Returned,WH3,Bad,True,False,True,False,True,28304,91.1397834490243,9434.666666666666,1010.8571428571429,0
4482,1343,Shoes,28955,2,2,Delhi,India,,N,4.157750979527681,1,299,SAVE10,Not Returned,WH2,Good,False,False,True,False,True,57910,1243.1675428787767,19303.333333333332,193.03333333333333,0
3404,1679,Dress,33248,2,2,Hyderabad,IND,,Yes,1.8648460469008643,1,226,YIrSES,Returned,WH2,Average,False,False,False,True,True,66496,421.45520659959533,22165.333333333332,292.93392070484583,0
4363,1551,Shoes,72636,1,3,Chennai,IND,,Y,3.10058505372871,1,330,YIrSES,Returned,WH3,Good,False,False,False,True,True,72636,1023.1930677304744,36318.0,219.44410876132932,0
2891,1188,Dress,64704,1,3,Mumbai,India,,No,3.28847561814458,1,280,SAVE10,Not Returned,WH3,Good,False,False,False,False,False,64704,920.7731730804824,32352.0,230.26334519572953,0
3595,1543,Laptop,93767,1,3,Chennai,IND,,No,1.1146902930787448,0,116,SAVE10,Returned,WH3,Good,False,False,False,False,True,93767,129.3040739971344,46883.5,801.4273504273505,0
1290,1932,Laptop,92176,2,2,Delhi,IND,,No,4.6058542718115305,2,83,SAVE10,Returned,WH1,Average,False,False,False,True,True,184352,382.28590456035704,61450.666666666664,2194.6666666666665,0
4886,1275,Laptop,16659,2,2,Delhi,IND,,No,4.950574407166863,1,277,YIrSES,Not Returned,WH3,Average,False,False,True,False,True,33318,1371.3091107852213,11106.0,119.84892086330935,0
1079,1441,Mobile,14222,1,3,Chennai,IND,2023-04-05,Yes,1.5188130192067415,2,279,YIrSES,Not Returned,WH3,Average,False,True,True,False,True,14222,423.7488323586809,7111.0,50.792857142857144,0
2862,1275,Mobile,45145,3,3,Delhi,India,2023-04-05,Yes,2.0146574614517534,0,495,SAVE10,Not Returned,WH2,Average,False,False,True,False,True,135435,997.2554434186179,33858.75,273.054435483871,0
4642,1934,Mobile,73548,4,3,Delhi,India,,Yes,3.8561078309110495,0,185,SAVE10,Returned,WH1,Average,False,True,True,False,True,294192,713.3799487185441,58838.4,1581.6774193548388,0
1831,1141,Headphones,8680,3,1,Mumbai,India,,Yes,3.3121781098454592,1,199,SAVE10,Not Returned,WH1,Average,True,False,False,True,True,26040,659.1234438592464,6510.0,130.2,0
2701,1298,Mobile,44767,2,1,Delhi,India,2023-04-05,Yes,3.834844131845192,2,470,SAVE10,Not Returned,WH1,Bad,False,False,True,False,True,89534,1802.3767419672402,29844.666666666668,190.09341825902337,0
2471,1778,Dress,70372,1,2,Delhi,India,2023-04-05,Y,1.571063131795266,2,438,YIrSES,Not Returned,WH3,Average,False,False,True,False,False,70372,688.1256517263265,35186.0,160.30068337129842,0
4266,1728,Mobile,30942,2,1,Chennai,India,2023-04-05,N,3.9068058860246846,1,298,SAVE10,Not Returned,WH1,Average,False,False,True,False,True,61884,1164.228154035356,20628.0,206.96989966555185,0
526,1321,Dress,57528,3,1,Delhi,IND,,N,2.790084069254144,0,495,SAVE10,Not Returned,WH3,Average,True,False,True,False,True,172584,1381.0916142808012,43146.0,347.9516129032258,0
4565,1115,Mobile,65643,1,2,Mumbai,IN,2023-04-05,Y,4.907186172504296,0,317,YIrSES,Not Returned,WH3,Bad,False,False,False,False,True,65643,1555.5780166838617,32821.5,206.4245283018868,0
963,1948,Mobile,54116,3,3,Mumbai,India,2023-04-05,Y,2.5278742809480628,2,173,YIrSES,Not Returned,WH3,Bad,False,True,False,False,True,162348,437.32225060401487,40587.0,933.0344827586207,0
4904,1918,Headphones,19408,2,1,Mumbai,IND,2023-04-05,No,2.2804137907117616,1,107,SAVE10,Not Returned,WH3,Average,False,True,True,False,False,38816,244.0042756061585,12938.666666666666,359.4074074074074,0
1317,1926,Dress,14124,1,1,Mumbai,IND,2023-04-05,No,4.123729962875997,1,85,SAVE10,Not Returned,WH2,Average,True,False,False,False,True,14124,350.51704684445974,7062.0,164.2325581395349,0
213,1635,Dress,22310,2,0,Hyderabad,IND,2023-04-05,No,4.241290167196177,1,50,OFF20,Returned,WH1,Average,True,False,False,True,False,44620,212.06450835980885,14873.333333333334,874.9019607843137,0
1222,1214,Mobile,32795,2,2,Chennai,IND,2023-04-05,No,3.0840622697495435,2,465,SAVE10,Not Returned,WH1,Average,False,False,False,False,False,65590,1434.0889554335376,21863.333333333332,140.75107296137338,0
2142,1525,Dress,50731,4,2,Hyderabad,IND,2023-04-05,N,3.4439039483283977,0,427,SAVE10,Not Returned,WH1,Bad,False,False,True,False,False,202924,1470.5469859362258,40584.8,474.1214953271028,0
4172,1689,Shoes,23491,2,3,Hyderabad,IN,,N,4.405702931835101,0,299,YIrSES,Not Returned,WH3,Average,False,True,True,False,True,46982,1317.3051766186952,15660.666666666666,156.60666666666665,0
4219,1087,Mobile,47074,3,0,Hyderabad,IN,,Yes,4.129537998398835,1,205,OFF20,Returned,WH3,Bad,False,False,True,False,False,141222,846.5552896717611,35305.5,685.5436893203884,0
1971,1128,Shoes,97688,3,0,Delhi,India,,N,3.1131879948822028,2,163,OFF20,Returned,WH3,Bad,False,False,True,False,False,293064,507.44964316579905,73266.0,1786.9756097560976,0
4638,1698,Mobile,37304,1,1,Chennai,India,2023-04-05,No,2.25642607678826,1,374,YIrSES,Returned,WH1,Average,False,False,False,True,False,37304,843.9033527188093,18652.0,99.47733333333333,0
1862,1787,Headphones,95424,1,3,Chennai,India,,Yes,2.69259472667784,2,179,SAVE10,Returned,WH2,Average,False,False,False,True,False,95424,481.9744560753333,47712.0,530.1333333333333,0
348,1108,Dress,49814,1,2,Chennai,India,,Y,3.810391138649389,2,25,SAVE10,Returned,WH1,Bad,False,True,False,True,False,49814,95.25977846623472,24907.0,1915.923076923077,0
337,1405,Dress,36209,4,1,Mumbai,India,2023-04-05,N,3.1695008947474146,0,241,SAVE10,Returned,WH1,Bad,False,False,False,False,False,144836,763.8497156341269,28967.2,598.4958677685951,0
147,1493,Mobile,88092,4,2,Chennai,India,2023-04-05,No,2.74257070649996,1,204,YIrSES,Returned,WH1,Good,False,True,False,True,False,352368,559.4844241259918,70473.6,1718.8682926829267,0
2438,1077,Mobile,80697,4,0,Hyderabad,IN,2023-04-05,Yes,1.937550177856953,1,479,OFF20,Returned,WH3,Good,True,False,False,True,True,322788,928.0865351934805,64557.6,672.475,0
2514,1772,Laptop,16900,1,0,Mumbai,IN,2023-04-05,Yes,1.6231455982390663,1,369,OFF20,Returned,WH3,Good,False,True,False,False,True,16900,598.9407257502155,8450.0,45.67567567567568,0
353,1014,Shoes,82149,3,2,Hyderabad,India,,N,1.1576405596758628,2,338,OFF20,Returned,WH1,Bad,False,True,True,False,False,246447,391.28250917044164,61611.75,726.9823008849557,0
1441,1201,Shoes,67476,3,0,Chennai,IND,,No,3.1246916930761963,0,466,OFF20,Returned,WH2,Average,False,False,True,False,False,202428,1456.1063289735075,50607.0,433.46466809421844,0
3973,1584,Headphones,7695,2,0,Delhi,India,,No,2.8028454086118693,0,82,SAVE10,Returned,WH1,Good,False,True,True,False,False,15390,229.8333235061733,5130.0,185.42168674698794,0
1000,1867,Dress,89952,3,0,Mumbai,India,,No,4.840895960762258,0,191,SAVE10,Returned,WH3,Good,False,False,False,True,False,269856,924.6111285055913,67464.0,1405.5,0
954,1101,Dress,68096,3,3,Mumbai,India,,Yes,2.3918695714472755,2,492,OFF20,Returned,WH2,Good,False,False,False,True,False,204288,1176.7998291520596,51072.0,414.3772819472617,0
2598,1094,Dress,28913,3,1,Mumbai,IND,2023-04-05,No,1.4336732714791305,0,357,OFF20,Returned,WH1,Good,True,False,False,True,False,86739,511.82135791804956,21684.75,242.2877094972067,0
3337,1733,Shoes,13391,4,1,Mumbai,IN,,No,1.917462665367943,2,417,OFF20,Returned,WH1,Average,True,False,False,False,False,53564,799.5819314584322,10712.8,128.14354066985646,0
3766,1872,Dress,59326,2,1,Hyderabad,IN,,No,2.602076521773325,2,286,YIrSES,Returned,WH2,Average,True,False,True,False,True,118652,744.1938852271709,39550.666666666664,413.42160278745644,0
1158,1780,Laptop,44200,3,0,Delhi,IN,,No,1.117811904452343,0,122,YIrSES,Returned,WH2,Bad,True,False,True,False,True,132600,136.37305234318583,33150.0,1078.0487804878048,0
3847,1595,Dress,97841,2,2,Mumbai,India,,Yes,1.1869093382946692,2,354,OFF20,Returned,WH3,Bad,False,False,False,True,True,195682,420.1659057563129,65227.333333333336,551.2169014084507,0
2312,1115,Dress,99236,4,0,Mumbai,India,,No,2.970700988970497,2,180,YIrSES,Returned,WH3,Bad,False,False,False,False,False,396944,534.7261780146895,79388.8,2193.060773480663,0
4887,1960,Dress,76834,1,0,Hyderabad,India,,No,1.4023023931514027,0,175,OFF20,Returned,WH3,Bad,True,False,True,False,True,76834,245.40291880149547,38417.0,436.5568181818182,0
1406,1362,Headphones,64771,4,0,Chennai,India,2023-04-05,Yes,3.2444480504684385,0,418,YIrSES,Not Returned,WH3,Bad,False,True,True,False,True,259084,1356.1792850958072,51816.8,618.3389021479713,0
1992,1442,Mobile,36752,4,1,Delhi,India,2023-04-05,Yes,1.862967134464044,1,82,OFF20,Returned,WH2,Bad,False,True,True,False,True,147008,152.7633050260516,29401.6,1771.1807228915663,0
4670,1688,Mobile,7395,3,2,Delhi,IN,2023-04-05,N,4.326826104855588,0,86,OFF20,Returned,WH2,Good,True,False,True,False,False,22185,372.10704501758056,5546.25,255.0,0
3216,1394,Laptop,5979,1,0,Chennai,IND,2023-04-05,N,2.326004934874248,0,492,YIrSES,Not Returned,WH2,Good,False,True,True,False,False,5979,1144.39442795813,2989.5,12.127789046653144,0
1432,1934,Dress,45565,3,2,Chennai,India,2023-04-05,N,3.53290507305028,0,487,YIrSES,Not Returned,WH1,Bad,False,True,False,True,True,136695,1720.5247705754864,34173.75,280.11270491803276,0
1548,1305,Laptop,30761,1,2,Chennai,IND,,N,3.796908811145437,1,417,YIrSES,Not Returned,WH1,Good,False,True,False,True,True,30761,1583.3109742476472,15380.5,73.5909090909091,0
4748,1019,Laptop,85582,2,1,Hyderabad,IND,,Yes,3.114346413541646,1,420,OFF20,Returned,WH1,Good,False,True,False,True,True,171164,1308.0254936874915,57054.666666666664,406.56532066508316,0
3881,1449,Mobile,29738,3,3,Mumbai,IND,,No,1.3071347913247569,2,10,OFF20,Returned,WH1,Good,True,False,False,True,True,89214,13.071347913247568,22303.5,8110.363636363636,0
2082,1402,Shoes,53937,4,3,Hyderabad,IN,2023-04-05,No,2.5137843884559428,2,49,OFF20,Returned,WH1,Good,False,True,False,True,True,215748,123.17543503434119,43149.6,4314.96,0
4986,1633,Mobile,89263,2,2,Hyderabad,India,,No,1.7634245540941045,2,298,YIrSES,Returned,WH3,Bad,False,True,False,True,True,178526,525.5005171200431,59508.666666666664,597.0769230769231,0
4459,1969,Laptop,97200,1,0,Hyderabad,India,,N,1.265963171281125,0,340,SAVE10,Returned,WH3,Bad,False,False,False,True,False,97200,430.4274782355825,48600.0,285.04398826979474,0
4064,1937,Shoes,17266,2,3,Hyderabad,IN,,N,2.7006345119590134,0,248,SAVE10,Returned,WH2,Bad,True,False,False,True,False,34532,669.7573589658354,11510.666666666666,138.68273092369478,0
3366,1212,Shoes,65022,2,0,Hyderabad,IN,,N,1.439786598438714,0,430,SAVE10,Returned,WH3,Bad,False,False,False,False,True,130044,619.108237328647,43348.0,301.72621809744777,0
3472,1021,Dress,77551,4,1,Hyderabad,IN,2023-04-05,Yes,3.245130060638975,0,410,OFF20,Returned,WH3,Bad,False,False,False,False,False,310204,1330.5033248619798,62040.8,754.7542579075425,0
2141,1338,Shoes,77747,4,1,Chennai,India,,Yes,1.306893308167571,2,401,OFF20,Returned,WH3,Bad,False,False,True,False,True,310988,524.064216575196,62197.6,773.6019900497513,0
4461,1521,Shoes,98930,1,1,Hyderabad,IN,2023-04-05,Y,1.3899409114733872,2,360,SAVE10,Returned,WH1,Good,False,True,False,True,False,98930,500.3787281304194,49465.0,274.0443213296399,0
126,1262,Dress,64675,4,1,Delhi,IND,,No,1.4735520139602154,0,166,SAVE10,Returned,WH2,Good,False,True,True,False,False,258700,244.60963431739575,51740.0,1549.1017964071857,0
1503,1914,Laptop,86035,1,0,Hyderabad,IN,2023-04-05,No,1.4263003698918668,0,130,YIrSES,Not Returned,WH1,Good,False,False,True,False,False,86035,185.41904808594268,43017.5,656.7557251908397,0
746,1101,Headphones,93879,2,1,Hyderabad,India,,N,4.620619056268193,1,175,YIrSES,Returned,WH1,Good,False,False,False,True,False,187758,808.6083348469339,62586.0,1066.8068181818182,0
3505,1623,Headphones,50344,1,1,Delhi,India,,N,3.6872926242678736,0,234,SAVE10,Not Returned,WH2,Average,False,True,True,False,False,50344,862.8264740786824,25172.0,214.22978723404256,0
732,1401,Laptop,27694,2,0,Delhi,IND,,N,2.9256456183456776,0,256,SAVE10,Returned,WH2,Average,True,False,False,False,False,55388,748.9652782964935,18462.666666666668,215.51750972762645,0
566,1716,Dress,4573,1,3,Delhi,India,,N,4.090459837927612,0,141,OFF20,Returned,WH2,Average,True,False,False,False,False,4573,576.7548371477933,2286.5,32.20422535211268,0
2671,1578,Mobile,27198,2,0,Chennai,IN,,Y,2.7663035194446635,0,178,OFF20,Not Returned,WH1,Average,False,False,True,False,False,54396,492.4020264611501,18132.0,303.8882681564246,0
3023,1607,Dress,17440,4,0,Hyderabad,IN,,No,2.0563526614397296,0,456,OFF20,Returned,WH3,Good,False,False,False,True,True,69760,937.6968136165167,13952.0,152.64770240700219,0
4931,1355,Laptop,49451,3,1,Mumbai,India,,No,3.263650274811165,1,327,OFF20,Returned,WH3,Good,True,False,False,True,False,148353,1067.213639863251,37088.25,452.2957317073171,0
3219,1682,Laptop,18570,1,1,Delhi,IN,,Yes,3.7005013137520217,1,384,SAVE10,Not Returned,WH1,Good,False,False,False,False,True,18570,1420.9925044807765,9285.0,48.23376623376623,0
2552,1203,Laptop,5029,2,3,Chennai,IN,,Yes,2.3525535423693773,0,128,SAVE10,Not Returned,WH3,Good,False,False,False,False,False,10058,301.1268534232803,3352.6666666666665,77.96899224806202,0
3712,1172,Headphones,31350,2,0,Chennai,IN,,No,4.372997251303265,0,109,YIrSES,Returned,WH3,Bad,True,False,False,False,False,62700,476.6567003920559,20900.0,570.0,0
21,1942,Shoes,93607,4,0,Chennai,IND,,Y,1.9012992529042867,0,116,OFF20,Not Returned,WH2,Good,False,False,False,False,False,374428,220.55071333689725,74885.6,3200.2393162393164,0
3206,1143,Headphones,84589,2,2,Hyderabad,IND,2023-04-05,N,2.0149148479245795,2,210,SAVE10,Not Returned,WH2,Bad,False,False,False,True,False,169178,423.1321180641617,56392.666666666664,801.7914691943128,0
3809,1859,Dress,29864,2,2,Delhi,IND,2023-04-05,N,1.1098490462754451,0,467,YIrSES,Not Returned,WH1,Bad,False,False,True,False,True,59728,518.2995046106329,19909.333333333332,127.62393162393163,0
2673,1716,Laptop,55328,2,1,Hyderabad,IND,2023-04-05,Y,4.467345443942328,0,67,YIrSES,Not Returned,WH1,Bad,True,False,True,False,False,110656,299.312144744136,36885.333333333336,1627.2941176470588,0
4704,1481,Headphones,34110,1,2,Hyderabad,India,2023-04-05,Yes,1.1306233781904034,2,139,YIrSES,Not Returned,WH2,Bad,True,False,False,False,True,34110,157.15664956846607,17055.0,243.64285714285714,0
2820,1456,Shoes,57681,4,0,Hyderabad,India,2023-04-05,Y,3.477994284440149,1,456,SAVE10,Not Returned,WH2,Average,True,False,False,False,True,230724,1585.965393704708,46144.8,504.8665207877462,0
3641,1123,Mobile,94581,3,2,Hyderabad,IND,,Yes,3.516599844453223,2,174,OFF20,Not Returned,WH2,Average,True,False,False,False,True,283743,611.8883729348609,70935.75,1621.3885714285714,0
671,1531,Laptop,626,3,2,Hyderabad,IN,2023-04-05,No,2.3135634049557705,2,239,YIrSES,Not Returned,WH1,Good,False,False,False,True,True,1878,552.9416537844291,469.5,7.825,0
1919,1653,Laptop,87847,3,0,Mumbai,IND,2023-04-05,N,1.3044651042244864,2,282,YIrSES,Returned,WH2,Good,True,False,False,True,False,263541,367.8591593913051,65885.25,931.2402826855124,0
883,1293,Laptop,62286,2,2,Delhi,IN,,Yes,1.977227056902175,0,74,OFF20,Returned,WH2,Average,False,False,False,True,False,124572,146.31480221076094,41524.0,1660.96,0
4005,1296,Laptop,23646,1,0,Chennai,India,,Y,3.833749870930673,0,142,OFF20,Returned,WH2,Good,False,False,False,True,False,23646,544.3924816721556,11823.0,165.35664335664336,0
316,1281,Headphones,98963,2,3,Hyderabad,IN,,Y,3.609807643202988,0,66,YIrSES,Not Returned,WH2,Good,False,False,False,False,False,197926,238.2473044513972,65975.33333333333,2954.1194029850744,0
2509,1878,Headphones,22511,4,1,Hyderabad,India,,N,4.940820257290591,1,44,YIrSES,Not Returned,WH2,Good,False,False,False,False,False,90044,217.396091320786,18008.8,2000.9777777777779,0
2804,1739,Headphones,60358,1,2,Chennai,India,,Yes,1.838321219141115,1,175,OFF20,Not Returned,WH2,Average,True,False,False,True,False,60358,321.70621334969513,30179.0,342.9431818181818,0
3432,1413,Dress,37470,2,3,Chennai,IN,,No,1.5821252567247424,1,431,YIrSES,Not Returned,WH2,Average,True,False,False,True,False,74940,681.895985648364,24980.0,173.47222222222223,0
4155,1776,Mobile,28254,1,1,Delhi,India,2023-04-05,N,3.955116131554147,1,228,YIrSES,Not Returned,WH2,Average,False,True,True,False,False,28254,901.7664779943456,14127.0,123.37991266375546,0
3873,1375,Laptop,7475,4,2,Hyderabad,India,,Yes,3.8089225752830576,1,33,SAVE10,Not Returned,WH2,Average,False,True,False,False,False,29900,125.6944449843409,5980.0,879.4117647058823,0
2537,1069,Laptop,75220,4,3,Delhi,India,,No,3.81555947230749,2,238,SAVE10,Not Returned,WH1,Bad,False,False,False,False,False,300880,908.1031544091826,60176.0,1258.9121338912134,0
115,1139,Laptop,51194,1,0,Delhi,IND,,No,2.812157681327511,2,493,SAVE10,Returned,WH1,Average,False,False,True,False,False,51194,1386.3937368944628,25597.0,103.63157894736842,0
1732,1163,Shoes,52660,3,0,Chennai,India,2023-04-05,Y,4.719990802618805,2,104,YIrSES,Not Returned,WH3,Average,True,False,False,False,False,157980,490.87904347235576,39495.0,1504.5714285714287,0
3768,1983,Mobile,51006,1,0,Chennai,IND,2023-04-05,Y,3.976709879796435,2,354,OFF20,Returned,WH3,Average,True,False,False,False,True,51006,1407.755297447938,25503.0,143.67887323943663,0
1784,1852,Mobile,49638,3,0,Delhi,IN,,Y,2.756828210937291,1,200,OFF20,Not Returned,WH2,Average,True,False,False,False,True,148914,551.3656421874582,37228.5,740.8656716417911,0
2863,1491,Mobile,98625,1,0,Chennai,IND,,No,3.723303304611981,1,452,YIrSES,Returned,WH2,Average,False,True,True,False,False,98625,1682.9330936846154,49312.5,217.71523178807948,0
60,1899,Shoes,88068,1,2,Delhi,IND,,Yes,1.4862415637230773,2,207,OFF20,Returned,WH2,Average,False,True,True,False,False,88068,307.65200369067696,44034.0,423.40384615384613,0
2020,1839,Laptop,61165,3,1,Delhi,IN,2023-04-05,Yes,4.753989102362114,1,54,OFF20,Not Returned,WH2,Bad,False,False,True,False,True,183495,256.7154115275542,45873.75,3336.2727272727275,0
652,1980,Dress,15831,1,3,Mumbai,IND,,N,2.473810752642986,0,485,OFF20,Returned,WH1,Bad,False,True,True,False,True,15831,1199.7982150318483,7915.5,32.574074074074076,0
1869,1414,Mobile,41801,3,0,Mumbai,India,2023-04-05,N,1.9042422247565731,0,171,OFF20,Not Returned,WH2,Average,False,True,False,False,True,125403,325.625420433374,31350.75,729.0872093023256,0
2933,1740,Laptop,73614,3,2,Delhi,India,,N,1.266942333276551,1,274,OFF20,Not Returned,WH3,Average,False,True,False,False,False,220842,347.142199317775,55210.5,803.0618181818181,0
180,1088,Laptop,86745,2,0,Delhi,India,,N,2.2040185116237936,0,169,YIrSES,Returned,WH1,Average,True,False,False,True,False,173490,372.47912846442114,57830.0,1020.5294117647059,0
1625,1281,Laptop,76173,4,3,Mumbai,IN,2023-04-05,Yes,2.902880187185064,0,340,YIrSES,Not Returned,WH3,Bad,False,True,False,False,False,304692,986.9792636429218,60938.4,893.524926686217,0
3955,1299,Dress,94845,4,3,Mumbai,India,2023-04-05,Yes,1.5949199065664792,0,430,YIrSES,Not Returned,WH2,Good,True,False,True,False,False,379380,685.815559823586,75876.0,880.2320185614849,0
4700,1889,Headphones,76033,3,3,Chennai,India,2023-04-05,No,1.731141148809202,1,193,OFF20,Not Returned,WH2,Bad,False,False,True,False,True,228099,334.11024172017596,57024.75,1175.7680412371135,0
2199,1817,Laptop,7447,4,3,Mumbai,India,2023-04-05,N,3.896383540477965,2,363,YIrSES,Returned,WH3,Bad,False,True,True,False,True,29788,1414.3872251935013,5957.6,81.83516483516483,0
4767,1098,Laptop,44175,3,1,Chennai,IN,2023-04-05,Yes,2.263673705793324,0,424,OFF20,Not Returned,WH3,Bad,True,False,True,False,True,132525,959.7976512563694,33131.25,311.8235294117647,0
283,1649,Headphones,29644,2,2,Chennai,IND,2023-04-05,No,2.8452779798081544,0,270,OFF20,Not Returned,WH3,Average,True,False,True,False,False,59288,768.2250545482017,19762.666666666668,218.7749077490775,0
514,1699,Shoes,4818,4,1,Mumbai,IN,2023-04-05,No,1.4085037096544153,0,178,OFF20,Returned,WH1,Average,True,False,True,False,True,19272,250.71366031848592,3854.4,107.66480446927375,0
4326,1086,Shoes,4585,3,0,Delhi,IN,2023-04-05,No,2.5188043086896963,0,150,OFF20,Not Returned,WH2,Bad,True,False,True,False,False,13755,377.82064630345445,3438.75,91.09271523178808,0
818,1022,Shoes,96003,2,0,Delhi,IN,2023-04-05,No,1.5655139607636197,0,407,OFF20,Not Returned,WH2,Average,False,False,False,True,False,192006,637.1641820307932,64002.0,470.6029411764706,0
4302,1246,Laptop,57905,4,0,Delhi,IN,,Y,1.6650162773297876,1,425,SAVE10,Not Returned,WH2,Bad,True,False,False,False,True,231620,707.6319178651597,46324.0,543.7089201877934,0
1040,1667,Laptop,97434,3,1,Delhi,India,,N,3.876484577320575,2,178,YIrSES,Not Returned,WH1,Bad,True,False,False,False,True,292302,690.0142547630624,73075.5,1632.9720670391062,0
611,1593,Laptop,72590,4,1,Chennai,India,,N,3.121358514515307,0,94,YIrSES,Returned,WH1,Bad,True,False,False,False,True,290360,293.4077003644389,58072.0,3056.4210526315787,0
3086,1458,Shoes,48986,4,1,Delhi,India,2023-04-05,N,1.9350702853557733,0,180,YIrSES,Returned,WH2,Bad,False,True,False,False,True,195944,348.3126513640392,39188.8,1082.5635359116022,0
1443,1201,Dress,68193,2,2,Delhi,India,,N,2.9840478096789878,0,111,OFF20,Not Returned,WH1,Bad,False,False,False,True,True,136386,331.22930687436764,45462.0,1217.732142857143,0
643,1330,Dress,74358,3,1,Mumbai,IN,,Y,1.8564452727488636,2,423,OFF20,Returned,WH2,Good,True,False,False,True,True,223074,785.2763503727693,55768.5,526.1179245283018,0
4554,1809,Shoes,56594,3,1,Mumbai,IND,,Yes,4.631461511542653,2,156,YIrSES,Not Returned,WH2,Bad,True,False,False,True,True,169782,722.5079958006539,42445.5,1081.4140127388534,0
3057,1677,Headphones,4415,2,3,Chennai,IN,2023-04-05,Yes,2.2145872926701204,1,456,OFF20,Not Returned,WH2,Bad,True,False,False,True,True,8830,1009.8518054575749,2943.3333333333335,19.321663019693656,0
4369,1834,Dress,9808,4,3,Chennai,IN,2023-04-05,No,2.181924253571004,1,138,SAVE10,Returned,WH2,Average,False,True,False,False,True,39232,301.10554699279857,7846.4,282.24460431654677,0
1565,1181,Mobile,2683,1,0,Hyderabad,India,2023-04-05,Y,3.9364255446327223,1,370,YIrSES,Not Returned,WH3,Average,True,False,False,False,True,2683,1456.4774515141073,1341.5,7.231805929919138,0
4216,1726,Shoes,72638,3,0,Hyderabad,IND,,Y,4.115839827396501,1,152,SAVE10,Not Returned,WH3,Average,True,False,True,False,True,217914,625.6076537642681,54478.5,1424.2745098039215,0
4615,1335,Headphones,11808,4,0,Delhi,IND,,Yes,1.2774204831706912,1,31,SAVE10,Returned,WH3,Good,False,False,False,True,False,47232,39.600034978291426,9446.4,1476.0,0
2734,1678,Mobile,86715,1,0,Delhi,IND,,N,4.576954122261272,1,66,YIrSES,Returned,WH3,Bad,False,False,False,True,False,86715,302.07897206924395,43357.5,1294.2537313432836,0
2296,1194,Mobile,18463,1,1,Delhi,IND,,Yes,1.3474807176141417,0,309,YIrSES,Returned,WH1,Bad,False,True,True,False,True,18463,416.37154174276975,9231.5,59.55806451612903,0
3121,1886,Mobile,18551,4,2,Delhi,IND,2023-04-05,Y,2.9848686091067616,0,193,OFF20,Not Returned,WH1,Bad,False,True,False,False,True,74204,576.079641557605,14840.8,382.49484536082474,0
4285,1089,Shoes,36924,3,2,Chennai,India,2023-04-05,Y,3.6961655323356113,2,365,OFF20,Not Returned,WH1,Bad,False,True,False,False,True,110772,1349.100419302498,27693.0,302.655737704918,0
2530,1898,Dress,54827,2,0,Chennai,IND,2023-04-05,No,4.507688625362331,2,10,OFF20,Returned,WH2,Good,False,True,False,False,True,109654,45.07688625362331,36551.333333333336,9968.545454545454,0
3378,1157,Headphones,88861,1,1,Delhi,India,,No,1.2289631990063707,0,488,SAVE10,Not Returned,WH2,Good,False,True,False,False,True,88861,599.7340411151089,44430.5,181.719836400818,0
1400,1710,Headphones,21498,2,3,Mumbai,IN,,No,3.568866824307362,1,164,SAVE10,Not Returned,WH1,Good,False,True,True,False,False,42996,585.2941591864073,14332.0,260.58181818181816,0
4525,1960,Mobile,95908,4,3,Mumbai,IN,,No,3.2348675687642894,2,271,OFF20,Not Returned,WH3,Bad,False,True,False,True,True,383632,876.6491111351224,76726.4,1410.4117647058824,0
3450,1497,Mobile,3491,4,3,Chennai,IND,2023-04-05,No,4.777102392193196,2,435,SAVE10,Not Returned,WH2,Bad,False,True,False,False,True,13964,2078.03954060404,2792.8,32.027522935779814,0
4305,1408,Mobile,78657,1,3,Hyderabad,IND,2023-04-05,Y,3.563511373900172,2,430,YIrSES,Not Returned,WH2,Good,False,True,False,False,False,78657,1532.3098907770739,39328.5,182.49883990719258,0
4239,1307,Headphones,38258,3,2,Chennai,IN,2023-04-05,No,3.725685879869244,2,41,SAVE10,Returned,WH1,Bad,False,True,True,False,True,114774,152.753121074639,28693.5,2732.714285714286,0
3137,1490,Mobile,7225,1,2,Hyderabad,IND,,Y,4.937204716453554,1,395,SAVE10,Returned,WH2,Average,False,False,False,True,True,7225,1950.1958629991536,3612.5,18.244949494949495,0
395,1053,Shoes,91465,1,0,Chennai,IN,,Yes,2.09591075808954,1,256,SAVE10,Returned,WH3,Average,False,True,True,False,True,91465,536.5531540709222,45732.5,355.89494163424126,0
2023,1814,Headphones,87995,1,1,Delhi,IND,,No,4.854100641177798,1,327,SAVE10,Returned,WH1,Good,False,True,True,False,True,87995,1587.29090966514,43997.5,268.2774390243902,0
80,1154,Headphones,46016,2,3,Chennai,IND,2023-04-05,No,4.377493878209782,0,216,YIrSES,Returned,WH1,Good,False,True,True,False,True,92032,945.5386776933128,30677.333333333332,424.110599078341,0
858,1750,Headphones,22245,1,0,Chennai,IN,,No,2.808484158440357,0,388,YIrSES,Not Returned,WH3,Average,False,False,True,False,True,22245,1089.6918534748584,11122.5,57.18508997429306,0
2846,1097,Headphones,88683,4,0,Hyderabad,India,,No,1.677130593624899,0,233,YIrSES,Not Returned,WH1,Average,True,False,False,False,False,354732,390.77142831460145,70946.4,1515.948717948718,0
2492,1634,Headphones,6410,1,2,Hyderabad,IN,,Y,3.1304275743841714,0,201,YIrSES,Not Returned,WH1,Average,True,False,False,False,True,6410,629.2159424512184,3205.0,31.73267326732673,0
2652,1884,Headphones,65029,1,3,Chennai,IN,2023-04-05,No,4.555610021267217,2,208,YIrSES,Returned,WH2,Good,True,False,False,False,True,65029,947.5668844235811,32514.5,311.14354066985646,0
4033,1060,Mobile,4544,1,3,Chennai,India,,No,4.665347391431915,2,337,OFF20,Not Returned,WH3,Average,False,True,False,False,True,4544,1572.2220709125554,2272.0,13.44378698224852,0
4263,1513,Dress,25038,3,3,Mumbai,India,,No,2.8410836678136,2,99,OFF20,Returned,WH2,Good,True,False,True,False,False,75114,281.2672831135464,18778.5,751.14,0
3436,1340,Mobile,5719,3,0,Hyderabad,IND,2023-04-05,Yes,2.365803073437738,2,53,OFF20,Returned,WH2,Bad,False,True,False,True,False,17157,125.38756289220012,4289.25,317.72222222222223,0
4717,1314,Dress,76766,1,1,Mumbai,IND,2023-04-05,No,1.312148660040482,1,382,SAVE10,Returned,WH1,Average,False,True,False,True,False,76766,501.2407881354641,38383.0,200.43342036553526,0
4021,1807,Dress,34069,4,3,Mumbai,IN,,Y,2.9685862673425603,1,361,SAVE10,Returned,WH3,Good,True,False,False,False,False,136276,1071.6596425106643,27255.2,376.45303867403317,0
4651,1634,Shoes,25844,4,1,Delhi,India,,No,3.876534999494929,0,264,YIrSES,Returned,WH3,Average,True,False,False,False,True,103376,1023.4052398666613,20675.2,390.09811320754716,0
3248,1693,Headphones,94949,3,1,Delhi,IN,,No,2.295661533413976,0,277,OFF20,Returned,WH3,Bad,True,False,False,False,False,284847,635.8982447556714,71211.75,1024.6294964028777,0
1896,1650,Mobile,30472,1,1,Mumbai,India,2023-04-05,Yes,2.4161173133912754,1,30,YIrSES,Returned,WH2,Average,True,False,False,False,False,30472,72.48351940173826,15236.0,982.9677419354839,0
3272,1192,Laptop,25746,2,1,Delhi,IND,,No,1.8795745379829356,1,15,OFF20,Returned,WH3,Average,False,True,True,False,True,51492,28.193618069744034,17164.0,3218.25,0
1492,1529,Shoes,57011,1,0,Chennai,IN,2023-04-05,No,4.141897800579631,1,166,OFF20,Returned,WH1,Average,False,True,True,False,True,57011,687.5550348962188,28505.5,341.3832335329341,0
17,1638,Shoes,52963,3,3,Hyderabad,IN,2023-04-05,No,1.436027023234018,0,292,SAVE10,Returned,WH1,Average,False,True,False,True,True,158889,419.31989078433327,39722.25,542.283276450512,0
1453,1280,Mobile,55847,4,0,Chennai,IN,,Y,2.85459227943354,2,121,SAVE10,Returned,WH1,Good,False,False,False,False,True,223388,345.40566581145833,44677.6,1831.049180327869,0
3851,1459,Headphones,16490,4,0,Chennai,IND,2023-04-05,No,3.3418734462091155,2,282,SAVE10,Not Returned,WH1,Bad,False,True,True,False,True,65960,942.4083118309705,13192.0,233.07420494699647,0
3416,1798,Dress,1912,1,1,Mumbai,India,,No,4.589370076231261,2,35,YIrSES,Not Returned,WH1,Average,False,True,True,False,True,1912,160.62795266809414,956.0,53.111111111111114,0
4158,1908,Dress,17572,1,1,Delhi,India,,No,2.14916702616384,0,84,YIrSES,Returned,WH2,Good,False,True,True,False,False,17572,180.53003019776256,8786.0,206.72941176470587,0
960,1487,Dress,52783,3,1,Delhi,India,2023-04-05,Y,2.6507066400649104,0,33,SAVE10,Returned,WH1,Average,False,True,True,False,True,158349,87.47331912214204,39587.25,4657.323529411765,0
2152,1321,Dress,84855,4,3,Delhi,India,2023-04-05,N,1.263062160118135,2,387,OFF20,Returned,WH1,Good,False,True,True,False,True,339420,488.8050559657183,67884.0,874.7938144329897,0
319,1627,Dress,1380,1,0,Chennai,IND,,N,2.011078232843467,1,148,OFF20,Returned,WH3,Good,False,True,True,False,True,1380,297.63957846083315,690.0,9.261744966442953,0
177,1819,Dress,29372,2,1,Chennai,IND,,N,1.0341062071700169,1,303,OFF20,Returned,WH2,Good,True,False,True,False,False,58744,313.33418077251514,19581.333333333332,193.23684210526315,0
4273,1249,Laptop,70248,3,1,Mumbai,IND,,Y,1.9147963619614103,0,392,SAVE10,Not Returned,WH1,Bad,False,False,True,False,False,210744,750.6001738888729,52686.0,536.2442748091603,0
3722,1513,Mobile,96786,3,0,Hyderabad,IN,2023-04-05,N,3.262958191477271,0,374,SAVE10,Returned,WH3,Bad,False,True,True,False,True,290358,1220.3463636124993,72589.5,774.288,0
579,1197,Shoes,60276,3,0,Hyderabad,IND,2023-04-05,Y,2.139928409505755,0,160,YIrSES,Returned,WH3,Average,True,False,True,False,False,180828,342.3885455209208,45207.0,1123.1552795031057,0
4820,1870,Headphones,14195,1,2,Hyderabad,IND,,Yes,1.265934096683194,0,368,OFF20,Returned,WH2,Average,False,True,True,False,False,14195,465.8637475794154,7097.5,38.46883468834688,0
4189,1824,Mobile,82593,3,2,Mumbai,IND,,Yes,2.7748694078085387,2,11,YIrSES,Not Returned,WH2,Average,True,False,False,True,True,247779,30.523563485893927,61944.75,20648.25,-1
1393,1287,Mobile,26646,4,0,Mumbai,India,,Yes,3.580412413596921,2,69,YIrSES,Not Returned,WH3,Average,False,False,True,False,False,106584,247.04845653818757,21316.8,1522.6285714285714,0
489,1526,Mobile,24975,1,0,Hyderabad,India,2023-04-05,Yes,2.652312674317362,0,230,YIrSES,Not Returned,WH1,Good,True,False,False,False,False,24975,610.0319150929932,12487.5,108.11688311688312,0
2441,1600,Dress,26660,2,1,Delhi,India,2023-04-05,Yes,3.2486442471422508,1,425,OFF20,Not Returned,WH3,Good,False,False,True,False,False,53320,1380.6738050354566,17773.333333333332,125.16431924882629,0
1886,1380,Laptop,1747,2,1,Delhi,IN,2023-04-05,No,3.678379285290464,0,214,YIrSES,Not Returned,WH1,Average,True,False,True,False,True,3494,787.1731670521593,1164.6666666666667,16.251162790697673,0
3742,1548,Laptop,37769,3,1,Mumbai,IND,2023-04-05,Y,4.658899614577822,0,51,SAVE10,Not Returned,WH1,Bad,False,False,True,False,True,113307,237.60388034346894,28326.75,2178.980769230769,0
2303,1635,Headphones,26045,2,0,Delhi,IN,,N,3.208668738857962,0,133,SAVE10,Not Returned,WH3,Average,False,False,False,True,False,52090,426.752942268109,17363.333333333332,388.7313432835821,0
288,1636,Dress,73888,1,2,Mumbai,IN,2023-04-05,N,3.302134632718751,0,415,YIrSES,Not Returned,WH3,Average,False,False,False,False,True,73888,1370.3858725782816,36944.0,177.6153846153846,0
3587,1285,Mobile,29435,2,3,Chennai,IN,2023-04-05,N,1.4472416353150312,0,113,YIrSES,Not Returned,WH2,Average,True,False,False,True,True,58870,163.53830479059854,19623.333333333332,516.4035087719299,0
1390,1570,Mobile,52169,1,3,Delhi,India,2023-04-05,No,1.1335470191547334,1,323,YIrSES,Returned,WH2,Average,True,False,False,True,True,52169,366.1356871869789,26084.5,161.01543209876544,0
3081,1197,Mobile,18899,1,0,Mumbai,IND,,Y,3.760595410144602,1,120,YIrSES,Returned,WH1,Bad,False,False,False,True,True,18899,451.27144921735226,9449.5,156.1900826446281,0
3715,1723,Shoes,95395,2,2,Mumbai,IND,,Y,4.449146944782621,0,448,YIrSES,Not Returned,WH3,Bad,True,False,False,False,False,190790,1993.2178312626143,63596.666666666664,424.92204899777283,0
775,1214,Headphones,46121,4,0,Chennai,IND,,Y,4.269138140173494,0,60,OFF20,Returned,WH1,Good,True,False,False,False,False,184484,256.14828841040963,36896.8,3024.3278688524592,0
1125,1285,Headphones,14763,1,0,Hyderabad,IN,,Y,4.513802834630537,2,450,SAVE10,Not Returned,WH3,Bad,True,False,False,False,True,14763,2031.2112755837418,7381.5,32.73392461197339,0
403,1350,Laptop,65840,1,0,Hyderabad,India,,Y,3.548287687817208,2,420,SAVE10,Not Returned,WH3,Bad,True,False,False,True,True,65840,1490.2808288832273,32920.0,156.3895486935867,0
2533,1490,Headphones,59015,2,3,Hyderabad,IN,,No,1.7592050209232633,0,198,SAVE10,Returned,WH1,Average,True,False,False,True,False,118030,348.3225941428061,39343.333333333336,593.1155778894472,0
2451,1681,Headphones,18096,1,2,Chennai,IN,2023-04-05,Y,2.9673662828640563,2,126,OFF20,Not Returned,WH2,Bad,False,True,False,True,False,18096,373.8881516408711,9048.0,142.48818897637796,0
2978,1703,Dress,30772,2,3,Chennai,IND,2023-04-05,N,3.060420024049201,1,376,YIrSES,Not Returned,WH2,Good,True,False,False,True,False,61544,1150.7179290424995,20514.666666666668,163.24668435013263,0
2593,1568,Dress,69773,1,0,Mumbai,IND,2023-04-05,No,3.106800511027409,1,166,OFF20,Not Returned,WH3,Good,True,False,False,True,True,69773,515.7288848305499,34886.5,417.8023952095808,0
3489,1620,Dress,57024,3,0,Delhi,IND,,No,3.0459863102306577,2,163,SAVE10,Returned,WH2,Good,False,True,False,True,False,171072,496.4957685675972,42768.0,1043.121951219512,0
896,1545,Headphones,43791,1,2,Hyderabad,India,,N,1.670169787974482,0,447,SAVE10,Not Returned,WH3,Average,True,False,False,True,True,43791,746.5658952245934,21895.5,97.74776785714286,0
2453,1561,Mobile,55021,4,1,Mumbai,IN,,N,4.290578361916763,1,292,YIrSES,Not Returned,WH2,Average,False,False,False,True,True,220084,1252.8488816796948,44016.8,751.1399317406143,0
2248,1896,Headphones,8689,1,2,Delhi,IND,,N,1.200238177030594,2,60,YIrSES,Not Returned,WH2,Good,False,False,False,False,True,8689,72.01429062183564,4344.5,142.44262295081967,0
94,1695,Headphones,58300,2,0,Delhi,IN,2023-04-05,N,2.2989056780066672,2,499,YIrSES,Returned,WH2,Average,True,False,True,False,True,116600,1147.153933325327,38866.666666666664,233.2,0
661,1030,Mobile,71191,4,2,Mumbai,IND,2023-04-05,Y,3.626941882928105,2,365,YIrSES,Returned,WH2,Average,False,False,True,False,True,284764,1323.8337872687582,56952.8,778.0437158469946,0
49,1180,Headphones,96117,2,0,Delhi,IND,,Y,4.4734343724067145,0,170,SAVE10,Returned,WH3,Bad,False,False,True,False,False,192234,760.4838433091414,64078.0,1124.1754385964912,0
3299,1556,Laptop,91917,3,2,Chennai,IND,,Y,1.5678166345543798,1,25,SAVE10,Returned,WH3,Average,False,False,False,False,False,275751,39.195415863859495,68937.75,10605.807692307691,0
1747,1759,Dress,85974,4,3,Hyderabad,IND,2023-04-05,No,4.514294166437485,2,495,SAVE10,Returned,WH3,Good,True,False,False,True,True,343896,2234.575612386555,68779.2,693.3387096774194,0
3002,1952,Dress,31252,3,3,Chennai,IND,,Y,2.6006818220168264,0,489,SAVE10,Not Returned,WH3,Good,True,False,True,False,True,93756,1271.7334109662281,23439.0,191.33877551020407,0
2069,1316,Dress,67107,3,2,Hyderabad,India,,No,3.8277652320835074,1,461,YIrSES,Not Returned,WH2,Good,False,False,False,True,False,201321,1764.599771990497,50330.25,435.7597402597403,0
4076,1216,Headphones,21058,4,2,Delhi,India,,Yes,1.6920135437391075,1,288,YIrSES,Returned,WH3,Good,False,False,False,True,True,84232,487.299900596863,16846.4,291.46020761245677,0
2136,1637,Laptop,25871,1,2,Mumbai,IND,,Yes,4.359777118640971,1,171,OFF20,Not Returned,WH1,Average,False,False,False,True,True,25871,745.5218872876061,12935.5,150.4127906976744,0
4689,1512,Dress,15580,2,2,Hyderabad,IND,,Yes,2.462052972858624,1,365,OFF20,Not Returned,WH2,Average,True,False,False,True,True,31160,898.6493350933977,10386.666666666666,85.13661202185793,0
4588,1652,Headphones,29776,3,0,Delhi,IND,,Yes,1.376641967756076,1,396,OFF20,Returned,WH2,Bad,True,False,False,False,True,89328,545.150219231406,22332.0,225.00755667506297,0
1793,1470,Laptop,82882,2,0,Chennai,India,,Yes,3.0396211528766446,0,38,OFF20,Returned,WH1,Bad,True,False,False,False,True,165764,115.50560380931249,55254.666666666664,4250.358974358975,0
363,1126,Dress,25765,1,0,Chennai,India,,No,1.649615123724424,2,235,OFF20,Not Returned,WH2,Bad,True,False,False,False,True,25765,387.65955407523967,12882.5,109.17372881355932,0
3993,1164,Laptop,74226,4,0,Delhi,India,,Yes,2.7767401560094505,0,348,YIrSES,Returned,WH3,Good,False,False,False,False,True,296904,966.3055742912887,59380.8,850.7277936962751,0
1039,1107,Laptop,83551,3,2,Mumbai,IND,,No,2.6959793663486225,1,262,OFF20,Not Returned,WH2,Average,False,True,False,True,False,250653,706.3465939833391,62663.25,953.0532319391635,0
4058,1723,Mobile,3896,2,3,Delhi,IN,,Yes,2.816975509592424,0,428,YIrSES,Returned,WH1,Average,False,False,True,False,False,7792,1205.6655181055576,2597.3333333333335,18.163170163170165,0
886,1968,Laptop,27716,3,3,Delhi,India,,Yes,3.7471155666845,1,361,SAVE10,Returned,WH2,Good,False,False,True,False,True,83148,1352.7087195731046,20787.0,229.69060773480663,0
1203,1342,Shoes,45552,1,3,Delhi,India,,N,1.9107808916508744,1,166,SAVE10,Returned,WH2,Good,False,False,True,False,False,45552,317.1896280140451,22776.0,272.76646706586826,0
2341,1357,Shoes,62553,1,3,Chennai,IND,,N,3.126410032526235,2,355,OFF20,Not Returned,WH3,Good,False,False,False,False,False,62553,1109.8755615468135,31276.5,175.71067415730337,0
2628,1535,Mobile,89980,2,2,Delhi,IND,,Y,2.0174055491880227,2,335,OFF20,Not Returned,WH3,Good,False,True,False,True,False,179960,675.8308589779876,59986.666666666664,535.5952380952381,0
1881,1428,Laptop,64096,1,1,Delhi,IN,,No,3.40702956350301,2,412,SAVE10,Not Returned,WH2,Bad,True,False,False,True,True,64096,1403.6961801632401,32048.0,155.1961259079903,0
3781,1505,Laptop,49611,2,2,Chennai,India,2023-04-05,No,2.559114260685077,0,431,OFF20,Not Returned,WH3,Bad,True,False,True,False,False,99222,1102.9782463552683,33074.0,229.68055555555554,0
1771,1241,Dress,4771,1,2,Chennai,IN,2023-04-05,Y,4.794130568001362,0,139,OFF20,Returned,WH1,Bad,True,False,True,False,False,4771,666.3841489521893,2385.5,34.07857142857143,0
2836,1047,Laptop,38859,2,2,Chennai,IN,2023-04-05,No,4.514870306330695,2,374,SAVE10,Returned,WH3,Bad,True,False,True,False,False,77718,1688.56149456768,25906.0,207.248,0
4973,1510,Mobile,45965,2,3,Hyderabad,IN,,Y,1.6598954117376756,0,270,OFF20,Returned,WH3,Average,False,False,True,False,True,91930,448.17176116917244,30643.333333333332,339.2250922509225,0
771,1122,Shoes,94333,2,3,Chennai,IN,2023-04-05,N,1.0792286242491618,0,186,YIrSES,Returned,WH3,Average,False,False,True,False,True,188666,200.73652411034408,62888.666666666664,1008.9090909090909,0
2964,1367,Dress,81516,3,3,Hyderabad,India,2023-04-05,No,2.084977508171745,2,23,YIrSES,Returned,WH3,Good,True,False,True,False,False,244548,47.95448268795013,61137.0,10189.5,0
1677,1597,Dress,68595,3,0,Mumbai,India,2023-04-05,No,4.199302082170291,2,353,YIrSES,Returned,WH3,Good,False,True,False,False,False,205785,1482.3536350061129,51446.25,581.3135593220339,0
4199,1871,Dress,82137,3,0,Delhi,India,,Yes,3.4246576169365155,2,123,YIrSES,Not Returned,WH1,Good,True,False,False,False,False,246411,421.2328868831914,61602.75,1987.1854838709678,0
1947,1703,Headphones,42461,2,0,Delhi,IN,,N,3.3842780218291635,1,401,YIrSES,Returned,WH1,Good,False,True,False,False,False,84922,1357.0954867534945,28307.333333333332,211.24875621890547,0
3869,1688,Mobile,55513,2,3,Chennai,IN,,N,1.469960814580323,0,300,YIrSES,Returned,WH1,Good,False,False,True,False,True,111026,440.9882443740969,37008.666666666664,368.85714285714283,0
2739,1631,Mobile,22463,2,1,Delhi,IND,,N,1.3085070921279742,0,371,YIrSES,Returned,WH3,Bad,False,False,False,True,True,44926,485.45613117947846,14975.333333333334,120.76881720430107,0
1720,1974,Shoes,45192,3,2,Hyderabad,IN,,No,4.637804817824912,1,216,YIrSES,Returned,WH3,Bad,False,True,False,False,True,135576,1001.765840650181,33894.0,624.7741935483871,0
4934,1278,Mobile,56013,1,0,Delhi,India,,No,3.669926816509627,2,64,OFF20,Not Returned,WH3,Average,False,True,False,True,False,56013,234.87531625661612,28006.5,861.7384615384616,0
3037,1792,Dress,77191,1,3,Mumbai,IN,,No,2.341148516040548,0,356,SAVE10,Not Returned,WH1,Average,True,False,False,True,False,77191,833.4488717104351,38595.5,216.22128851540617,0
4212,1698,Headphones,46696,2,3,Delhi,IN,,No,1.9363837060108504,2,122,SAVE10,Not Returned,WH3,Good,True,False,False,False,False,93392,236.23881213332376,31130.666666666668,759.2845528455284,0
445,1625,Shoes,78674,3,2,Delhi,IN,2023-04-05,No,2.6487439836686866,0,331,OFF20,Not Returned,WH2,Good,False,False,False,False,True,236022,876.7342585943353,59005.5,710.9096385542168,0
4558,1035,Laptop,86249,2,0,Mumbai,IN,,Y,4.96861707001954,2,404,YIrSES,Not Returned,WH2,Good,False,True,True,False,False,172498,2007.321296287894,57499.333333333336,425.920987654321,0
2558,1851,Mobile,69864,2,2,Hyderabad,IN,2023-04-05,Y,1.04286719502332,2,105,SAVE10,Returned,WH1,Good,False,True,True,False,False,139728,109.50105547744859,46576.0,1318.188679245283,0
2665,1766,Dress,82530,3,1,Delhi,IND,,N,4.608607528215413,0,296,SAVE10,Not Returned,WH2,Good,False,True,True,False,True,247590,1364.1478283517622,61897.5,833.6363636363636,0
2657,1201,Mobile,42672,4,2,Mumbai,IND,,Yes,4.2036764458962645,0,77,SAVE10,Returned,WH2,Good,False,True,False,True,True,170688,323.6830863340124,34137.6,2188.3076923076924,0
257,1557,Shoes,26595,2,2,Delhi,IN,,Y,4.317466110007464,0,355,SAVE10,Not Returned,WH1,Bad,False,True,True,False,False,53190,1532.7004690526499,17730.0,149.41011235955057,0
3103,1916,Shoes,22553,2,1,Delhi,IND,,No,4.014085556646839,1,303,OFF20,Returned,WH1,Bad,True,False,True,False,False,45106,1216.2679236639924,15035.333333333334,148.375,0
3533,1201,Mobile,43425,1,1,Chennai,IN,2023-04-05,No,1.9460959546172152,1,497,OFF20,Returned,WH2,Average,True,False,True,False,False,43425,967.2096894447559,21712.5,87.1987951807229,0
1113,1010,Laptop,76731,4,2,Chennai,India,,Y,4.616907075851355,1,78,OFF20,Returned,WH1,Average,False,True,False,True,False,306924,360.1187519164057,61384.8,3885.1139240506327,0
3076,1066,Dress,5778,4,1,Chennai,India,,Y,1.3244287269800132,0,376,OFF20,Returned,WH1,Good,False,True,False,True,False,23112,497.98520134448495,4622.4,61.30503978779841,0
501,1771,Dress,32589,1,0,Delhi,IND,2023-04-05,Y,4.4015839264478425,2,179,YIrSES,Not Returned,WH2,Good,False,False,True,False,True,32589,787.8835228341638,16294.5,181.05,0
2811,1082,Shoes,29304,3,3,Delhi,IN,,N,2.9211870250371117,0,139,OFF20,Not Returned,WH3,Good,True,False,True,False,True,87912,406.04499648015855,21978.0,627.9428571428572,0
2950,1041,Shoes,81008,3,3,Delhi,IN,,N,4.368047157938363,0,46,YIrSES,Not Returned,WH3,Bad,False,True,False,True,True,243024,200.9301692651647,60756.0,5170.723404255319,0
3523,1824,Laptop,14790,3,0,Chennai,IN,,No,1.128664310403766,1,200,SAVE10,Not Returned,WH1,Average,False,True,False,True,True,44370,225.7328620807532,11092.5,220.7462686567164,0
150,1360,Shoes,93486,3,3,Delhi,IND,,Y,4.3934024282169855,0,496,YIrSES,Not Returned,WH1,Good,True,False,False,False,True,280458,2179.127604395625,70114.5,564.3018108651911,0
1315,1293,Mobile,55100,3,3,Hyderabad,IND,,Yes,3.057249843867172,0,105,OFF20,Not Returned,WH3,Good,True,False,False,False,True,165300,321.01123360605305,41325.0,1559.433962264151,0
2968,1173,Dress,53468,2,0,Hyderabad,IN,,Y,1.456465060812604,0,287,SAVE10,Not Returned,WH3,Bad,False,True,True,False,False,106936,418.00547245321735,35645.333333333336,371.30555555555554,0
2208,1876,Laptop,98703,1,1,Chennai,India,,No,3.1698949400622496,2,381,SAVE10,Returned,WH2,Good,False,False,True,False,False,98703,1207.729972163717,49351.5,258.3848167539267,0
270,1341,Mobile,28812,1,0,Chennai,IND,,Yes,3.0044905810496365,0,19,SAVE10,Returned,WH1,Bad,False,False,False,False,False,28812,57.085321039943096,14406.0,1440.6,0
4194,1568,Mobile,90158,3,2,Chennai,IN,,Yes,3.3133580698614176,0,95,SAVE10,Not Returned,WH1,Bad,False,True,True,False,False,270474,314.7690166368347,67618.5,2817.4375,0
315,1992,Headphones,35292,3,0,Hyderabad,India,,Yes,2.4081538676006886,0,215,YIrSES,Not Returned,WH1,Bad,True,False,False,True,False,105876,517.753081534148,26469.0,490.1666666666667,0
1551,1846,Dress,22498,4,3,Hyderabad,IND,,Yes,4.380698587619905,2,497,SAVE10,Returned,WH2,Bad,True,False,False,False,True,89992,2177.207198047093,17998.4,180.70682730923696,0
3885,1488,Laptop,47344,1,2,Hyderabad,IN,,Yes,2.353105267790541,0,265,SAVE10,Returned,WH2,Good,True,False,False,False,True,47344,623.5728959644933,23672.0,177.98496240601503,0
3830,1796,Dress,25507,3,2,Delhi,IN,2023-04-05,N,2.67618587239754,2,71,SAVE10,Not Returned,WH1,Good,False,True,False,False,True,76521,190.00919694022534,19130.25,1062.7916666666667,0
1470,1612,Headphones,25956,2,2,Delhi,India,2023-04-05,Yes,2.6404313033609896,2,366,SAVE10,Not Returned,WH2,Good,True,False,False,True,True,51912,966.3978570301222,17304.0,141.44959128065395,0
3409,1722,Mobile,95897,3,2,Delhi,IND,,No,4.885232877035653,1,174,YIrSES,Not Returned,WH1,Good,True,False,True,False,False,287691,850.0305206042036,71922.75,1643.9485714285715,0
1855,1267,Headphones,54033,2,1,Hyderabad,IND,2023-04-05,Yes,2.590445212093424,1,148,OFF20,Returned,WH2,Good,False,False,True,False,False,108066,383.3858913898268,36022.0,725.2751677852349,0
1550,1962,Headphones,15156,3,1,Mumbai,IN,,No,3.9248875382849495,0,147,OFF20,Not Returned,WH3,Good,False,False,False,False,False,45468,576.9584681278876,11367.0,307.2162162162162,0
586,1915,Dress,96714,3,0,Chennai,IN,2023-04-05,Y,1.107835632549861,0,268,YIrSES,Returned,WH2,Good,False,False,False,True,True,290142,296.89994952336275,72535.5,1078.5947955390334,0
1799,1098,Headphones,74041,4,0,Chennai,IND,,Y,4.461153930219615,1,103,YIrSES,Returned,WH2,Good,False,False,False,True,True,296164,459.4988548126203,59232.8,2847.730769230769,0
14,1737,Shoes,71164,1,1,Delhi,India,2023-04-05,Yes,2.9126804614100905,0,192,SAVE10,Not Returned,WH3,Good,False,True,True,False,False,71164,559.2346485907374,35582.0,368.7253886010363,0
3862,1273,Dress,71638,1,3,Delhi,India,,N,1.9601768048702384,1,29,SAVE10,Returned,WH3,Average,False,True,True,False,False,71638,56.84512734123691,35819.0,2387.9333333333334,0
456,1892,Dress,25865,2,3,Hyderabad,India,,N,3.796596398278387,2,87,OFF20,Returned,WH3,Average,False,True,True,False,False,51730,330.3038866502196,17243.333333333332,587.8409090909091,0
3866,1934,Headphones,66534,4,1,Hyderabad,IN,,No,1.8557686296890763,1,293,OFF20,Not Returned,WH3,Good,True,False,True,False,False,266136,543.7402084988994,53227.2,905.2244897959183,0
4354,1027,Shoes,36992,2,3,Hyderabad,IND,2023-04-05,No,3.7097795863363663,1,175,OFF20,Not Returned,WH3,Good,False,True,True,False,False,73984,649.2114276088641,24661.333333333332,420.3636363636364,0
867,1664,Headphones,59243,2,0,Hyderabad,India,,Yes,1.4744717047984488,0,471,SAVE10,Not Returned,WH1,Good,False,False,False,False,False,118486,694.4761729600693,39495.333333333336,251.02966101694915,0
4854,1497,Dress,65827,2,3,Delhi,India,2023-04-05,N,2.8844920646555425,0,276,OFF20,Not Returned,WH3,Bad,False,False,False,True,True,131654,796.1198098449297,43884.666666666664,475.2851985559567,0
2008,1263,Dress,63489,1,3,Mumbai,IND,2023-04-05,Yes,4.679448435572819,1,146,SAVE10,Not Returned,WH3,Bad,True,False,False,False,True,63489,683.1994715936316,31744.5,431.8979591836735,0
2347,1084,Headphones,86105,4,3,Delhi,IND,2023-04-05,No,1.1217030074627703,1,347,OFF20,Returned,WH2,Bad,True,False,False,True,True,344420,389.2309435895813,68884.0,989.7126436781609,0
4814,1972,Headphones,4831,3,2,Chennai,IND,,No,2.4513407566403203,0,234,OFF20,Returned,WH3,Good,False,False,False,True,True,14493,573.6137370538349,3623.25,61.672340425531914,0
585,1401,Laptop,26864,3,3,Chennai,India,,Y,2.9696819892132167,0,252,YIrSES,Returned,WH3,Good,True,False,False,True,True,80592,748.3598612817306,20148.0,318.54545454545456,0
3045,1250,Laptop,75236,1,3,Delhi,IND,,Y,1.3451207277231785,0,134,YIrSES,Not Returned,WH3,Bad,True,False,False,True,True,75236,180.24617751490592,37618.0,557.3037037037037,0
4222,1957,Headphones,11284,1,1,Chennai,IN,,Y,2.3699453713754925,1,343,YIrSES,Not Returned,WH1,Average,False,False,False,True,True,11284,812.8912623817939,5642.0,32.80232558139535,0
45,1873,Mobile,72384,3,1,Mumbai,IN,,N,3.856263701912985,1,228,YIrSES,Returned,WH2,Average,False,False,False,True,False,217152,879.2281240361606,54288.0,948.2620087336245,0
2016,1275,Laptop,58361,2,1,Hyderabad,India,2023-04-05,N,3.40592150036617,1,279,SAVE10,Returned,WH1,Average,False,False,False,False,True,116722,950.2520986021615,38907.333333333336,416.8642857142857,0
2560,1763,Headphones,13832,3,2,Hyderabad,IND,2023-04-05,No,4.321188262692023,1,304,SAVE10,Returned,WH3,Bad,True,False,False,False,True,41496,1313.641231858375,10374.0,136.05245901639344,0
755,1386,Dress,57007,4,2,Delhi,IND,2023-04-05,No,2.1633830375521703,1,321,SAVE10,Returned,WH3,Good,False,False,False,False,True,228028,694.4459550542467,45605.6,708.1614906832298,0
4912,1708,Dress,32748,2,3,Hyderabad,IND,2023-04-05,No,4.89803182553468,1,118,OFF20,Not Returned,WH2,Good,False,True,False,False,True,65496,577.9677554130923,21832.0,550.3865546218487,0
1642,1510,Laptop,83004,2,1,Hyderabad,IND,,No,3.3634999245556414,1,498,SAVE10,Not Returned,WH1,Bad,False,False,True,False,True,166008,1675.0229624287094,55336.0,332.6813627254509,0
2889,1081,Dress,87675,3,0,Delhi,IND,,Yes,4.712265202279131,1,53,OFF20,Not Returned,WH2,Bad,False,False,True,False,False,263025,249.75005572079394,65756.25,4870.833333333333,0
3476,1828,Dress,7223,1,0,Chennai,IND,,Yes,1.4873209585312148,2,198,OFF20,Not Returned,WH1,Good,True,False,True,False,False,7223,294.48954978918056,3611.5,36.2964824120603,0
188,1631,Mobile,90726,3,1,Chennai,IN,,Yes,4.036719635154865,2,18,YIrSES,Not Returned,WH1,Bad,True,False,True,False,False,272178,72.66095343278758,68044.5,14325.157894736842,2
128,1087,Laptop,65771,2,1,Chennai,IND,,Yes,2.03561956505184,1,350,YIrSES,Not Returned,WH1,Bad,True,False,False,True,False,131542,712.466847768144,43847.333333333336,374.76353276353274,0
496,1978,Dress,73736,1,1,Chennai,India,,Yes,3.211457913900599,1,191,YIrSES,Not Returned,WH1,Average,True,False,False,False,False,73736,613.3884615550144,36868.0,384.0416666666667,0
865,1531,Mobile,83771,3,2,Hyderabad,India,2023-04-05,Y,4.794746800674879,0,295,OFF20,Not Returned,WH2,Good,True,False,False,False,True,251313,1414.4503061990895,62828.25,849.0304054054054,0
1362,1373,Headphones,70979,1,2,Hyderabad,India,2023-04-05,N,3.537557091425896,1,62,OFF20,Returned,WH1,Good,True,False,False,True,True,70979,219.32853966840554,35489.5,1126.6507936507937,0
1475,1090,Mobile,30626,3,0,Hyderabad,India,2023-04-05,Y,1.0524251234530642,2,81,OFF20,Not Returned,WH1,Good,False,False,True,False,True,91878,85.2464349996982,22969.5,1120.4634146341464,0
713,1234,Laptop,14285,4,2,Chennai,IND,,Y,1.812070986846444,2,259,YIrSES,Returned,WH2,Bad,False,False,True,False,False,57140,469.32638559322896,11428.0,219.76923076923077,0
4392,1071,Mobile,65638,1,2,Hyderabad,IND,,Y,1.4113333414408054,1,252,YIrSES,Returned,WH2,Bad,False,False,False,False,True,65638,355.65600204308294,32819.0,259.4387351778656,0
1965,1509,Headphones,65256,4,3,Hyderabad,IN,,Y,1.30288410035934,1,131,OFF20,Not Returned,WH1,Bad,False,False,False,True,True,261024,170.67781714707354,52204.8,1977.4545454545455,0
2760,1218,Headphones,55376,2,2,Delhi,IND,2023-04-05,No,2.4181828507166423,2,314,SAVE10,Not Returned,WH1,Average,False,False,False,True,True,110752,759.3094151250257,36917.333333333336,351.5936507936508,0
842,1451,Shoes,1446,3,1,Delhi,IN,2023-04-05,Yes,2.9301445035754323,2,220,OFF20,Not Returned,WH3,Bad,False,False,False,False,True,4338,644.6317907865952,1084.5,19.6289592760181,0
1484,1790,Mobile,39091,3,1,Delhi,IN,,Y,3.270656944448944,0,392,YIrSES,Returned,WH3,Good,False,False,False,False,True,117273,1282.097522223986,29318.25,298.40458015267177,0
3338,1944,Shoes,20380,2,1,Delhi,India,,N,1.2110499707754148,2,160,YIrSES,Returned,WH3,Good,False,True,True,False,True,40760,193.76799532406636,13586.666666666666,253.16770186335404,0
721,1955,Shoes,32767,3,1,Mumbai,IND,2023-04-05,N,1.9151352333159133,1,171,OFF20,Returned,WH1,Good,False,True,True,False,False,98301,327.4881248970212,24575.25,571.5174418604652,0
3924,1830,Laptop,33635,1,1,Mumbai,India,2023-04-05,Yes,1.0484632017797422,1,413,OFF20,Returned,WH2,Good,False,True,True,False,True,33635,433.01530233503354,16817.5,81.24396135265701,0
1888,1690,Shoes,90307,1,3,Mumbai,India,,No,2.794926237785552,0,275,SAVE10,Returned,WH1,Average,False,True,True,False,True,90307,768.6047153910267,45153.5,327.1992753623188,0
4474,1355,Dress,96574,4,0,Mumbai,IND,,No,1.1691770715997287,0,252,OFF20,Not Returned,WH1,Average,False,True,True,False,True,386296,294.6326220431316,77259.2,1526.8616600790515,0
3031,1396,Mobile,38127,3,1,Mumbai,IND,,No,3.418590162962214,2,481,OFF20,Not Returned,WH2,Bad,False,True,False,False,True,114381,1644.341868384825,28595.25,237.30497925311204,0
1741,1227,Laptop,2728,2,1,Hyderabad,IND,,Yes,1.1221027605492715,0,373,SAVE10,Returned,WH2,Bad,False,False,False,False,True,5456,418.5443296848783,1818.6666666666667,14.588235294117647,0
3529,1248,Laptop,4871,4,3,Chennai,India,2023-04-05,Y,3.3118242976389287,2,228,YIrSES,Returned,WH3,Average,True,False,False,False,True,19484,755.0959398616758,3896.8,85.08296943231441,0
2485,1154,Laptop,39048,1,2,Delhi,India,,No,4.931809231485826,1,185,YIrSES,Returned,WH3,Average,False,False,False,False,True,39048,912.3847078248779,19524.0,209.93548387096774,0
4099,1530,Mobile,3891,2,2,Delhi,India,,No,2.169372901886091,1,473,YIrSES,Returned,WH3,Average,True,False,False,False,True,7782,1026.113382592121,2594.0,16.417721518987342,0
4616,1615,Laptop,67480,2,1,Chennai,India,,Yes,3.485091214715012,0,250,OFF20,Returned,WH2,Good,False,True,False,False,True,134960,871.272803678753,44986.666666666664,537.6892430278884,0
3441,1585,Mobile,77315,1,1,Hyderabad,IN,,No,2.2617372432485667,0,95,SAVE10,Returned,WH2,Good,False,False,False,False,True,77315,214.86503810861385,38657.5,805.3645833333334,0
83,1782,Dress,52558,2,1,Hyderabad,India,,No,4.703594932895129,0,142,YIrSES,Returned,WH2,Good,False,False,False,True,True,105116,667.9104804711083,35038.666666666664,735.0769230769231,0
829,1425,Shoes,16165,2,3,Chennai,IN,,No,1.1407307783053882,2,455,YIrSES,Not Returned,WH2,Average,False,False,False,True,True,32330,519.0325041289516,10776.666666666666,70.89912280701755,0
2407,1044,Shoes,85788,2,1,Chennai,IND,,Yes,2.9181915713520388,2,114,YIrSES,Not Returned,WH2,Average,True,False,False,True,True,171576,332.67383913413244,57192.0,1491.9652173913043,0
3793,1173,Dress,57007,4,0,Mumbai,IND,2023-04-05,No,4.373295157844149,2,257,OFF20,Not Returned,WH3,Average,True,False,True,False,False,228028,1123.9368555659462,45605.6,883.8294573643411,0
2603,1163,Shoes,6694,3,1,Chennai,IND,2023-04-05,No,2.5130529059549924,2,461,OFF20,Not Returned,WH3,Bad,True,False,False,False,False,20082,1158.5173896452516,5020.5,43.467532467532465,0
3290,1879,Shoes,88040,3,2,Hyderabad,India,2023-04-05,N,4.415583521987063,2,188,OFF20,Not Returned,WH2,Bad,True,False,True,False,True,264120,830.1297021335679,66030.0,1397.4603174603174,0
3503,1403,Shoes,65549,2,2,Hyderabad,India,,N,4.802284477980454,2,456,OFF20,Not Returned,WH1,Good,False,False,False,False,False,131098,2189.841721959087,43699.333333333336,286.8665207877462,0
2461,1191,Laptop,30204,1,2,Hyderabad,India,,N,3.9197424987084224,0,424,SAVE10,Returned,WH1,Good,False,True,False,False,False,30204,1661.9708194523712,15102.0,71.06823529411764,0
2746,1602,Shoes,66399,4,2,Hyderabad,India,,Y,2.1233710540360025,1,87,SAVE10,Returned,WH2,Bad,True,False,True,False,True,265596,184.73328170113223,53119.2,3018.1363636363635,0
3827,1010,Shoes,57958,2,2,Delhi,IND,,No,4.122037482610852,1,360,OFF20,Returned,WH2,Bad,True,False,False,True,True,115916,1483.933493739907,38638.666666666664,321.09695290858724,0
1017,1111,Shoes,54520,2,3,Delhi,India,,N,3.1726623366426634,2,83,OFF20,Returned,WH3,Bad,False,False,True,False,True,109040,263.3309739413411,36346.666666666664,1298.095238095238,0
1944,1424,Shoes,90754,3,0,Mumbai,IN,,No,3.6433956410748336,0,428,SAVE10,Returned,WH3,Bad,False,False,True,False,False,272262,1559.3733343800288,68065.5,634.6433566433567,0
4426,1922,Dress,66778,1,0,Chennai,India,,N,3.000096896988852,1,71,OFF20,Returned,WH3,Average,True,False,False,True,False,66778,213.0068796862085,33389.0,927.4722222222222,0
1439,1501,Shoes,31024,3,0,Delhi,IND,,Y,3.615365248243224,1,259,OFF20,Not Returned,WH1,Average,False,False,False,False,False,93072,936.379599294995,23268.0,357.96923076923076,0
3983,1622,Mobile,18497,4,2,Delhi,IND,,Y,2.6226638730273177,1,116,OFF20,Not Returned,WH2,Average,True,False,False,False,False,73988,304.2290092711689,14797.6,632.3760683760684,0
3464,1592,Mobile,88222,3,2,Mumbai,IND,,N,4.0098519407847135,2,166,SAVE10,Not Returned,WH2,Good,False,True,False,False,True,264666,665.6354221702625,66166.5,1584.8263473053892,0
48,1860,Dress,71283,3,1,Mumbai,IN,,N,4.054265071004956,0,290,SAVE10,Not Returned,WH2,Average,True,False,False,False,True,213849,1175.736870591437,53462.25,734.8762886597938,0
109,1056,Dress,94730,2,1,Mumbai,IND,,No,2.7407986041196795,0,185,SAVE10,Not Returned,WH2,Bad,False,True,False,False,False,189460,507.0477417621407,63153.333333333336,1018.6021505376344,0
4037,1956,Dress,307,1,0,Chennai,IND,,N,2.3903126193947544,2,413,SAVE10,Not Returned,WH2,Good,False,True,False,False,True,307,987.1991118100335,153.5,0.7415458937198067,0
1616,1640,Headphones,65068,2,1,Delhi,IN,,Y,4.244032693358756,1,488,SAVE10,Not Returned,WH3,Good,False,True,False,False,True,130136,2071.087954359073,43378.666666666664,266.1267893660532,0
1464,1414,Mobile,58734,4,1,Delhi,IND,,N,3.0609091499257888,0,362,SAVE10,Returned,WH1,Bad,False,False,True,False,True,234936,1108.0491122731355,46987.2,647.2066115702479,0
3403,1109,Laptop,93915,1,0,Delhi,India,,N,4.051633915440911,0,291,OFF20,Not Returned,WH3,Average,False,False,False,False,False,93915,1179.0254693933052,46957.5,321.6267123287671,0
4711,1064,Laptop,81105,2,1,Mumbai,India,,Y,4.271733007938986,0,242,YIrSES,Not Returned,WH3,Average,True,False,False,False,False,162210,1033.7593879212345,54070.0,667.5308641975308,0
3575,1806,Dress,99172,2,3,Mumbai,IND,,Y,2.3803201053695653,1,299,SAVE10,Returned,WH3,Good,False,True,True,False,False,198344,711.7157115055,66114.66666666667,661.1466666666666,0
1244,1545,Laptop,36793,1,3,Hyderabad,India,2023-04-05,Y,4.063267089513566,0,172,OFF20,Not Returned,WH3,Good,True,False,False,True,True,36793,698.8819393963333,18396.5,212.67630057803467,0
4807,1458,Laptop,44018,1,3,Delhi,India,2023-04-05,No,4.694333151831314,0,454,OFF20,Not Returned,WH3,Good,True,False,False,True,True,44018,2131.2272509314166,22009.0,96.74285714285715,0
280,1112,Dress,84365,3,3,Delhi,IND,,N,3.7251273094363593,0,68,SAVE10,Returned,WH2,Bad,True,False,True,False,True,253095,253.30865704167243,63273.75,3668.0434782608695,0
4044,1924,Dress,76118,1,0,Chennai,IN,,N,2.76601367459811,2,132,OFF20,Returned,WH2,Bad,False,True,False,False,False,76118,365.1138050469505,38059.0,572.3157894736842,0
15,1096,Dress,34668,4,0,Chennai,India,2023-04-05,N,4.2541855726093125,2,56,OFF20,Returned,WH2,Bad,False,True,True,False,False,138672,238.2343920661215,27734.4,2432.842105263158,0
1804,1205,Dress,87224,1,1,Hyderabad,India,,Y,4.47784462814869,2,58,YIrSES,Not Returned,WH1,Bad,True,False,False,False,True,87224,259.714988432624,43612.0,1478.3728813559321,0
2105,1393,Dress,34273,4,1,Hyderabad,India,,Y,3.520401442298956,2,228,OFF20,Not Returned,WH3,Bad,True,False,False,False,True,137092,802.6515288441619,27418.4,598.6550218340611,0
4371,1067,Mobile,36562,1,1,Delhi,IND,,Y,2.855080001244229,0,466,SAVE10,Not Returned,WH3,Bad,False,False,False,True,True,36562,1330.4672805798107,18281.0,78.29122055674519,0
1223,1551,Mobile,87892,4,3,Delhi,IN,2023-04-05,N,3.048994146243175,1,103,SAVE10,Not Returned,WH3,Average,False,True,False,False,False,351568,314.04639706304704,70313.6,3380.4615384615386,0
1272,1922,Shoes,17013,4,3,Mumbai,IND,2023-04-05,N,3.26903480829839,2,291,OFF20,Returned,WH2,Average,False,True,True,False,False,68052,951.2891292148315,13610.4,233.05479452054794,0
2805,1237,Shoes,54697,4,1,Mumbai,India,,Yes,2.748335409784663,0,177,YIrSES,Not Returned,WH2,Bad,True,False,False,True,False,218788,486.4553675318854,43757.6,1229.1460674157304,0
3093,1144,Shoes,99627,4,2,Hyderabad,India,,Y,2.612931756064928,1,375,SAVE10,Not Returned,WH3,Bad,True,False,False,True,False,398508,979.8494085243481,79701.6,1059.8617021276596,0
1426,1694,Shoes,77607,4,2,Hyderabad,India,,No,4.219285593361398,2,264,SAVE10,Not Returned,WH2,Bad,False,True,False,False,True,310428,1113.8913966474092,62085.6,1171.4264150943395,0
1493,1909,Laptop,12274,4,3,Mumbai,India,,No,4.229458609094316,1,111,SAVE10,Returned,WH2,Good,True,False,True,False,True,49096,469.46990560946904,9819.2,438.35714285714283,0
1192,1174,Mobile,78027,4,3,Hyderabad,IND,,No,3.5398622080486724,0,235,OFF20,Returned,WH1,Good,False,True,False,False,False,312108,831.867618891438,62421.6,1322.4915254237287,0
2072,1347,Shoes,2980,2,3,Delhi,IND,,Yes,4.629733579684138,0,107,YIrSES,Not Returned,WH2,Bad,True,False,True,False,False,5960,495.38149302620275,1986.6666666666667,55.18518518518518,0
4350,1916,Laptop,58375,4,3,Delhi,IND,,Y,1.1986984215713896,0,48,YIrSES,Not Returned,WH2,Bad,False,False,False,True,True,233500,57.5375242354267,46700.0,4765.306122448979,0
2765,1199,Dress,97981,2,3,Hyderabad,IND,,Yes,4.265404582833971,0,87,SAVE10,Not Returned,WH1,Good,False,False,False,False,True,195962,371.09019870655544,65320.666666666664,2226.840909090909,0
12,1569,Mobile,46623,1,2,Chennai,IN,2023-04-05,Y,2.875671375867523,0,428,YIrSES,Not Returned,WH1,Average,False,True,False,False,True,46623,1230.7873488712999,23311.5,108.67832167832168,0
2002,1124,Mobile,10330,4,2,Chennai,IND,2023-04-05,Yes,4.726018055266389,2,404,YIrSES,Returned,WH3,Good,False,True,False,False,False,41320,1909.311294327621,8264.0,102.0246913580247,0
3209,1219,Mobile,97403,2,2,Delhi,IND,2023-04-05,Yes,4.806415984581497,0,185,SAVE10,Not Returned,WH3,Average,True,False,True,False,False,194806,889.1869571475769,64935.333333333336,1047.3440860215053,0
3937,1859,Laptop,22886,1,1,Hyderabad,IN,2023-04-05,Yes,1.4865695516424997,1,280,SAVE10,Not Returned,WH3,Average,False,True,False,True,False,22886,416.2394744598999,11443.0,81.44483985765125,0
2009,1899,Laptop,85859,3,0,Delhi,IND,,No,3.4240637074077926,1,246,YIrSES,Returned,WH3,Good,False,False,False,True,True,257577,842.319672022317,64394.25,1042.8218623481782,0
3789,1221,Headphones,94885,1,0,Chennai,IND,,Yes,3.4401002809011305,0,61,OFF20,Returned,WH3,Bad,False,False,False,True,True,94885,209.84611713496895,47442.5,1530.4032258064517,0
3490,1472,Headphones,43010,4,2,Delhi,IND,,N,3.450019519294621,1,275,SAVE10,Returned,WH3,Average,False,False,True,False,True,172040,948.7553678060207,34408.0,623.3333333333334,0
4104,1286,Headphones,79855,1,1,Chennai,IND,,Y,3.607674852336999,0,408,YIrSES,Returned,WH3,Average,True,False,False,False,False,79855,1471.9313397534956,39927.5,195.24449877750612,0
1611,1471,Mobile,32912,3,3,Chennai,India,2023-04-05,Y,2.756998779905264,2,282,OFF20,Returned,WH1,Bad,False,False,False,True,False,98736,777.4736559332845,24684.0,348.8904593639576,0
3817,1171,Headphones,34425,2,3,Chennai,IN,2023-04-05,Y,4.235700056593258,2,346,OFF20,Returned,WH2,Bad,True,False,False,True,False,68850,1465.552219581267,22950.0,198.4149855907781,0
4045,1200,Laptop,94264,2,3,Hyderabad,IN,,Y,2.409539152168469,1,117,OFF20,Not Returned,WH1,Good,True,False,False,False,True,188528,281.9160808037109,62842.666666666664,1597.6949152542372,0
3372,1394,Dress,12920,2,1,Hyderabad,India,,N,4.869888700622629,0,235,OFF20,Not Returned,WH1,Good,False,False,False,False,True,25840,1144.4238446463178,8613.333333333334,109.49152542372882,0
4503,1581,Shoes,33462,2,0,Hyderabad,India,,N,4.659896592285439,0,264,OFF20,Not Returned,WH2,Average,False,True,False,False,False,66924,1230.212700363356,22308.0,252.5433962264151,0
3031,1396,Mobile,38127,3,1,Mumbai,India,,N,3.418590162962214,2,481,OFF20,Not Returned,WH2,Bad,False,True,False,False,True,114381,1644.341868384825,28595.25,237.30497925311204,0
1539,1671,Dress,83922,3,1,Mumbai,IND,,N,3.0926819579849525,2,222,OFF20,Not Returned,WH2,Good,True,False,False,False,True,251766,686.5753946726594,62941.5,1128.9955156950673,0
627,1720,Dress,16641,2,0,Mumbai,IND,,N,3.34554784540939,2,281,OFF20,Returned,WH2,Average,True,False,False,False,True,33282,940.0989445600386,11094.0,118.02127659574468,0
4035,1328,Headphones,92924,1,2,Mumbai,IND,2023-04-05,N,3.4565711855585093,2,29,YIrSES,Not Returned,WH2,Average,True,False,False,True,True,92924,100.24056438119678,46462.0,3097.4666666666667,0
4709,1394,Headphones,32030,3,0,Delhi,IND,,Y,3.200208321392461,2,102,SAVE10,Not Returned,WH1,Average,True,False,False,False,True,96090,326.421248782031,24022.5,932.9126213592233,0
4701,1337,Mobile,90158,4,3,Hyderabad,India,2023-04-05,N,3.086811303873138,0,483,SAVE10,Returned,WH2,Average,True,False,False,False,True,360632,1490.9298597707257,72126.4,745.1074380165289,0
1428,1500,Mobile,76341,3,0,Mumbai,India,,Yes,1.185958095786369,2,302,YIrSES,Returned,WH2,Average,True,False,False,False,False,229023,358.1593449274834,57255.75,755.8514851485148,0
2816,1349,Mobile,25043,2,2,Hyderabad,IND,2023-04-05,Yes,1.0462623376318656,1,211,YIrSES,Returned,WH3,Average,False,False,True,False,False,50086,220.76135324032364,16695.333333333332,236.25471698113208,0
809,1159,Dress,6030,2,3,Delhi,India,2023-04-05,Yes,3.6720685547466623,2,140,YIrSES,Not Returned,WH1,Average,False,True,False,True,False,12060,514.0895976645327,4020.0,85.53191489361703,0
2101,1241,Mobile,1517,1,0,Delhi,India,,Y,4.793110169172511,2,470,SAVE10,Not Returned,WH3,Good,False,False,True,False,False,1517,2252.76177951108,758.5,3.2208067940552016,0
999,1242,Mobile,20678,2,1,Delhi,IN,,No,3.116383539173308,1,227,YIrSES,Returned,WH2,Average,True,False,False,False,True,41356,707.419063392341,13785.333333333334,181.3859649122807,0
220,1759,Dress,66582,3,2,Mumbai,IN,2023-04-05,Y,2.1565520904803512,2,128,YIrSES,Returned,WH1,Bad,False,False,False,False,False,199746,276.03866758148496,49936.5,1548.4186046511627,0
4492,1860,Shoes,60127,3,2,Chennai,IND,,Y,3.1705576875797,2,431,OFF20,Not Returned,WH1,Good,False,True,False,True,False,180381,1366.5103633468507,45095.25,417.5486111111111,0
725,1801,Dress,99432,4,1,Chennai,IND,2023-04-05,Y,1.0364694344948822,2,395,OFF20,Not Returned,WH3,Good,False,False,False,False,False,397728,409.40542662547847,79545.6,1004.3636363636364,0
4666,1699,Dress,20056,2,2,Chennai,IN,,Yes,2.676028643529884,2,8,OFF20,Returned,WH1,Average,False,False,False,False,True,40112,21.408229148239073,13370.666666666666,4456.888888888889,0
2949,1250,Laptop,36214,1,2,Delhi,India,,N,3.7768490191426025,2,495,OFF20,Returned,WH2,Good,False,False,True,False,True,36214,1869.5402644755882,18107.0,73.01209677419355,0
798,1720,Laptop,70508,1,0,Hyderabad,IND,2023-04-05,N,2.6077033787392128,0,481,OFF20,Not Returned,WH3,Good,False,True,True,False,True,70508,1254.3053251735614,35254.0,146.28215767634856,0
1705,1878,Headphones,48046,4,2,Hyderabad,India,2023-04-05,N,1.6421792299133626,0,143,OFF20,Not Returned,WH2,Good,False,False,False,True,True,192184,234.83162987761085,38436.8,1334.611111111111,0
1188,1980,Mobile,82990,4,3,Mumbai,IN,2023-04-05,Yes,2.351798277367795,0,344,OFF20,Not Returned,WH3,Good,False,True,False,True,True,331960,809.0186074145215,66392.0,962.2028985507246,0
1292,1754,Shoes,45690,4,0,Chennai,IN,,Yes,3.059768480730502,2,333,OFF20,Not Returned,WH2,Average,True,False,False,False,True,182760,1018.9029040832572,36552.0,547.185628742515,0
1070,1195,Dress,93043,2,3,Chennai,India,,Y,4.488992728546273,2,256,OFF20,Not Returned,WH3,Bad,True,False,True,False,False,186086,1149.1821385078458,62028.666666666664,724.0700389105058,0
5,1988,Laptop,85413,3,0,Hyderabad,India,2023-04-05,No,1.6944607212205938,2,334,OFF20,Not Returned,WH3,Good,True,False,True,False,False,256239,565.9498808876783,64059.75,764.8925373134329,0
856,1470,Headphones,59842,3,2,Mumbai,India,,Y,1.0933068853841923,2,345,SAVE10,Not Returned,WH2,Average,True,False,True,False,False,179526,377.1908754575463,44881.5,518.8612716763006,0
421,1609,Laptop,37617,3,2,Chennai,IND,,No,4.471784375969429,2,297,SAVE10,Not Returned,WH1,Average,True,False,False,False,True,112851,1328.1199596629206,28212.75,378.69463087248323,0
336,1744,Headphones,98931,3,3,Chennai,IND,,No,1.6609593925099402,0,188,SAVE10,Not Returned,WH3,Bad,False,False,False,False,True,296793,312.26036579186876,74198.25,1570.3333333333333,0
1109,1548,Headphones,12791,1,3,Hyderabad,India,,No,2.478351182229173,0,247,SAVE10,Not Returned,WH1,Average,False,True,True,False,True,12791,612.1527420106057,6395.5,51.57661290322581,0
2363,1106,Laptop,88312,1,1,Hyderabad,IND,,N,3.0666823581240834,1,497,YIrSES,Returned,WH3,Average,False,False,False,False,True,88312,1524.1411319876695,44156.0,177.33333333333334,0
4412,1356,Laptop,41793,1,3,Hyderabad,IN,2023-04-05,N,2.4672967756570308,0,242,OFF20,Returned,WH2,Average,False,True,False,False,True,41793,597.0858197090015,20896.5,171.98765432098764,0
273,1432,Laptop,37649,1,2,Mumbai,India,,N,3.24804008145982,2,436,OFF20,Returned,WH2,Average,False,True,False,False,True,37649,1416.1454755164814,18824.5,86.1533180778032,0
3538,1834,Laptop,45491,4,2,Mumbai,India,,N,2.420243997085096,2,331,OFF20,Returned,WH3,Bad,True,False,True,False,True,181964,801.1007630351668,36392.8,548.0843373493976,0
1234,1920,Headphones,51963,2,1,Chennai,India,,Y,2.966808983418203,0,373,SAVE10,Returned,WH3,Bad,False,False,True,False,True,103926,1106.6197508149899,34642.0,277.8770053475936,0
4658,1303,Mobile,52758,3,1,Hyderabad,India,,Yes,2.6096627368085894,0,335,SAVE10,Returned,WH3,Bad,False,False,True,False,False,158274,874.2370168308775,39568.5,471.05357142857144,0
2129,1134,Shoes,13688,3,0,Hyderabad,IND,,Y,3.942696323754437,2,394,OFF20,Not Returned,WH3,Bad,True,False,True,False,True,41064,1553.422351559248,10266.0,103.95949367088608,0
4433,1689,Mobile,28791,3,2,Delhi,India,,Yes,4.023903438865524,2,420,SAVE10,Not Returned,WH1,Average,True,False,True,False,True,86373,1690.0394443235202,21593.25,205.16152019002377,0
2616,1670,Shoes,30836,2,0,Chennai,IND,,Y,1.0379281201566943,1,104,SAVE10,Not Returned,WH1,Average,True,False,False,True,False,61672,107.94452449629621,20557.333333333332,587.3523809523809,0
1200,1032,Shoes,21733,3,3,Delhi,IND,2023-04-05,Yes,4.202768128246387,1,171,SAVE10,Not Returned,WH3,Good,True,False,False,False,False,65199,718.6733499301321,16299.75,379.0639534883721,0
2802,1623,Laptop,57779,1,2,Delhi,IND,2023-04-05,Yes,2.88804769005224,2,10,YIrSES,Not Returned,WH2,Good,False,True,False,False,False,57779,28.8804769005224,28889.5,5252.636363636364,0
4486,1450,Mobile,57295,3,3,Chennai,IND,2023-04-05,N,4.363167960687402,2,141,YIrSES,Not Returned,WH3,Bad,False,False,False,True,False,171885,615.2066824569238,42971.25,1210.4577464788733,0
1181,1780,Headphones,16872,4,3,Chennai,IND,2023-04-05,Yes,2.7357467132119857,0,150,YIrSES,Not Returned,WH2,Average,False,False,False,False,False,67488,410.36200698179783,13497.6,446.94039735099335,0
4959,1088,Mobile,21069,2,3,Mumbai,IN,,Y,2.6571027439055133,2,125,YIrSES,Returned,WH1,Average,False,False,False,True,True,42138,332.13784298818916,14046.0,334.42857142857144,0
884,1283,Headphones,59916,1,3,Delhi,IN,2023-04-05,N,1.504282948521552,0,100,OFF20,Returned,WH1,Average,False,False,False,True,True,59916,150.4282948521552,29958.0,593.2277227722773,0
1254,1462,Mobile,55855,1,3,Delhi,IN,2023-04-05,Yes,1.8472715364730004,1,272,OFF20,Returned,WH1,Bad,False,False,False,False,True,55855,502.4578579206561,27927.5,204.5970695970696,0
4430,1513,Mobile,65614,3,0,Mumbai,India,,Yes,1.4538360239855872,1,154,OFF20,Returned,WH1,Good,False,False,True,False,True,196842,223.89074769378044,49210.5,1269.9483870967742,0
2392,1882,Headphones,12483,4,0,Mumbai,IND,,Y,2.300926914601232,1,254,YIrSES,Returned,WH3,Good,True,False,False,False,True,49932,584.435436308713,9986.4,195.81176470588235,0
475,1128,Headphones,77308,4,0,Chennai,IN,,N,3.8900803936575294,1,445,YIrSES,Returned,WH3,Bad,True,False,False,False,True,309232,1731.0857751776007,61846.4,693.3452914798206,0
657,1625,Dress,23827,3,0,Mumbai,IN,,Y,2.4058813703350705,1,275,OFF20,Not Returned,WH3,Bad,True,False,True,False,True,71481,661.6173768421444,17870.25,258.9891304347826,0
1124,1442,Shoes,53795,3,0,Hyderabad,IND,,Y,4.393820571569787,1,314,SAVE10,Returned,WH1,Average,False,False,True,False,False,161385,1379.659659472913,40346.25,512.3333333333334,0
4391,1781,Dress,68723,2,2,Delhi,IN,,Y,2.125825258465948,0,495,SAVE10,Returned,WH1,Good,False,False,True,False,True,137446,1052.2835029406442,45815.333333333336,277.10887096774195,0
452,1062,Dress,61433,3,1,Mumbai,IND,,Y,2.8701609993814734,1,341,SAVE10,Returned,WH1,Good,False,True,True,False,False,184299,978.7249007890824,46074.75,538.8859649122807,0
3262,1813,Dress,47056,2,0,Chennai,IND,,Y,4.418115332329098,2,319,YIrSES,Returned,WH1,Good,True,False,True,False,True,94112,1409.3787910129822,31370.666666666668,294.1,0
4705,1934,Dress,6759,2,0,Mumbai,IN,,N,3.687292005328543,2,71,YIrSES,Returned,WH3,Good,True,False,True,False,True,13518,261.79773237832654,4506.0,187.75,0
3920,1580,Headphones,94771,4,0,Hyderabad,IN,,No,3.508145845017568,0,496,YIrSES,Not Returned,WH2,Good,True,False,False,False,False,379084,1740.0403391287139,75816.8,762.7444668008048,0
2049,1907,Shoes,89940,2,2,Mumbai,India,,Yes,2.1942718902848606,0,167,OFF20,Not Returned,WH2,Average,False,True,False,False,False,179880,366.4434056775717,59960.0,1070.7142857142858,0
259,1442,Headphones,6194,1,3,Mumbai,India,,No,3.416914383420026,0,260,OFF20,Not Returned,WH1,Average,False,False,False,False,False,6194,888.3977396892068,3097.0,23.731800766283524,0
1145,1950,Shoes,53406,1,1,Mumbai,India,,N,2.050408799374472,1,309,SAVE10,Not Returned,WH2,Average,False,True,True,False,True,53406,633.5763190067119,26703.0,172.2774193548387,0
4695,1743,Headphones,5122,2,0,Hyderabad,India,2023-04-05,Y,1.217654453121852,1,429,SAVE10,Not Returned,WH3,Average,False,False,True,False,True,10244,522.3737603892745,3414.6666666666665,23.823255813953487,0
4761,1059,Laptop,73073,2,0,Hyderabad,India,2023-04-05,Yes,4.22689906937317,1,78,SAVE10,Not Returned,WH2,Bad,False,True,True,False,True,146146,329.69812741110724,48715.333333333336,1849.9493670886077,0
4294,1870,Headphones,36773,3,1,Hyderabad,India,2023-04-05,No,4.489920467136992,1,105,YIrSES,Returned,WH2,Bad,False,False,False,False,True,110319,471.4416490493841,27579.75,1040.745283018868,0
2231,1876,Dress,93223,1,2,Delhi,IND,,No,2.602456632080361,0,143,SAVE10,Returned,WH2,Bad,True,False,False,False,True,93223,372.15129838749164,46611.5,647.3819444444445,0
2575,1209,Headphones,52798,1,2,Mumbai,IND,,Y,4.709763248157702,1,356,OFF20,Returned,WH1,Average,False,False,True,False,True,52798,1676.6757163441418,26399.0,147.8935574229692,0
944,1942,Dress,92687,4,2,Hyderabad,IND,2023-04-05,Yes,3.120756712438982,1,325,SAVE10,Returned,WH2,Bad,True,False,True,False,False,370748,1014.2459315426692,74149.6,1137.2638036809815,0
981,1438,Dress,6693,4,0,Hyderabad,India,2023-04-05,Y,2.454322339185096,1,397,OFF20,Not Returned,WH1,Good,True,False,False,True,False,26772,974.3659686564831,5354.4,67.26633165829146,0
3122,1633,Laptop,64914,4,3,Mumbai,India,,No,1.7976285376252563,1,365,SAVE10,Not Returned,WH1,Average,False,False,False,False,False,259656,656.1344162332185,51931.2,709.4426229508197,0
3831,1119,Laptop,45208,2,3,Hyderabad,India,,No,4.838013734301845,1,112,SAVE10,Not Returned,WH2,Average,False,True,False,True,True,90416,541.8575382418067,30138.666666666668,800.141592920354,0
4514,1149,Shoes,81724,4,1,Mumbai,India,2023-04-05,N,4.6861805295541945,2,210,SAVE10,Not Returned,WH2,Average,False,True,False,True,True,326896,984.0979112063809,65379.2,1549.2701421800948,0
1369,1300,Shoes,32291,3,3,Hyderabad,IND,,Y,4.246609441980431,0,53,YIrSES,Not Returned,WH2,Average,False,True,False,False,True,96873,225.07030042496285,24218.25,1793.9444444444443,0
1750,1587,Dress,25941,1,3,Hyderabad,IND,,N,2.778866978604339,1,281,OFF20,Not Returned,WH3,Bad,False,False,False,False,True,25941,780.8616209878193,12970.5,91.98936170212765,0
4261,1923,Dress,57940,4,1,Delhi,IN,,No,1.7498395913047098,1,10,OFF20,Not Returned,WH1,Average,False,True,False,False,True,231760,17.498395913047098,46352.0,21069.090909090908,-1
3455,1243,Shoes,57500,2,1,Mumbai,IND,2023-04-05,No,4.25884885852717,2,487,SAVE10,Returned,WH2,Average,False,True,True,False,True,115000,2074.059394102732,38333.333333333336,235.65573770491804,0
3024,1858,Shoes,21397,1,1,Hyderabad,IN,,No,2.9000683502542595,2,499,SAVE10,Returned,WH2,Average,False,True,False,False,False,21397,1447.1341067768756,10698.5,42.794,0
1824,1801,Laptop,29117,4,1,Hyderabad,India,2023-04-05,No,2.1730041500658595,1,108,SAVE10,Returned,WH3,Average,False,True,False,False,False,116468,234.6844482071128,23293.6,1068.51376146789,0
2323,1246,Dress,13351,1,1,Delhi,IN,,No,4.199372039926931,1,298,OFF20,Not Returned,WH3,Average,False,False,True,False,False,13351,1251.4128678982256,6675.5,44.65217391304348,0
2046,1613,Mobile,89345,1,1,Mumbai,IND,,No,2.9766682012447268,1,18,YIrSES,Returned,WH2,Good,True,False,False,True,False,89345,53.58002762240508,44672.5,4702.368421052632,0
1051,1075,Mobile,40421,4,1,Mumbai,IND,,No,4.106935881706024,1,416,YIrSES,Returned,WH3,Bad,True,False,False,True,False,161684,1708.4853267897058,32336.8,387.7314148681055,0
1678,1264,Headphones,34103,2,3,Hyderabad,IND,,Y,3.457111654826679,0,210,SAVE10,Returned,WH1,Bad,False,True,True,False,True,68206,725.9934475136025,22735.333333333332,323.25118483412325,0
4023,1692,Headphones,91002,4,0,Mumbai,IN,,No,4.550718941655658,1,106,YIrSES,Not Returned,WH2,Bad,True,False,True,False,True,364008,482.37620781549975,72801.6,3401.9439252336447,0
3261,1794,Dress,58663,3,2,Mumbai,India,,Y,3.8546497986588295,1,234,OFF20,Not Returned,WH2,Bad,True,False,False,False,True,175989,901.9880528861661,43997.25,748.8893617021276,0
2817,1872,Shoes,65987,3,2,Chennai,IND,2023-04-05,Yes,1.6862117334537707,1,480,YIrSES,Returned,WH2,Average,True,False,False,False,True,197961,809.38163205781,49490.25,411.5613305613306,0
691,1413,Dress,5420,4,2,Delhi,IND,2023-04-05,N,3.892247440876419,1,405,YIrSES,Not Returned,WH1,Average,False,True,False,False,True,21680,1576.3602135549497,4336.0,53.399014778325125,0
2208,1876,Laptop,98703,1,1,Chennai,India,,No,3.1698949400622496,2,381,SAVE10,Returned,WH2,Good,False,False,True,False,True,98703,1207.729972163717,49351.5,258.3848167539267,0
3359,1225,Shoes,96375,2,3,Hyderabad,IN,,No,4.564011182366389,1,269,SAVE10,Returned,WH1,Good,True,False,False,True,True,192750,1227.7190080565588,64250.0,713.8888888888889,0
2397,1533,Laptop,27033,3,3,Chennai,IND,2023-04-05,No,1.15032307891247,1,454,YIrSES,Not Returned,WH1,Good,True,False,False,True,True,81099,522.2466778262615,20274.75,178.23956043956045,0
4962,1963,Laptop,67341,1,0,Mumbai,India,2023-04-05,N,1.518821596720917,2,441,OFF20,Not Returned,WH2,Good,True,False,True,False,True,67341,669.8003241539244,33670.5,152.3552036199095,0
1825,1121,Mobile,35171,4,3,Chennai,IN,,Y,1.3202580020357653,0,255,YIrSES,Returned,WH3,Average,False,True,False,True,True,140684,336.66579051912015,28136.8,549.546875,0
869,1115,Headphones,89441,3,2,Chennai,India,,Y,2.2908837595697378,0,470,YIrSES,Not Returned,WH3,Good,False,True,False,False,True,268323,1076.7153669977768,67080.75,569.687898089172,0
537,1888,Laptop,10386,3,3,Delhi,India,2023-04-05,N,4.564984682469078,0,140,OFF20,Returned,WH3,Average,False,True,False,False,True,31158,639.0978555456709,7789.5,220.9787234042553,0
1230,1052,Dress,43254,3,3,Delhi,India,2023-04-05,Y,4.80715754962995,0,112,YIrSES,Returned,WH3,Average,False,True,True,False,True,129762,538.4016455585544,32440.5,1148.3362831858408,0
149,1645,Shoes,65664,4,0,Hyderabad,IN,,Y,2.104432017469283,1,376,YIrSES,Returned,WH3,Bad,False,False,True,False,True,262656,791.2664385684504,52531.2,696.7002652519894,0
4198,1979,Headphones,3059,2,0,Hyderabad,India,,Yes,2.336058317275734,1,492,OFF20,Returned,WH2,Bad,False,False,True,False,True,6118,1149.3406920996613,2039.3333333333333,12.40973630831643,0
4997,1349,Shoes,40314,3,2,Chennai,IND,,N,2.1391938667232573,1,256,OFF20,Returned,WH2,Good,False,False,False,False,True,120942,547.6336298811539,30235.5,470.591439688716,0
1239,1930,Laptop,64315,3,0,Delhi,India,,N,4.228984090256576,1,495,YIrSES,Returned,WH1,Good,False,False,True,False,True,192945,2093.347124677005,48236.25,389.00201612903226,0
4861,1042,Shoes,520,4,3,Hyderabad,India,,Y,1.1137083278845892,1,189,OFF20,Not Returned,WH3,Average,False,True,False,True,True,2080,210.49087397018735,416.0,10.947368421052632,0
4914,1106,Shoes,61746,1,2,Hyderabad,IND,2023-04-05,No,3.692331615775298,0,141,OFF20,Returned,WH1,Average,False,True,False,True,True,61746,520.6187578243171,30873.0,434.83098591549293,0
4718,1488,Shoes,75097,1,2,Hyderabad,India,,Y,2.7679104980269265,1,68,OFF20,Not Returned,WH1,Good,False,True,False,False,False,75097,188.217913865831,37548.5,1088.3623188405797,0
3760,1534,Dress,34159,2,1,Hyderabad,IN,,N,2.584871177301576,0,161,OFF20,Returned,WH1,Bad,False,True,True,False,False,68318,416.1642595455537,22772.666666666668,421.71604938271605,0
352,1759,Laptop,87831,2,1,Mumbai,India,,Y,4.5746976233949415,0,388,OFF20,Not Returned,WH1,Bad,True,False,False,True,False,175662,1774.9826778772374,58554.0,451.573264781491,0
3168,1232,Headphones,50742,3,0,Delhi,IND,,N,4.7902399181990525,0,161,OFF20,Not Returned,WH2,Bad,True,False,False,True,False,152226,771.2286268300475,38056.5,939.6666666666666,0
4818,1524,Headphones,27275,4,1,Delhi,India,,N,2.1473510630765182,1,129,OFF20,Not Returned,WH2,Good,False,False,False,True,False,109100,277.0082871368709,21820.0,839.2307692307693,0
3999,1404,Dress,97109,2,3,Chennai,IN,,Yes,3.592036640321582,1,334,SAVE10,Returned,WH1,Bad,True,False,False,True,False,194218,1199.7402378674085,64739.333333333336,579.755223880597,0
3392,1659,Dress,57083,1,0,Delhi,India,2023-04-05,Yes,3.8699623992718135,1,411,OFF20,Not Returned,WH3,Bad,False,False,False,True,True,57083,1590.5545461007152,28541.5,138.5509708737864,0
543,1113,Shoes,24056,4,1,Delhi,India,2023-04-05,Yes,4.457748110703363,1,174,YIrSES,Not Returned,WH3,Bad,False,False,False,False,True,96224,775.6481712623852,19244.8,549.8514285714285,0
4560,1210,Shoes,58992,1,1,Delhi,IND,2023-04-05,N,4.263019396857166,2,381,YIrSES,Not Returned,WH3,Average,True,False,True,False,True,58992,1624.2103902025801,29496.0,154.42931937172776,0
1189,1810,Dress,17318,1,1,Delhi,IN,,Y,1.3091130400927695,2,459,YIrSES,Returned,WH3,Bad,False,True,False,True,True,17318,600.8828854025812,8659.0,37.64782608695652,0
3646,1757,Headphones,95953,1,1,Hyderabad,IN,,Yes,2.742327181701758,1,10,SAVE10,Not Returned,WH3,Average,False,True,False,True,True,95953,27.42327181701758,47976.5,8723.0,0
2393,1481,Headphones,76759,4,1,Delhi,IN,2023-04-05,N,3.9477321243222674,1,271,YIrSES,Not Returned,WH3,Average,True,False,False,True,True,307036,1069.8354056913345,61407.2,1128.8088235294117,0
400,1803,Headphones,89182,3,1,Delhi,IN,,Y,3.2268616278391,0,465,YIrSES,Returned,WH2,Average,True,False,False,True,True,267546,1500.4906569451814,66886.5,574.1330472103004,0
2604,1264,Headphones,92377,2,3,Delhi,India,,No,4.703476672053206,0,376,YIrSES,Returned,WH1,Good,False,False,False,True,False,184754,1768.5072286920056,61584.666666666664,490.0636604774536,0
4954,1856,Headphones,145,3,3,Delhi,IN,,No,3.1082073116524453,0,171,OFF20,Returned,WH1,Average,False,False,True,False,False,435,531.5034502925681,108.75,2.5290697674418605,0
1908,1457,Headphones,8447,2,2,Delhi,IND,2023-04-05,No,4.041028709431181,0,129,OFF20,Not Returned,WH2,Average,False,False,False,True,False,16894,521.2927035166224,5631.333333333333,129.95384615384614,0
1891,1644,Headphones,88201,4,0,Chennai,IN,,No,2.692884162685384,0,200,OFF20,Returned,WH2,Bad,False,False,True,False,True,352804,538.5768325370768,70560.8,1755.2437810945273,0
1329,1399,Headphones,51641,3,0,Delhi,IND,,N,4.798660296770558,1,91,OFF20,Not Returned,WH1,Average,True,False,False,False,False,154923,436.6780870061208,38730.75,1683.945652173913,0
4855,1795,Shoes,52292,1,1,Delhi,IND,,Yes,4.269103849468671,2,185,OFF20,Returned,WH3,Average,True,False,False,False,True,52292,789.7842121517041,26146.0,281.13978494623655,0
1314,1577,Shoes,90406,3,0,Delhi,IND,,Yes,2.405743307259834,1,400,OFF20,Returned,WH1,Good,True,False,False,False,True,271218,962.2973229039337,67804.5,676.354114713217,0
822,1535,Dress,54100,1,0,Delhi,IND,,Yes,2.4746923147635718,2,77,YIrSES,Returned,WH3,Good,False,True,False,False,True,54100,190.55130823679502,27050.0,693.5897435897435,0
2042,1019,Shoes,17600,4,0,Hyderabad,IN,,N,4.314276189640482,2,189,OFF20,Returned,WH3,Good,False,True,False,False,True,70400,815.3981998420512,14080.0,370.5263157894737,0
112,1342,Laptop,58753,4,3,Delhi,IN,2023-04-05,No,2.529073231043643,0,472,YIrSES,Returned,WH3,Good,False,True,False,False,True,235012,1193.7225650525993,47002.4,496.8541226215645,0
2346,1885,Shoes,67659,2,0,Hyderabad,IN,,No,3.423558107472642,0,45,YIrSES,Returned,WH3,Good,False,False,False,False,True,135318,154.0601148362689,45106.0,2941.695652173913,0
4296,1978,Laptop,95779,1,0,Chennai,IND,,N,1.8228461037258583,2,30,YIrSES,Not Returned,WH1,Bad,False,False,True,False,False,95779,54.68538311177575,47889.5,3089.6451612903224,0
2937,1690,Shoes,48961,3,0,Delhi,IND,,N,3.314908908013497,2,118,SAVE10,Returned,WH2,Bad,True,False,True,False,False,146883,391.15925114559263,36720.75,1234.310924369748,0
1337,1656,Shoes,3615,4,3,Chennai,IN,,Yes,2.195109231297698,0,393,SAVE10,Returned,WH2,Good,False,True,True,False,True,14460,862.6779278999952,2892.0,36.7005076142132,0
4248,1875,Shoes,96727,2,2,Hyderabad,IND,,No,3.3024406329568867,2,354,YIrSES,Returned,WH2,Good,False,True,True,False,False,193454,1169.063984066738,64484.666666666664,544.9408450704225,0
3077,1918,Laptop,3021,3,2,Hyderabad,IND,,No,4.010498885365565,0,214,SAVE10,Returned,WH2,Good,False,True,True,False,False,9063,858.2467614682309,2265.75,42.15348837209302,0
2773,1107,Laptop,67578,4,2,Delhi,IN,,Y,3.881104760232693,0,349,SAVE10,Not Returned,WH2,Average,False,True,True,False,False,270312,1354.5055613212098,54062.4,772.32,0
3818,1548,Mobile,19868,4,2,Delhi,IN,,Yes,4.768528992104811,1,41,SAVE10,Returned,WH2,Average,False,True,False,True,False,79472,195.50968867629723,15894.4,1892.1904761904761,0
3892,1950,Mobile,26341,4,0,Hyderabad,India,,Yes,4.770324416666199,1,211,OFF20,Returned,WH3,Bad,True,False,False,False,False,105364,1006.538451916568,21072.8,497.0,0
1477,1292,Headphones,13227,3,0,Chennai,IND,,Y,1.347113710923277,0,438,SAVE10,Not Returned,WH3,Average,False,True,False,False,False,39681,590.0358053843953,9920.25,90.38952164009112,0
1545,1187,Mobile,65767,2,3,Hyderabad,India,2023-04-05,Yes,4.271463059826907,0,439,YIrSES,Not Returned,WH3,Bad,False,True,True,False,False,131534,1875.172283264012,43844.666666666664,298.9409090909091,0
2832,1092,Dress,8588,1,2,Delhi,IND,,N,1.2055581944668674,0,391,YIrSES,Returned,WH3,Bad,False,False,True,False,False,8588,471.3732540365452,4294.0,21.908163265306122,0
473,1865,Dress,63478,3,0,Delhi,IN,2023-04-05,No,4.109188821980522,0,143,OFF20,Not Returned,WH1,Average,False,False,False,True,False,190434,587.6140015432147,47608.5,1322.4583333333333,0
3731,1399,Dress,92062,3,1,Delhi,IN,,No,4.273284587638978,1,392,SAVE10,Returned,WH3,Good,True,False,False,True,False,276186,1675.1275583544793,69046.5,702.763358778626,0
462,1442,Dress,21888,4,1,Delhi,IN,,No,4.697657530082559,1,485,YIrSES,Returned,WH3,Bad,True,False,False,False,False,87552,2278.363902090041,17510.4,180.14814814814815,0
1257,1629,Headphones,33145,2,2,Hyderabad,IND,2023-04-05,Y,3.1824072537278107,1,204,YIrSES,Not Returned,WH3,Average,False,True,True,False,False,66290,649.2110797604734,22096.666666666668,323.3658536585366,0
1814,1826,Mobile,4617,1,2,Hyderabad,IND,,Y,1.8694892240668164,0,307,SAVE10,Returned,WH1,Average,False,False,True,False,False,4617,573.9331917885127,2308.5,14.99025974025974,0
2697,1711,Headphones,59747,1,2,Mumbai,IND,,N,3.386033421886047,0,378,YIrSES,Returned,WH1,Bad,False,False,True,False,True,59747,1279.9206334729256,29873.5,157.6437994722955,0
555,1020,Headphones,65536,1,0,Delhi,IND,,N,2.354943441355505,2,172,SAVE10,Returned,WH1,Good,False,False,True,False,False,65536,405.05027191314684,32768.0,378.8208092485549,0
1341,1482,Headphones,50642,1,1,Chennai,IND,,No,4.970800395841676,0,331,YIrSES,Returned,WH2,Good,False,True,True,False,False,50642,1645.334931023595,25321.0,152.53614457831324,0
3970,1441,Headphones,48421,2,1,Hyderabad,India,,No,2.6795452735323035,0,475,SAVE10,Not Returned,WH2,Average,False,False,True,False,True,96842,1272.784004927844,32280.666666666668,203.44957983193277,0
2619,1722,Dress,78516,2,0,Mumbai,India,,No,4.691937069554716,1,143,SAVE10,Not Returned,WH1,Bad,True,False,False,True,False,157032,670.9470009463244,52344.0,1090.5,0
1648,1729,Dress,49938,2,0,Delhi,India,,Yes,2.4770382447549366,1,315,SAVE10,Returned,WH3,Bad,True,False,False,False,False,99876,780.2670470978051,33292.0,316.0632911392405,0
2184,1171,Shoes,63394,3,0,Mumbai,IND,,Yes,1.8568211295817671,0,259,OFF20,Returned,WH2,Bad,True,False,False,False,True,190182,480.9166725616777,47545.5,731.4692307692308,0
1511,1913,Shoes,98986,1,1,Mumbai,IND,,N,2.998201891011375,0,487,OFF20,Returned,WH1,Average,False,False,True,False,True,98986,1460.1243209225395,49493.0,202.84016393442624,0
4312,1618,Shoes,55382,1,3,Hyderabad,IND,,N,3.630052265516846,0,494,SAVE10,Returned,WH1,Average,True,False,True,False,True,55382,1793.2458191653218,27691.0,111.88282828282829,0
994,1077,Dress,61397,1,0,Hyderabad,India,,No,1.329997922237447,0,331,SAVE10,Returned,WH1,Bad,True,False,False,False,True,61397,440.22931226059495,30698.5,184.93072289156626,0
3386,1005,Headphones,76255,1,3,Hyderabad,IN,,Y,1.833939374066352,0,11,OFF20,Not Returned,WH2,Good,False,True,True,False,False,76255,20.17333311472987,38127.5,6354.583333333333,0
2398,1397,Dress,86540,3,2,Chennai,IND,,Y,4.76291277303042,1,189,OFF20,Not Returned,WH3,Bad,False,True,True,False,False,259620,900.1905141027494,64905.0,1366.421052631579,0
1241,1567,Dress,55309,2,2,Chennai,IN,,Y,1.37072337635788,1,150,YIrSES,Not Returned,WH1,Bad,False,False,True,False,True,110618,205.60850645368203,36872.666666666664,732.5695364238411,0
2127,1195,Laptop,78497,4,2,Mumbai,IN,2023-04-05,Y,4.225468764016032,0,342,YIrSES,Not Returned,WH3,Bad,False,True,False,True,False,313988,1445.110317293483,62797.6,915.4169096209913,0
4115,1889,Mobile,9901,3,2,Delhi,IND,,Yes,4.516136919433423,0,349,OFF20,Not Returned,WH2,Good,False,True,False,True,False,29703,1576.1317848822646,7425.75,84.86571428571429,0
4069,1705,Headphones,39540,4,0,Delhi,India,,N,4.591248917930296,2,145,OFF20,Returned,WH1,Good,False,True,False,False,False,158160,665.731093099893,31632.0,1083.2876712328766,0
1734,1106,Headphones,2002,2,0,Chennai,IN,,Yes,3.613951417100434,1,63,OFF20,Not Returned,WH1,Bad,False,True,False,False,False,4004,227.67893927732734,1334.6666666666667,62.5625,0
1147,1825,Shoes,93942,2,0,Delhi,India,,No,3.8994907994591146,2,304,OFF20,Returned,WH2,Good,True,False,False,False,False,187884,1185.4452030355708,62628.0,616.0131147540984,0
3150,1510,Shoes,44381,4,0,Delhi,India,,No,1.6246591352886934,2,249,YIrSES,Returned,WH2,Bad,False,False,False,False,False,177524,404.54012468688467,35504.8,710.096,0
2930,1410,Shoes,99507,4,1,Hyderabad,IN,,Y,1.0362239820992651,1,54,OFF20,Not Returned,WH1,Good,False,True,False,False,False,398028,55.95609503336032,79605.6,7236.872727272727,0
4889,1473,Shoes,62859,3,3,Mumbai,IN,,Y,4.272613144347341,2,354,OFF20,Returned,WH1,Bad,True,False,False,True,False,188577,1512.5050530989588,47144.25,531.2028169014085,0
2735,1965,Laptop,41583,3,0,Chennai,IN,,Yes,1.0980148768501357,2,124,YIrSES,Not Returned,WH2,Bad,False,False,True,False,False,124749,136.15384472941682,31187.25,997.992,0